track,case_id,method,source_case_summary,mesh_path,structure_path,diagnostics_path,reference_case_dir,reference_mesh,reference_available,brick_count,largest_cc_ratio,floating_ratio,low_interlock_ratio,emd,cd,isolated_ratio,floating_count,low_interlock_count,node_count,geom_error,valid_for_graph_metrics,valid_for_geom_metrics,diag_summary_present
ablation,adult_beds_0003,ours_base,/home/tdc/img2build_pipeline/comparison_output/qualitative_pack_100cases_20260417/ablation/adult_beds_0003/summary.json,/home/tdc/img2build_pipeline/comparison_output/qualitative_pack_100cases_20260417/ablation/adult_beds_0003/ours_base_mesh.glb,/home/tdc/img2build_pipeline/comparison_output/qualitative_pack_100cases_20260417/ablation/adult_beds_0003/ours_base_structure.json,/home/tdc/img2build_pipeline/comparison_output/qualitative_pack_100cases_20260417/ablation/adult_beds_0003/ours_base_diagnostics.json,/home/tdc/img2build_pipeline/output/lego_style_dataset_v1/samples/adult_beds_0003_s00_rotate_x,/home/tdc/img2build_pipeline/output/lego_style_dataset_v1/samples/adult_beds_0003_s00_rotate_x/target_mesh.glb,True,187,0.9946524064171123,0.016042780748663103,0.12299465240641712,0.31119793098803666,0.09488170601774795,0.0053475935828877,3,23,187,,True,True,True
ablation,adult_beds_0003,ours_ft,/home/tdc/img2build_pipeline/comparison_output/qualitative_pack_100cases_20260417/ablation/adult_beds_0003/summary.json,/home/tdc/img2build_pipeline/comparison_output/qualitative_pack_100cases_20260417/ablation/adult_beds_0003/ours_ft_mesh.glb,/home/tdc/img2build_pipeline/comparison_output/qualitative_pack_100cases_20260417/ablation/adult_beds_0003/ours_ft_structure.json,/home/tdc/img2build_pipeline/comparison_output/qualitative_pack_100cases_20260417/ablation/adult_beds_0003/ours_ft_diagnostics.json,/home/tdc/img2build_pipeline/output/lego_style_dataset_v1/samples/adult_beds_0003_s00_rotate_x,/home/tdc/img2build_pipeline/output/lego_style_dataset_v1/samples/adult_beds_0003_s00_rotate_x/target_mesh.glb,True,144,1.0,0.04861111111111111,0.2152777777777778,0.2984961034252427,0.08493846737476718,0.0,7,31,144,,True,True,True
ablation,adult_beds_0003,ours_full,/home/tdc/img2build_pipeline/comparison_output/qualitative_pack_100cases_20260417/ablation/adult_beds_0003/summary.json,/home/tdc/img2build_pipeline/comparison_output/qualitative_pack_100cases_20260417/ablation/adult_beds_0003/ours_full_mesh.glb,/home/tdc/img2build_pipeline/comparison_output/qualitative_pack_100cases_20260417/ablation/adult_beds_0003/ours_full_structure.json,/home/tdc/img2build_pipeline/comparison_output/qualitative_pack_100cases_20260417/ablation/adult_beds_0003/ours_full_diagnostics.json,/home/tdc/img2build_pipeline/output/lego_style_dataset_v1/samples/adult_beds_0003_s00_rotate_x,/home/tdc/img2build_pipeline/output/lego_style_dataset_v1/samples/adult_beds_0003_s00_rotate_x/target_mesh.glb,True,147,1.0,0.013605442176870748,0.17687074829931973,0.29056278389436807,0.08507220642620221,0.0,2,26,147,,True,True,True
ablation,adult_beds_0006,ours_base,/home/tdc/img2build_pipeline/comparison_output/qualitative_pack_100cases_20260417/ablation/adult_beds_0006/summary.json,/home/tdc/img2build_pipeline/comparison_output/qualitative_pack_100cases_20260417/ablation/adult_beds_0006/ours_base_mesh.glb,/home/tdc/img2build_pipeline/comparison_output/qualitative_pack_100cases_20260417/ablation/adult_beds_0006/ours_base_structure.json,/home/tdc/img2build_pipeline/comparison_output/qualitative_pack_100cases_20260417/ablation/adult_beds_0006/ours_base_diagnostics.json,/home/tdc/img2build_pipeline/output/lego_style_dataset_v1/samples/adult_beds_0006_s00_rotate_x,/home/tdc/img2build_pipeline/output/lego_style_dataset_v1/samples/adult_beds_0006_s00_rotate_x/target_mesh.glb,True,157,1.0,0.006369426751592357,0.18471337579617833,0.30406011400884614,0.07832317405472058,0.0,1,29,157,,True,True,True
ablation,adult_beds_0006,ours_ft,/home/tdc/img2build_pipeline/comparison_output/qualitative_pack_100cases_20260417/ablation/adult_beds_0006/summary.json,/home/tdc/img2build_pipeline/comparison_output/qualitative_pack_100cases_20260417/ablation/adult_beds_0006/ours_ft_mesh.glb,/home/tdc/img2build_pipeline/comparison_output/qualitative_pack_100cases_20260417/ablation/adult_beds_0006/ours_ft_structure.json,/home/tdc/img2build_pipeline/comparison_output/qualitative_pack_100cases_20260417/ablation/adult_beds_0006/ours_ft_diagnostics.json,/home/tdc/img2build_pipeline/output/lego_style_dataset_v1/samples/adult_beds_0006_s00_rotate_x,/home/tdc/img2build_pipeline/output/lego_style_dataset_v1/samples/adult_beds_0006_s00_rotate_x/target_mesh.glb,True,162,1.0,0.018518518518518517,0.09876543209876543,0.31392899193973467,0.0755257869907381,0.0,3,16,162,,True,True,True
ablation,adult_beds_0006,ours_full,/home/tdc/img2build_pipeline/comparison_output/qualitative_pack_100cases_20260417/ablation/adult_beds_0006/summary.json,/home/tdc/img2build_pipeline/comparison_output/qualitative_pack_100cases_20260417/ablation/adult_beds_0006/ours_full_mesh.glb,/home/tdc/img2build_pipeline/comparison_output/qualitative_pack_100cases_20260417/ablation/adult_beds_0006/ours_full_structure.json,/home/tdc/img2build_pipeline/comparison_output/qualitative_pack_100cases_20260417/ablation/adult_beds_0006/ours_full_diagnostics.json,/home/tdc/img2build_pipeline/output/lego_style_dataset_v1/samples/adult_beds_0006_s00_rotate_x,/home/tdc/img2build_pipeline/output/lego_style_dataset_v1/samples/adult_beds_0006_s00_rotate_x/target_mesh.glb,True,155,1.0,0.0,0.1032258064516129,0.3019854279100545,0.07519672506251879,0.0,0,16,155,,True,True,True
ablation,adult_beds_0010,ours_base,/home/tdc/img2build_pipeline/comparison_output/qualitative_pack_100cases_20260417/ablation/adult_beds_0010/summary.json,/home/tdc/img2build_pipeline/comparison_output/qualitative_pack_100cases_20260417/ablation/adult_beds_0010/ours_base_mesh.glb,/home/tdc/img2build_pipeline/comparison_output/qualitative_pack_100cases_20260417/ablation/adult_beds_0010/ours_base_structure.json,/home/tdc/img2build_pipeline/comparison_output/qualitative_pack_100cases_20260417/ablation/adult_beds_0010/ours_base_diagnostics.json,/home/tdc/img2build_pipeline/output/lego_style_dataset_v1/samples/adult_beds_0010_s00_rotate_x,/home/tdc/img2build_pipeline/output/lego_style_dataset_v1/samples/adult_beds_0010_s00_rotate_x/target_mesh.glb,True,179,1.0,0.0,0.13966480446927373,0.31083471226432136,0.09101851242092265,0.0,0,25,179,,True,True,True
ablation,adult_beds_0010,ours_ft,/home/tdc/img2build_pipeline/comparison_output/qualitative_pack_100cases_20260417/ablation/adult_beds_0010/summary.json,/home/tdc/img2build_pipeline/comparison_output/qualitative_pack_100cases_20260417/ablation/adult_beds_0010/ours_ft_mesh.glb,/home/tdc/img2build_pipeline/comparison_output/qualitative_pack_100cases_20260417/ablation/adult_beds_0010/ours_ft_structure.json,/home/tdc/img2build_pipeline/comparison_output/qualitative_pack_100cases_20260417/ablation/adult_beds_0010/ours_ft_diagnostics.json,/home/tdc/img2build_pipeline/output/lego_style_dataset_v1/samples/adult_beds_0010_s00_rotate_x,/home/tdc/img2build_pipeline/output/lego_style_dataset_v1/samples/adult_beds_0010_s00_rotate_x/target_mesh.glb,True,106,1.0,0.0,0.14150943396226415,0.2970828025826511,0.0726820586424153,0.0,0,15,106,,True,True,True
ablation,adult_beds_0010,ours_full,/home/tdc/img2build_pipeline/comparison_output/qualitative_pack_100cases_20260417/ablation/adult_beds_0010/summary.json,/home/tdc/img2build_pipeline/comparison_output/qualitative_pack_100cases_20260417/ablation/adult_beds_0010/ours_full_mesh.glb,/home/tdc/img2build_pipeline/comparison_output/qualitative_pack_100cases_20260417/ablation/adult_beds_0010/ours_full_structure.json,/home/tdc/img2build_pipeline/comparison_output/qualitative_pack_100cases_20260417/ablation/adult_beds_0010/ours_full_diagnostics.json,/home/tdc/img2build_pipeline/output/lego_style_dataset_v1/samples/adult_beds_0010_s00_rotate_x,/home/tdc/img2build_pipeline/output/lego_style_dataset_v1/samples/adult_beds_0010_s00_rotate_x/target_mesh.glb,True,105,1.0,0.0,0.17142857142857143,0.30228053548640066,0.07307411860470625,0.0,0,18,105,,True,True,True
ablation,adult_beds_0025,ours_base,/home/tdc/img2build_pipeline/comparison_output/qualitative_pack_100cases_20260417/ablation/adult_beds_0025/summary.json,/home/tdc/img2build_pipeline/comparison_output/qualitative_pack_100cases_20260417/ablation/adult_beds_0025/ours_base_mesh.glb,/home/tdc/img2build_pipeline/comparison_output/qualitative_pack_100cases_20260417/ablation/adult_beds_0025/ours_base_structure.json,/home/tdc/img2build_pipeline/comparison_output/qualitative_pack_100cases_20260417/ablation/adult_beds_0025/ours_base_diagnostics.json,/home/tdc/img2build_pipeline/output/lego_style_dataset_v1/samples/adult_beds_0025_s00_rotate_x,/home/tdc/img2build_pipeline/output/lego_style_dataset_v1/samples/adult_beds_0025_s00_rotate_x/target_mesh.glb,True,185,1.0,0.0,0.12432432432432433,0.41735325934673356,0.1443895604166586,0.0,0,23,185,,True,True,True
ablation,adult_beds_0025,ours_ft,/home/tdc/img2build_pipeline/comparison_output/qualitative_pack_100cases_20260417/ablation/adult_beds_0025/summary.json,/home/tdc/img2build_pipeline/comparison_output/qualitative_pack_100cases_20260417/ablation/adult_beds_0025/ours_ft_mesh.glb,/home/tdc/img2build_pipeline/comparison_output/qualitative_pack_100cases_20260417/ablation/adult_beds_0025/ours_ft_structure.json,/home/tdc/img2build_pipeline/comparison_output/qualitative_pack_100cases_20260417/ablation/adult_beds_0025/ours_ft_diagnostics.json,/home/tdc/img2build_pipeline/output/lego_style_dataset_v1/samples/adult_beds_0025_s00_rotate_x,/home/tdc/img2build_pipeline/output/lego_style_dataset_v1/samples/adult_beds_0025_s00_rotate_x/target_mesh.glb,True,297,1.0,0.016835016835016835,0.13804713804713806,0.4573965181756351,0.15831624969609728,0.0,5,41,297,,True,True,True
ablation,adult_beds_0025,ours_full,/home/tdc/img2build_pipeline/comparison_output/qualitative_pack_100cases_20260417/ablation/adult_beds_0025/summary.json,/home/tdc/img2build_pipeline/comparison_output/qualitative_pack_100cases_20260417/ablation/adult_beds_0025/ours_full_mesh.glb,/home/tdc/img2build_pipeline/comparison_output/qualitative_pack_100cases_20260417/ablation/adult_beds_0025/ours_full_structure.json,/home/tdc/img2build_pipeline/comparison_output/qualitative_pack_100cases_20260417/ablation/adult_beds_0025/ours_full_diagnostics.json,/home/tdc/img2build_pipeline/output/lego_style_dataset_v1/samples/adult_beds_0025_s00_rotate_x,/home/tdc/img2build_pipeline/output/lego_style_dataset_v1/samples/adult_beds_0025_s00_rotate_x/target_mesh.glb,True,280,1.0,0.014285714285714285,0.1392857142857143,0.45789510748589013,0.1576708715134253,0.0,4,39,280,,True,True,True
ablation,adult_beds_0041,ours_base,/home/tdc/img2build_pipeline/comparison_output/qualitative_pack_100cases_20260417/ablation/adult_beds_0041/summary.json,/home/tdc/img2build_pipeline/comparison_output/qualitative_pack_100cases_20260417/ablation/adult_beds_0041/ours_base_mesh.glb,/home/tdc/img2build_pipeline/comparison_output/qualitative_pack_100cases_20260417/ablation/adult_beds_0041/ours_base_structure.json,/home/tdc/img2build_pipeline/comparison_output/qualitative_pack_100cases_20260417/ablation/adult_beds_0041/ours_base_diagnostics.json,/home/tdc/img2build_pipeline/output/lego_style_dataset_v1/samples/adult_beds_0041_s00_rotate_x,/home/tdc/img2build_pipeline/output/lego_style_dataset_v1/samples/adult_beds_0041_s00_rotate_x/target_mesh.glb,True,117,0.9914529914529915,0.008547008547008548,0.28205128205128205,0.23513464333628187,0.03786826665275212,0.008547008547008548,1,33,117,,True,True,True
ablation,adult_beds_0041,ours_ft,/home/tdc/img2build_pipeline/comparison_output/qualitative_pack_100cases_20260417/ablation/adult_beds_0041/summary.json,/home/tdc/img2build_pipeline/comparison_output/qualitative_pack_100cases_20260417/ablation/adult_beds_0041/ours_ft_mesh.glb,/home/tdc/img2build_pipeline/comparison_output/qualitative_pack_100cases_20260417/ablation/adult_beds_0041/ours_ft_structure.json,/home/tdc/img2build_pipeline/comparison_output/qualitative_pack_100cases_20260417/ablation/adult_beds_0041/ours_ft_diagnostics.json,/home/tdc/img2build_pipeline/output/lego_style_dataset_v1/samples/adult_beds_0041_s00_rotate_x,/home/tdc/img2build_pipeline/output/lego_style_dataset_v1/samples/adult_beds_0041_s00_rotate_x/target_mesh.glb,True,151,1.0,0.026490066225165563,0.19205298013245034,0.22335625963337313,0.030038301925176404,0.0,4,29,151,,True,True,True
ablation,adult_beds_0041,ours_full,/home/tdc/img2build_pipeline/comparison_output/qualitative_pack_100cases_20260417/ablation/adult_beds_0041/summary.json,/home/tdc/img2build_pipeline/comparison_output/qualitative_pack_100cases_20260417/ablation/adult_beds_0041/ours_full_mesh.glb,/home/tdc/img2build_pipeline/comparison_output/qualitative_pack_100cases_20260417/ablation/adult_beds_0041/ours_full_structure.json,/home/tdc/img2build_pipeline/comparison_output/qualitative_pack_100cases_20260417/ablation/adult_beds_0041/ours_full_diagnostics.json,/home/tdc/img2build_pipeline/output/lego_style_dataset_v1/samples/adult_beds_0041_s00_rotate_x,/home/tdc/img2build_pipeline/output/lego_style_dataset_v1/samples/adult_beds_0041_s00_rotate_x/target_mesh.glb,True,141,1.0,0.0,0.18439716312056736,0.23971599174699984,0.030432418759087088,0.0,0,26,141,,True,True,True
ablation,bathroomsinks_0001,ours_base,/home/tdc/img2build_pipeline/comparison_output/qualitative_pack_100cases_20260417/ablation/bathroomsinks_0001/summary.json,/home/tdc/img2build_pipeline/comparison_output/qualitative_pack_100cases_20260417/ablation/bathroomsinks_0001/ours_base_mesh.glb,/home/tdc/img2build_pipeline/comparison_output/qualitative_pack_100cases_20260417/ablation/bathroomsinks_0001/ours_base_structure.json,/home/tdc/img2build_pipeline/comparison_output/qualitative_pack_100cases_20260417/ablation/bathroomsinks_0001/ours_base_diagnostics.json,/home/tdc/img2build_pipeline/output/lego_style_dataset_v1/samples/bathroomsinks_0001_s00_rotate_x,/home/tdc/img2build_pipeline/output/lego_style_dataset_v1/samples/bathroomsinks_0001_s00_rotate_x/target_mesh.glb,True,215,1.0,0.0,0.21395348837209302,0.23831664064733396,0.05435230834949637,0.0,0,46,215,,True,True,True
ablation,bathroomsinks_0001,ours_ft,/home/tdc/img2build_pipeline/comparison_output/qualitative_pack_100cases_20260417/ablation/bathroomsinks_0001/summary.json,/home/tdc/img2build_pipeline/comparison_output/qualitative_pack_100cases_20260417/ablation/bathroomsinks_0001/ours_ft_mesh.glb,/home/tdc/img2build_pipeline/comparison_output/qualitative_pack_100cases_20260417/ablation/bathroomsinks_0001/ours_ft_structure.json,/home/tdc/img2build_pipeline/comparison_output/qualitative_pack_100cases_20260417/ablation/bathroomsinks_0001/ours_ft_diagnostics.json,/home/tdc/img2build_pipeline/output/lego_style_dataset_v1/samples/bathroomsinks_0001_s00_rotate_x,/home/tdc/img2build_pipeline/output/lego_style_dataset_v1/samples/bathroomsinks_0001_s00_rotate_x/target_mesh.glb,True,176,1.0,0.0,0.17045454545454544,0.26440925972434015,0.057981061396990066,0.0,0,30,176,,True,True,True
ablation,bathroomsinks_0001,ours_full,/home/tdc/img2build_pipeline/comparison_output/qualitative_pack_100cases_20260417/ablation/bathroomsinks_0001/summary.json,/home/tdc/img2build_pipeline/comparison_output/qualitative_pack_100cases_20260417/ablation/bathroomsinks_0001/ours_full_mesh.glb,/home/tdc/img2build_pipeline/comparison_output/qualitative_pack_100cases_20260417/ablation/bathroomsinks_0001/ours_full_structure.json,/home/tdc/img2build_pipeline/comparison_output/qualitative_pack_100cases_20260417/ablation/bathroomsinks_0001/ours_full_diagnostics.json,/home/tdc/img2build_pipeline/output/lego_style_dataset_v1/samples/bathroomsinks_0001_s00_rotate_x,/home/tdc/img2build_pipeline/output/lego_style_dataset_v1/samples/bathroomsinks_0001_s00_rotate_x/target_mesh.glb,True,175,1.0,0.0,0.16,0.26213433916852785,0.057921636545527705,0.0,0,28,175,,True,True,True
ablation,bathroomsinks_0004,ours_base,/home/tdc/img2build_pipeline/comparison_output/qualitative_pack_100cases_20260417/ablation/bathroomsinks_0004/summary.json,/home/tdc/img2build_pipeline/comparison_output/qualitative_pack_100cases_20260417/ablation/bathroomsinks_0004/ours_base_mesh.glb,/home/tdc/img2build_pipeline/comparison_output/qualitative_pack_100cases_20260417/ablation/bathroomsinks_0004/ours_base_structure.json,/home/tdc/img2build_pipeline/comparison_output/qualitative_pack_100cases_20260417/ablation/bathroomsinks_0004/ours_base_diagnostics.json,/home/tdc/img2build_pipeline/output/lego_style_dataset_v1/samples/bathroomsinks_0004_s00_rotate_x,/home/tdc/img2build_pipeline/output/lego_style_dataset_v1/samples/bathroomsinks_0004_s00_rotate_x/target_mesh.glb,True,171,1.0,0.07602339181286549,0.22807017543859648,0.2805341972356362,0.07162510559154714,0.0,13,39,171,,True,True,True
ablation,bathroomsinks_0004,ours_ft,/home/tdc/img2build_pipeline/comparison_output/qualitative_pack_100cases_20260417/ablation/bathroomsinks_0004/summary.json,/home/tdc/img2build_pipeline/comparison_output/qualitative_pack_100cases_20260417/ablation/bathroomsinks_0004/ours_ft_mesh.glb,/home/tdc/img2build_pipeline/comparison_output/qualitative_pack_100cases_20260417/ablation/bathroomsinks_0004/ours_ft_structure.json,/home/tdc/img2build_pipeline/comparison_output/qualitative_pack_100cases_20260417/ablation/bathroomsinks_0004/ours_ft_diagnostics.json,/home/tdc/img2build_pipeline/output/lego_style_dataset_v1/samples/bathroomsinks_0004_s00_rotate_x,/home/tdc/img2build_pipeline/output/lego_style_dataset_v1/samples/bathroomsinks_0004_s00_rotate_x/target_mesh.glb,True,168,1.0,0.0,0.1488095238095238,0.27638376225713857,0.06304541868673166,0.0,0,25,168,,True,True,True
ablation,bathroomsinks_0004,ours_full,/home/tdc/img2build_pipeline/comparison_output/qualitative_pack_100cases_20260417/ablation/bathroomsinks_0004/summary.json,/home/tdc/img2build_pipeline/comparison_output/qualitative_pack_100cases_20260417/ablation/bathroomsinks_0004/ours_full_mesh.glb,/home/tdc/img2build_pipeline/comparison_output/qualitative_pack_100cases_20260417/ablation/bathroomsinks_0004/ours_full_structure.json,/home/tdc/img2build_pipeline/comparison_output/qualitative_pack_100cases_20260417/ablation/bathroomsinks_0004/ours_full_diagnostics.json,/home/tdc/img2build_pipeline/output/lego_style_dataset_v1/samples/bathroomsinks_0004_s00_rotate_x,/home/tdc/img2build_pipeline/output/lego_style_dataset_v1/samples/bathroomsinks_0004_s00_rotate_x/target_mesh.glb,True,166,1.0,0.0,0.15060240963855423,0.292505589504738,0.06358863789271917,0.0,0,25,166,,True,True,True
ablation,bathroomsinks_0011,ours_base,/home/tdc/img2build_pipeline/comparison_output/qualitative_pack_100cases_20260417/ablation/bathroomsinks_0011/summary.json,/home/tdc/img2build_pipeline/comparison_output/qualitative_pack_100cases_20260417/ablation/bathroomsinks_0011/ours_base_mesh.glb,/home/tdc/img2build_pipeline/comparison_output/qualitative_pack_100cases_20260417/ablation/bathroomsinks_0011/ours_base_structure.json,/home/tdc/img2build_pipeline/comparison_output/qualitative_pack_100cases_20260417/ablation/bathroomsinks_0011/ours_base_diagnostics.json,/home/tdc/img2build_pipeline/output/lego_style_dataset_v1/samples/bathroomsinks_0011_s00_rotate_x,/home/tdc/img2build_pipeline/output/lego_style_dataset_v1/samples/bathroomsinks_0011_s00_rotate_x/target_mesh.glb,True,108,0.9814814814814815,0.037037037037037035,0.37962962962962965,0.19287702491472747,0.035295697839724485,0.018518518518518517,4,41,108,,True,True,True
ablation,bathroomsinks_0011,ours_ft,/home/tdc/img2build_pipeline/comparison_output/qualitative_pack_100cases_20260417/ablation/bathroomsinks_0011/summary.json,/home/tdc/img2build_pipeline/comparison_output/qualitative_pack_100cases_20260417/ablation/bathroomsinks_0011/ours_ft_mesh.glb,/home/tdc/img2build_pipeline/comparison_output/qualitative_pack_100cases_20260417/ablation/bathroomsinks_0011/ours_ft_structure.json,/home/tdc/img2build_pipeline/comparison_output/qualitative_pack_100cases_20260417/ablation/bathroomsinks_0011/ours_ft_diagnostics.json,/home/tdc/img2build_pipeline/output/lego_style_dataset_v1/samples/bathroomsinks_0011_s00_rotate_x,/home/tdc/img2build_pipeline/output/lego_style_dataset_v1/samples/bathroomsinks_0011_s00_rotate_x/target_mesh.glb,True,112,1.0,0.008928571428571428,0.25892857142857145,0.20776092024462262,0.03831701521836502,0.0,1,29,112,,True,True,True
ablation,bathroomsinks_0011,ours_full,/home/tdc/img2build_pipeline/comparison_output/qualitative_pack_100cases_20260417/ablation/bathroomsinks_0011/summary.json,/home/tdc/img2build_pipeline/comparison_output/qualitative_pack_100cases_20260417/ablation/bathroomsinks_0011/ours_full_mesh.glb,/home/tdc/img2build_pipeline/comparison_output/qualitative_pack_100cases_20260417/ablation/bathroomsinks_0011/ours_full_structure.json,/home/tdc/img2build_pipeline/comparison_output/qualitative_pack_100cases_20260417/ablation/bathroomsinks_0011/ours_full_diagnostics.json,/home/tdc/img2build_pipeline/output/lego_style_dataset_v1/samples/bathroomsinks_0011_s00_rotate_x,/home/tdc/img2build_pipeline/output/lego_style_dataset_v1/samples/bathroomsinks_0011_s00_rotate_x/target_mesh.glb,True,97,1.0,0.010309278350515464,0.2268041237113402,0.22067041818315933,0.03863103357411557,0.0,1,22,97,,True,True,True
ablation,bathroomsinks_0014,ours_base,/home/tdc/img2build_pipeline/comparison_output/qualitative_pack_100cases_20260417/ablation/bathroomsinks_0014/summary.json,/home/tdc/img2build_pipeline/comparison_output/qualitative_pack_100cases_20260417/ablation/bathroomsinks_0014/ours_base_mesh.glb,/home/tdc/img2build_pipeline/comparison_output/qualitative_pack_100cases_20260417/ablation/bathroomsinks_0014/ours_base_structure.json,/home/tdc/img2build_pipeline/comparison_output/qualitative_pack_100cases_20260417/ablation/bathroomsinks_0014/ours_base_diagnostics.json,/home/tdc/img2build_pipeline/output/lego_style_dataset_v1/samples/bathroomsinks_0014_s00_rotate_x,/home/tdc/img2build_pipeline/output/lego_style_dataset_v1/samples/bathroomsinks_0014_s00_rotate_x/target_mesh.glb,True,182,1.0,0.01098901098901099,0.2087912087912088,0.20663818227472552,0.03895321989782975,0.0,2,38,182,,True,True,True
ablation,bathroomsinks_0014,ours_ft,/home/tdc/img2build_pipeline/comparison_output/qualitative_pack_100cases_20260417/ablation/bathroomsinks_0014/summary.json,/home/tdc/img2build_pipeline/comparison_output/qualitative_pack_100cases_20260417/ablation/bathroomsinks_0014/ours_ft_mesh.glb,/home/tdc/img2build_pipeline/comparison_output/qualitative_pack_100cases_20260417/ablation/bathroomsinks_0014/ours_ft_structure.json,/home/tdc/img2build_pipeline/comparison_output/qualitative_pack_100cases_20260417/ablation/bathroomsinks_0014/ours_ft_diagnostics.json,/home/tdc/img2build_pipeline/output/lego_style_dataset_v1/samples/bathroomsinks_0014_s00_rotate_x,/home/tdc/img2build_pipeline/output/lego_style_dataset_v1/samples/bathroomsinks_0014_s00_rotate_x/target_mesh.glb,True,139,1.0,0.0,0.07913669064748201,0.20195481738911475,0.022478510593669475,0.0,0,11,139,,True,True,True
ablation,bathroomsinks_0014,ours_full,/home/tdc/img2build_pipeline/comparison_output/qualitative_pack_100cases_20260417/ablation/bathroomsinks_0014/summary.json,/home/tdc/img2build_pipeline/comparison_output/qualitative_pack_100cases_20260417/ablation/bathroomsinks_0014/ours_full_mesh.glb,/home/tdc/img2build_pipeline/comparison_output/qualitative_pack_100cases_20260417/ablation/bathroomsinks_0014/ours_full_structure.json,/home/tdc/img2build_pipeline/comparison_output/qualitative_pack_100cases_20260417/ablation/bathroomsinks_0014/ours_full_diagnostics.json,/home/tdc/img2build_pipeline/output/lego_style_dataset_v1/samples/bathroomsinks_0014_s00_rotate_x,/home/tdc/img2build_pipeline/output/lego_style_dataset_v1/samples/bathroomsinks_0014_s00_rotate_x/target_mesh.glb,True,125,1.0,0.0,0.096,0.19687438905128934,0.022634749568019526,0.0,0,12,125,,True,True,True
ablation,bathroomsinks_0021,ours_base,/home/tdc/img2build_pipeline/comparison_output/qualitative_pack_100cases_20260417/ablation/bathroomsinks_0021/summary.json,/home/tdc/img2build_pipeline/comparison_output/qualitative_pack_100cases_20260417/ablation/bathroomsinks_0021/ours_base_mesh.glb,/home/tdc/img2build_pipeline/comparison_output/qualitative_pack_100cases_20260417/ablation/bathroomsinks_0021/ours_base_structure.json,/home/tdc/img2build_pipeline/comparison_output/qualitative_pack_100cases_20260417/ablation/bathroomsinks_0021/ours_base_diagnostics.json,/home/tdc/img2build_pipeline/output/lego_style_dataset_v1/samples/bathroomsinks_0021_s00_rotate_x,/home/tdc/img2build_pipeline/output/lego_style_dataset_v1/samples/bathroomsinks_0021_s00_rotate_x/target_mesh.glb,True,95,1.0,0.06315789473684211,0.28421052631578947,0.45308930843834994,0.18833529109579983,0.0,6,27,95,,True,True,True
ablation,bathroomsinks_0021,ours_ft,/home/tdc/img2build_pipeline/comparison_output/qualitative_pack_100cases_20260417/ablation/bathroomsinks_0021/summary.json,/home/tdc/img2build_pipeline/comparison_output/qualitative_pack_100cases_20260417/ablation/bathroomsinks_0021/ours_ft_mesh.glb,/home/tdc/img2build_pipeline/comparison_output/qualitative_pack_100cases_20260417/ablation/bathroomsinks_0021/ours_ft_structure.json,/home/tdc/img2build_pipeline/comparison_output/qualitative_pack_100cases_20260417/ablation/bathroomsinks_0021/ours_ft_diagnostics.json,/home/tdc/img2build_pipeline/output/lego_style_dataset_v1/samples/bathroomsinks_0021_s00_rotate_x,/home/tdc/img2build_pipeline/output/lego_style_dataset_v1/samples/bathroomsinks_0021_s00_rotate_x/target_mesh.glb,True,97,1.0,0.0,0.21649484536082475,0.44621291643517047,0.18637922573684146,0.0,0,21,97,,True,True,True
ablation,bathroomsinks_0021,ours_full,/home/tdc/img2build_pipeline/comparison_output/qualitative_pack_100cases_20260417/ablation/bathroomsinks_0021/summary.json,/home/tdc/img2build_pipeline/comparison_output/qualitative_pack_100cases_20260417/ablation/bathroomsinks_0021/ours_full_mesh.glb,/home/tdc/img2build_pipeline/comparison_output/qualitative_pack_100cases_20260417/ablation/bathroomsinks_0021/ours_full_structure.json,/home/tdc/img2build_pipeline/comparison_output/qualitative_pack_100cases_20260417/ablation/bathroomsinks_0021/ours_full_diagnostics.json,/home/tdc/img2build_pipeline/output/lego_style_dataset_v1/samples/bathroomsinks_0021_s00_rotate_x,/home/tdc/img2build_pipeline/output/lego_style_dataset_v1/samples/bathroomsinks_0021_s00_rotate_x/target_mesh.glb,True,97,1.0,0.0,0.21649484536082475,0.4651688119643109,0.18556565819590604,0.0,0,21,97,,True,True,True
ablation,bathroomsinks_0024,ours_base,/home/tdc/img2build_pipeline/comparison_output/qualitative_pack_100cases_20260417/ablation/bathroomsinks_0024/summary.json,/home/tdc/img2build_pipeline/comparison_output/qualitative_pack_100cases_20260417/ablation/bathroomsinks_0024/ours_base_mesh.glb,/home/tdc/img2build_pipeline/comparison_output/qualitative_pack_100cases_20260417/ablation/bathroomsinks_0024/ours_base_structure.json,/home/tdc/img2build_pipeline/comparison_output/qualitative_pack_100cases_20260417/ablation/bathroomsinks_0024/ours_base_diagnostics.json,/home/tdc/img2build_pipeline/output/lego_style_dataset_v1/samples/bathroomsinks_0024_s00_rotate_x,/home/tdc/img2build_pipeline/output/lego_style_dataset_v1/samples/bathroomsinks_0024_s00_rotate_x/target_mesh.glb,True,263,1.0,0.0076045627376425855,0.18250950570342206,0.09771565460355192,0.005085622656389126,0.0,2,48,263,,True,True,True
ablation,bathroomsinks_0024,ours_ft,/home/tdc/img2build_pipeline/comparison_output/qualitative_pack_100cases_20260417/ablation/bathroomsinks_0024/summary.json,/home/tdc/img2build_pipeline/comparison_output/qualitative_pack_100cases_20260417/ablation/bathroomsinks_0024/ours_ft_mesh.glb,/home/tdc/img2build_pipeline/comparison_output/qualitative_pack_100cases_20260417/ablation/bathroomsinks_0024/ours_ft_structure.json,/home/tdc/img2build_pipeline/comparison_output/qualitative_pack_100cases_20260417/ablation/bathroomsinks_0024/ours_ft_diagnostics.json,/home/tdc/img2build_pipeline/output/lego_style_dataset_v1/samples/bathroomsinks_0024_s00_rotate_x,/home/tdc/img2build_pipeline/output/lego_style_dataset_v1/samples/bathroomsinks_0024_s00_rotate_x/target_mesh.glb,True,208,1.0,0.02403846153846154,0.14423076923076922,0.11544946095876885,0.004869110296605229,0.0,5,30,208,,True,True,True
ablation,bathroomsinks_0024,ours_full,/home/tdc/img2build_pipeline/comparison_output/qualitative_pack_100cases_20260417/ablation/bathroomsinks_0024/summary.json,/home/tdc/img2build_pipeline/comparison_output/qualitative_pack_100cases_20260417/ablation/bathroomsinks_0024/ours_full_mesh.glb,/home/tdc/img2build_pipeline/comparison_output/qualitative_pack_100cases_20260417/ablation/bathroomsinks_0024/ours_full_structure.json,/home/tdc/img2build_pipeline/comparison_output/qualitative_pack_100cases_20260417/ablation/bathroomsinks_0024/ours_full_diagnostics.json,/home/tdc/img2build_pipeline/output/lego_style_dataset_v1/samples/bathroomsinks_0024_s00_rotate_x,/home/tdc/img2build_pipeline/output/lego_style_dataset_v1/samples/bathroomsinks_0024_s00_rotate_x/target_mesh.glb,True,220,1.0,0.05909090909090909,0.19545454545454546,0.13111026742823553,0.004858482239521004,0.0,13,43,220,,True,True,True
ablation,chair_0004,ours_base,/home/tdc/img2build_pipeline/comparison_output/qualitative_pack_100cases_20260417/ablation/chair_0004/summary.json,/home/tdc/img2build_pipeline/comparison_output/qualitative_pack_100cases_20260417/ablation/chair_0004/ours_base_mesh.glb,/home/tdc/img2build_pipeline/comparison_output/qualitative_pack_100cases_20260417/ablation/chair_0004/ours_base_structure.json,/home/tdc/img2build_pipeline/comparison_output/qualitative_pack_100cases_20260417/ablation/chair_0004/ours_base_diagnostics.json,/home/tdc/img2build_pipeline/output/lego_style_dataset_v1/samples/chair_0004_s00_rotate_x,/home/tdc/img2build_pipeline/output/lego_style_dataset_v1/samples/chair_0004_s00_rotate_x/target_mesh.glb,True,71,1.0,0.028169014084507043,0.29577464788732394,0.16871665100465422,0.02590264207394104,0.0,2,21,71,,True,True,True
ablation,chair_0004,ours_ft,/home/tdc/img2build_pipeline/comparison_output/qualitative_pack_100cases_20260417/ablation/chair_0004/summary.json,/home/tdc/img2build_pipeline/comparison_output/qualitative_pack_100cases_20260417/ablation/chair_0004/ours_ft_mesh.glb,/home/tdc/img2build_pipeline/comparison_output/qualitative_pack_100cases_20260417/ablation/chair_0004/ours_ft_structure.json,/home/tdc/img2build_pipeline/comparison_output/qualitative_pack_100cases_20260417/ablation/chair_0004/ours_ft_diagnostics.json,/home/tdc/img2build_pipeline/output/lego_style_dataset_v1/samples/chair_0004_s00_rotate_x,/home/tdc/img2build_pipeline/output/lego_style_dataset_v1/samples/chair_0004_s00_rotate_x/target_mesh.glb,True,82,1.0,0.04878048780487805,0.34146341463414637,0.17389564110632827,0.0257196451422982,0.0,4,28,82,,True,True,True
ablation,chair_0004,ours_full,/home/tdc/img2build_pipeline/comparison_output/qualitative_pack_100cases_20260417/ablation/chair_0004/summary.json,/home/tdc/img2build_pipeline/comparison_output/qualitative_pack_100cases_20260417/ablation/chair_0004/ours_full_mesh.glb,/home/tdc/img2build_pipeline/comparison_output/qualitative_pack_100cases_20260417/ablation/chair_0004/ours_full_structure.json,/home/tdc/img2build_pipeline/comparison_output/qualitative_pack_100cases_20260417/ablation/chair_0004/ours_full_diagnostics.json,/home/tdc/img2build_pipeline/output/lego_style_dataset_v1/samples/chair_0004_s00_rotate_x,/home/tdc/img2build_pipeline/output/lego_style_dataset_v1/samples/chair_0004_s00_rotate_x/target_mesh.glb,True,79,1.0,0.02531645569620253,0.3037974683544304,0.17635079886999866,0.025735100614229907,0.0,2,24,79,,True,True,True
ablation,chair_0005,ours_base,/home/tdc/img2build_pipeline/comparison_output/qualitative_pack_100cases_20260417/ablation/chair_0005/summary.json,/home/tdc/img2build_pipeline/comparison_output/qualitative_pack_100cases_20260417/ablation/chair_0005/ours_base_mesh.glb,/home/tdc/img2build_pipeline/comparison_output/qualitative_pack_100cases_20260417/ablation/chair_0005/ours_base_structure.json,/home/tdc/img2build_pipeline/comparison_output/qualitative_pack_100cases_20260417/ablation/chair_0005/ours_base_diagnostics.json,/home/tdc/img2build_pipeline/output/lego_style_dataset_v1/samples/chair_0005_s00_rotate_x,/home/tdc/img2build_pipeline/output/lego_style_dataset_v1/samples/chair_0005_s00_rotate_x/target_mesh.glb,True,95,1.0,0.021052631578947368,0.5052631578947369,0.16502756291034504,0.029466126956649404,0.0,2,48,95,,True,True,True
ablation,chair_0005,ours_ft,/home/tdc/img2build_pipeline/comparison_output/qualitative_pack_100cases_20260417/ablation/chair_0005/summary.json,/home/tdc/img2build_pipeline/comparison_output/qualitative_pack_100cases_20260417/ablation/chair_0005/ours_ft_mesh.glb,/home/tdc/img2build_pipeline/comparison_output/qualitative_pack_100cases_20260417/ablation/chair_0005/ours_ft_structure.json,/home/tdc/img2build_pipeline/comparison_output/qualitative_pack_100cases_20260417/ablation/chair_0005/ours_ft_diagnostics.json,/home/tdc/img2build_pipeline/output/lego_style_dataset_v1/samples/chair_0005_s00_rotate_x,/home/tdc/img2build_pipeline/output/lego_style_dataset_v1/samples/chair_0005_s00_rotate_x/target_mesh.glb,True,128,1.0,0.03125,0.2109375,0.17948193927064582,0.033535324980388886,0.0,4,27,128,,True,True,True
ablation,chair_0005,ours_full,/home/tdc/img2build_pipeline/comparison_output/qualitative_pack_100cases_20260417/ablation/chair_0005/summary.json,/home/tdc/img2build_pipeline/comparison_output/qualitative_pack_100cases_20260417/ablation/chair_0005/ours_full_mesh.glb,/home/tdc/img2build_pipeline/comparison_output/qualitative_pack_100cases_20260417/ablation/chair_0005/ours_full_structure.json,/home/tdc/img2build_pipeline/comparison_output/qualitative_pack_100cases_20260417/ablation/chair_0005/ours_full_diagnostics.json,/home/tdc/img2build_pipeline/output/lego_style_dataset_v1/samples/chair_0005_s00_rotate_x,/home/tdc/img2build_pipeline/output/lego_style_dataset_v1/samples/chair_0005_s00_rotate_x/target_mesh.glb,True,127,1.0,0.023622047244094488,0.2047244094488189,0.18593529897692335,0.033410925090487015,0.0,3,26,127,,True,True,True
ablation,chair_0011,ours_base,/home/tdc/img2build_pipeline/comparison_output/qualitative_pack_100cases_20260417/ablation/chair_0011/summary.json,/home/tdc/img2build_pipeline/comparison_output/qualitative_pack_100cases_20260417/ablation/chair_0011/ours_base_mesh.glb,/home/tdc/img2build_pipeline/comparison_output/qualitative_pack_100cases_20260417/ablation/chair_0011/ours_base_structure.json,/home/tdc/img2build_pipeline/comparison_output/qualitative_pack_100cases_20260417/ablation/chair_0011/ours_base_diagnostics.json,/home/tdc/img2build_pipeline/output/lego_style_dataset_v1/samples/chair_0011_s00_rotate_x,/home/tdc/img2build_pipeline/output/lego_style_dataset_v1/samples/chair_0011_s00_rotate_x/target_mesh.glb,True,108,0.9814814814814815,0.10185185185185185,0.3148148148148148,0.2607229402976802,0.0684182355573033,0.018518518518518517,11,34,108,,True,True,True
ablation,chair_0011,ours_ft,/home/tdc/img2build_pipeline/comparison_output/qualitative_pack_100cases_20260417/ablation/chair_0011/summary.json,/home/tdc/img2build_pipeline/comparison_output/qualitative_pack_100cases_20260417/ablation/chair_0011/ours_ft_mesh.glb,/home/tdc/img2build_pipeline/comparison_output/qualitative_pack_100cases_20260417/ablation/chair_0011/ours_ft_structure.json,/home/tdc/img2build_pipeline/comparison_output/qualitative_pack_100cases_20260417/ablation/chair_0011/ours_ft_diagnostics.json,/home/tdc/img2build_pipeline/output/lego_style_dataset_v1/samples/chair_0011_s00_rotate_x,/home/tdc/img2build_pipeline/output/lego_style_dataset_v1/samples/chair_0011_s00_rotate_x/target_mesh.glb,True,87,0.9770114942528736,0.034482758620689655,0.40229885057471265,0.26519494317423636,0.06220158904485194,0.022988505747126436,3,35,87,,True,True,True
ablation,chair_0011,ours_full,/home/tdc/img2build_pipeline/comparison_output/qualitative_pack_100cases_20260417/ablation/chair_0011/summary.json,/home/tdc/img2build_pipeline/comparison_output/qualitative_pack_100cases_20260417/ablation/chair_0011/ours_full_mesh.glb,/home/tdc/img2build_pipeline/comparison_output/qualitative_pack_100cases_20260417/ablation/chair_0011/ours_full_structure.json,/home/tdc/img2build_pipeline/comparison_output/qualitative_pack_100cases_20260417/ablation/chair_0011/ours_full_diagnostics.json,/home/tdc/img2build_pipeline/output/lego_style_dataset_v1/samples/chair_0011_s00_rotate_x,/home/tdc/img2build_pipeline/output/lego_style_dataset_v1/samples/chair_0011_s00_rotate_x/target_mesh.glb,True,84,0.9761904761904762,0.047619047619047616,0.4166666666666667,0.2595852396742931,0.061961539712484213,0.023809523809523808,4,35,84,,True,True,True
ablation,chair_0023,ours_base,/home/tdc/img2build_pipeline/comparison_output/qualitative_pack_100cases_20260417/ablation/chair_0023/summary.json,/home/tdc/img2build_pipeline/comparison_output/qualitative_pack_100cases_20260417/ablation/chair_0023/ours_base_mesh.glb,/home/tdc/img2build_pipeline/comparison_output/qualitative_pack_100cases_20260417/ablation/chair_0023/ours_base_structure.json,/home/tdc/img2build_pipeline/comparison_output/qualitative_pack_100cases_20260417/ablation/chair_0023/ours_base_diagnostics.json,/home/tdc/img2build_pipeline/output/lego_style_dataset_v1/samples/chair_0023_s00_rotate_x,/home/tdc/img2build_pipeline/output/lego_style_dataset_v1/samples/chair_0023_s00_rotate_x/target_mesh.glb,True,88,1.0,0.06818181818181818,0.5568181818181818,0.1856743546791036,0.04132888844709373,0.0,6,49,88,,True,True,True
ablation,chair_0023,ours_ft,/home/tdc/img2build_pipeline/comparison_output/qualitative_pack_100cases_20260417/ablation/chair_0023/summary.json,/home/tdc/img2build_pipeline/comparison_output/qualitative_pack_100cases_20260417/ablation/chair_0023/ours_ft_mesh.glb,/home/tdc/img2build_pipeline/comparison_output/qualitative_pack_100cases_20260417/ablation/chair_0023/ours_ft_structure.json,/home/tdc/img2build_pipeline/comparison_output/qualitative_pack_100cases_20260417/ablation/chair_0023/ours_ft_diagnostics.json,/home/tdc/img2build_pipeline/output/lego_style_dataset_v1/samples/chair_0023_s00_rotate_x,/home/tdc/img2build_pipeline/output/lego_style_dataset_v1/samples/chair_0023_s00_rotate_x/target_mesh.glb,True,106,0.9905660377358491,0.05660377358490566,0.32075471698113206,0.20182510806140835,0.045435151004592056,0.009433962264150943,6,34,106,,True,True,True
ablation,chair_0023,ours_full,/home/tdc/img2build_pipeline/comparison_output/qualitative_pack_100cases_20260417/ablation/chair_0023/summary.json,/home/tdc/img2build_pipeline/comparison_output/qualitative_pack_100cases_20260417/ablation/chair_0023/ours_full_mesh.glb,/home/tdc/img2build_pipeline/comparison_output/qualitative_pack_100cases_20260417/ablation/chair_0023/ours_full_structure.json,/home/tdc/img2build_pipeline/comparison_output/qualitative_pack_100cases_20260417/ablation/chair_0023/ours_full_diagnostics.json,/home/tdc/img2build_pipeline/output/lego_style_dataset_v1/samples/chair_0023_s00_rotate_x,/home/tdc/img2build_pipeline/output/lego_style_dataset_v1/samples/chair_0023_s00_rotate_x/target_mesh.glb,True,105,0.9809523809523809,0.05714285714285714,0.2857142857142857,0.2032336830186916,0.04561665062753731,0.01904761904761905,6,30,105,,True,True,True
ablation,chair_0027,ours_base,/home/tdc/img2build_pipeline/comparison_output/qualitative_pack_100cases_20260417/ablation/chair_0027/summary.json,/home/tdc/img2build_pipeline/comparison_output/qualitative_pack_100cases_20260417/ablation/chair_0027/ours_base_mesh.glb,/home/tdc/img2build_pipeline/comparison_output/qualitative_pack_100cases_20260417/ablation/chair_0027/ours_base_structure.json,/home/tdc/img2build_pipeline/comparison_output/qualitative_pack_100cases_20260417/ablation/chair_0027/ours_base_diagnostics.json,/home/tdc/img2build_pipeline/output/lego_style_dataset_v1/samples/chair_0027_s00_rotate_x,/home/tdc/img2build_pipeline/output/lego_style_dataset_v1/samples/chair_0027_s00_rotate_x/target_mesh.glb,True,147,0.9523809523809523,0.05442176870748299,0.25170068027210885,0.33682748112739297,0.13131378158816534,0.027210884353741496,8,37,147,,True,True,True
ablation,chair_0027,ours_ft,/home/tdc/img2build_pipeline/comparison_output/qualitative_pack_100cases_20260417/ablation/chair_0027/summary.json,/home/tdc/img2build_pipeline/comparison_output/qualitative_pack_100cases_20260417/ablation/chair_0027/ours_ft_mesh.glb,/home/tdc/img2build_pipeline/comparison_output/qualitative_pack_100cases_20260417/ablation/chair_0027/ours_ft_structure.json,/home/tdc/img2build_pipeline/comparison_output/qualitative_pack_100cases_20260417/ablation/chair_0027/ours_ft_diagnostics.json,/home/tdc/img2build_pipeline/output/lego_style_dataset_v1/samples/chair_0027_s00_rotate_x,/home/tdc/img2build_pipeline/output/lego_style_dataset_v1/samples/chair_0027_s00_rotate_x/target_mesh.glb,True,171,0.9766081871345029,0.03508771929824561,0.19298245614035087,0.31009863550108474,0.11172755172443244,0.023391812865497075,6,33,171,,True,True,True
ablation,chair_0027,ours_full,/home/tdc/img2build_pipeline/comparison_output/qualitative_pack_100cases_20260417/ablation/chair_0027/summary.json,/home/tdc/img2build_pipeline/comparison_output/qualitative_pack_100cases_20260417/ablation/chair_0027/ours_full_mesh.glb,/home/tdc/img2build_pipeline/comparison_output/qualitative_pack_100cases_20260417/ablation/chair_0027/ours_full_structure.json,/home/tdc/img2build_pipeline/comparison_output/qualitative_pack_100cases_20260417/ablation/chair_0027/ours_full_diagnostics.json,/home/tdc/img2build_pipeline/output/lego_style_dataset_v1/samples/chair_0027_s00_rotate_x,/home/tdc/img2build_pipeline/output/lego_style_dataset_v1/samples/chair_0027_s00_rotate_x/target_mesh.glb,True,159,1.0,0.012578616352201259,0.16981132075471697,0.3118293538774332,0.11150600437336478,0.0,2,27,159,,True,True,True
ablation,chair_0035,ours_base,/home/tdc/img2build_pipeline/comparison_output/qualitative_pack_100cases_20260417/ablation/chair_0035/summary.json,/home/tdc/img2build_pipeline/comparison_output/qualitative_pack_100cases_20260417/ablation/chair_0035/ours_base_mesh.glb,/home/tdc/img2build_pipeline/comparison_output/qualitative_pack_100cases_20260417/ablation/chair_0035/ours_base_structure.json,/home/tdc/img2build_pipeline/comparison_output/qualitative_pack_100cases_20260417/ablation/chair_0035/ours_base_diagnostics.json,/home/tdc/img2build_pipeline/output/lego_style_dataset_v1/samples/chair_0035_s00_rotate_x,/home/tdc/img2build_pipeline/output/lego_style_dataset_v1/samples/chair_0035_s00_rotate_x/target_mesh.glb,True,123,0.983739837398374,0.04878048780487805,0.3983739837398374,0.2881982546474349,0.04776816014239657,0.016260162601626018,6,49,123,,True,True,True
ablation,chair_0035,ours_ft,/home/tdc/img2build_pipeline/comparison_output/qualitative_pack_100cases_20260417/ablation/chair_0035/summary.json,/home/tdc/img2build_pipeline/comparison_output/qualitative_pack_100cases_20260417/ablation/chair_0035/ours_ft_mesh.glb,/home/tdc/img2build_pipeline/comparison_output/qualitative_pack_100cases_20260417/ablation/chair_0035/ours_ft_structure.json,/home/tdc/img2build_pipeline/comparison_output/qualitative_pack_100cases_20260417/ablation/chair_0035/ours_ft_diagnostics.json,/home/tdc/img2build_pipeline/output/lego_style_dataset_v1/samples/chair_0035_s00_rotate_x,/home/tdc/img2build_pipeline/output/lego_style_dataset_v1/samples/chair_0035_s00_rotate_x/target_mesh.glb,True,115,1.0,0.017391304347826087,0.3826086956521739,0.2918952571501702,0.04821379370218681,0.0,2,44,115,,True,True,True
ablation,chair_0035,ours_full,/home/tdc/img2build_pipeline/comparison_output/qualitative_pack_100cases_20260417/ablation/chair_0035/summary.json,/home/tdc/img2build_pipeline/comparison_output/qualitative_pack_100cases_20260417/ablation/chair_0035/ours_full_mesh.glb,/home/tdc/img2build_pipeline/comparison_output/qualitative_pack_100cases_20260417/ablation/chair_0035/ours_full_structure.json,/home/tdc/img2build_pipeline/comparison_output/qualitative_pack_100cases_20260417/ablation/chair_0035/ours_full_diagnostics.json,/home/tdc/img2build_pipeline/output/lego_style_dataset_v1/samples/chair_0035_s00_rotate_x,/home/tdc/img2build_pipeline/output/lego_style_dataset_v1/samples/chair_0035_s00_rotate_x/target_mesh.glb,True,113,1.0,0.017699115044247787,0.35398230088495575,0.29242545346777177,0.04743482550740219,0.0,2,40,113,,True,True,True
ablation,chair_0047,ours_base,/home/tdc/img2build_pipeline/comparison_output/qualitative_pack_100cases_20260417/ablation/chair_0047/summary.json,/home/tdc/img2build_pipeline/comparison_output/qualitative_pack_100cases_20260417/ablation/chair_0047/ours_base_mesh.glb,/home/tdc/img2build_pipeline/comparison_output/qualitative_pack_100cases_20260417/ablation/chair_0047/ours_base_structure.json,/home/tdc/img2build_pipeline/comparison_output/qualitative_pack_100cases_20260417/ablation/chair_0047/ours_base_diagnostics.json,/home/tdc/img2build_pipeline/output/lego_style_dataset_v1/samples/chair_0047_s00_rotate_x,/home/tdc/img2build_pipeline/output/lego_style_dataset_v1/samples/chair_0047_s00_rotate_x/target_mesh.glb,True,159,1.0,0.0,0.12578616352201258,0.28321656594195055,0.03506809971085825,0.0,0,20,159,,True,True,True
ablation,chair_0047,ours_ft,/home/tdc/img2build_pipeline/comparison_output/qualitative_pack_100cases_20260417/ablation/chair_0047/summary.json,/home/tdc/img2build_pipeline/comparison_output/qualitative_pack_100cases_20260417/ablation/chair_0047/ours_ft_mesh.glb,/home/tdc/img2build_pipeline/comparison_output/qualitative_pack_100cases_20260417/ablation/chair_0047/ours_ft_structure.json,/home/tdc/img2build_pipeline/comparison_output/qualitative_pack_100cases_20260417/ablation/chair_0047/ours_ft_diagnostics.json,/home/tdc/img2build_pipeline/output/lego_style_dataset_v1/samples/chair_0047_s00_rotate_x,/home/tdc/img2build_pipeline/output/lego_style_dataset_v1/samples/chair_0047_s00_rotate_x/target_mesh.glb,True,144,1.0,0.0,0.08333333333333333,0.2798691654728507,0.04620389270108993,0.0,0,12,144,,True,True,True
ablation,chair_0047,ours_full,/home/tdc/img2build_pipeline/comparison_output/qualitative_pack_100cases_20260417/ablation/chair_0047/summary.json,/home/tdc/img2build_pipeline/comparison_output/qualitative_pack_100cases_20260417/ablation/chair_0047/ours_full_mesh.glb,/home/tdc/img2build_pipeline/comparison_output/qualitative_pack_100cases_20260417/ablation/chair_0047/ours_full_structure.json,/home/tdc/img2build_pipeline/comparison_output/qualitative_pack_100cases_20260417/ablation/chair_0047/ours_full_diagnostics.json,/home/tdc/img2build_pipeline/output/lego_style_dataset_v1/samples/chair_0047_s00_rotate_x,/home/tdc/img2build_pipeline/output/lego_style_dataset_v1/samples/chair_0047_s00_rotate_x/target_mesh.glb,True,140,1.0,0.0,0.07857142857142857,0.28921662078401045,0.04586947248513864,0.0,0,11,140,,True,True,True
ablation,chair_0063,ours_base,/home/tdc/img2build_pipeline/comparison_output/qualitative_pack_100cases_20260417/ablation/chair_0063/summary.json,/home/tdc/img2build_pipeline/comparison_output/qualitative_pack_100cases_20260417/ablation/chair_0063/ours_base_mesh.glb,/home/tdc/img2build_pipeline/comparison_output/qualitative_pack_100cases_20260417/ablation/chair_0063/ours_base_structure.json,/home/tdc/img2build_pipeline/comparison_output/qualitative_pack_100cases_20260417/ablation/chair_0063/ours_base_diagnostics.json,/home/tdc/img2build_pipeline/output/lego_style_dataset_v1/samples/chair_0063_s00_rotate_x,/home/tdc/img2build_pipeline/output/lego_style_dataset_v1/samples/chair_0063_s00_rotate_x/target_mesh.glb,True,150,0.98,0.05333333333333334,0.24666666666666667,0.3747191442402422,0.22127509424230835,0.02,8,37,150,,True,True,True
ablation,chair_0063,ours_ft,/home/tdc/img2build_pipeline/comparison_output/qualitative_pack_100cases_20260417/ablation/chair_0063/summary.json,/home/tdc/img2build_pipeline/comparison_output/qualitative_pack_100cases_20260417/ablation/chair_0063/ours_ft_mesh.glb,/home/tdc/img2build_pipeline/comparison_output/qualitative_pack_100cases_20260417/ablation/chair_0063/ours_ft_structure.json,/home/tdc/img2build_pipeline/comparison_output/qualitative_pack_100cases_20260417/ablation/chair_0063/ours_ft_diagnostics.json,/home/tdc/img2build_pipeline/output/lego_style_dataset_v1/samples/chair_0063_s00_rotate_x,/home/tdc/img2build_pipeline/output/lego_style_dataset_v1/samples/chair_0063_s00_rotate_x/target_mesh.glb,True,158,1.0,0.02531645569620253,0.1962025316455696,0.37618393479272216,0.22108356700844625,0.0,4,31,158,,True,True,True
ablation,chair_0063,ours_full,/home/tdc/img2build_pipeline/comparison_output/qualitative_pack_100cases_20260417/ablation/chair_0063/summary.json,/home/tdc/img2build_pipeline/comparison_output/qualitative_pack_100cases_20260417/ablation/chair_0063/ours_full_mesh.glb,/home/tdc/img2build_pipeline/comparison_output/qualitative_pack_100cases_20260417/ablation/chair_0063/ours_full_structure.json,/home/tdc/img2build_pipeline/comparison_output/qualitative_pack_100cases_20260417/ablation/chair_0063/ours_full_diagnostics.json,/home/tdc/img2build_pipeline/output/lego_style_dataset_v1/samples/chair_0063_s00_rotate_x,/home/tdc/img2build_pipeline/output/lego_style_dataset_v1/samples/chair_0063_s00_rotate_x/target_mesh.glb,True,147,1.0,0.02040816326530612,0.19047619047619047,0.3867532381514439,0.22073311924077965,0.0,3,28,147,,True,True,True
ablation,chair_0068,ours_base,/home/tdc/img2build_pipeline/comparison_output/qualitative_pack_100cases_20260417/ablation/chair_0068/summary.json,/home/tdc/img2build_pipeline/comparison_output/qualitative_pack_100cases_20260417/ablation/chair_0068/ours_base_mesh.glb,/home/tdc/img2build_pipeline/comparison_output/qualitative_pack_100cases_20260417/ablation/chair_0068/ours_base_structure.json,/home/tdc/img2build_pipeline/comparison_output/qualitative_pack_100cases_20260417/ablation/chair_0068/ours_base_diagnostics.json,/home/tdc/img2build_pipeline/output/lego_style_dataset_v1/samples/chair_0068_s00_rotate_x,/home/tdc/img2build_pipeline/output/lego_style_dataset_v1/samples/chair_0068_s00_rotate_x/target_mesh.glb,True,101,0.9900990099009901,0.0891089108910891,0.44554455445544555,0.1583774990494819,0.023228119076690038,0.009900990099009901,9,45,101,,True,True,True
ablation,chair_0068,ours_ft,/home/tdc/img2build_pipeline/comparison_output/qualitative_pack_100cases_20260417/ablation/chair_0068/summary.json,/home/tdc/img2build_pipeline/comparison_output/qualitative_pack_100cases_20260417/ablation/chair_0068/ours_ft_mesh.glb,/home/tdc/img2build_pipeline/comparison_output/qualitative_pack_100cases_20260417/ablation/chair_0068/ours_ft_structure.json,/home/tdc/img2build_pipeline/comparison_output/qualitative_pack_100cases_20260417/ablation/chair_0068/ours_ft_diagnostics.json,/home/tdc/img2build_pipeline/output/lego_style_dataset_v1/samples/chair_0068_s00_rotate_x,/home/tdc/img2build_pipeline/output/lego_style_dataset_v1/samples/chair_0068_s00_rotate_x/target_mesh.glb,True,82,1.0,0.0,0.32926829268292684,0.17464932879895637,0.024721187780574003,0.0,0,27,82,,True,True,True
ablation,chair_0068,ours_full,/home/tdc/img2build_pipeline/comparison_output/qualitative_pack_100cases_20260417/ablation/chair_0068/summary.json,/home/tdc/img2build_pipeline/comparison_output/qualitative_pack_100cases_20260417/ablation/chair_0068/ours_full_mesh.glb,/home/tdc/img2build_pipeline/comparison_output/qualitative_pack_100cases_20260417/ablation/chair_0068/ours_full_structure.json,/home/tdc/img2build_pipeline/comparison_output/qualitative_pack_100cases_20260417/ablation/chair_0068/ours_full_diagnostics.json,/home/tdc/img2build_pipeline/output/lego_style_dataset_v1/samples/chair_0068_s00_rotate_x,/home/tdc/img2build_pipeline/output/lego_style_dataset_v1/samples/chair_0068_s00_rotate_x/target_mesh.glb,True,81,1.0,0.0,0.345679012345679,0.17501148691851878,0.02481561944539172,0.0,0,28,81,,True,True,True
ablation,chair_0070,ours_base,/home/tdc/img2build_pipeline/comparison_output/qualitative_pack_100cases_20260417/ablation/chair_0070/summary.json,/home/tdc/img2build_pipeline/comparison_output/qualitative_pack_100cases_20260417/ablation/chair_0070/ours_base_mesh.glb,/home/tdc/img2build_pipeline/comparison_output/qualitative_pack_100cases_20260417/ablation/chair_0070/ours_base_structure.json,/home/tdc/img2build_pipeline/comparison_output/qualitative_pack_100cases_20260417/ablation/chair_0070/ours_base_diagnostics.json,/home/tdc/img2build_pipeline/output/lego_style_dataset_v1/samples/chair_0070_s00_rotate_x,/home/tdc/img2build_pipeline/output/lego_style_dataset_v1/samples/chair_0070_s00_rotate_x/target_mesh.glb,True,133,1.0,0.045112781954887216,0.2781954887218045,0.16956452918039422,0.029149135428034788,0.0,6,37,133,,True,True,True
ablation,chair_0070,ours_ft,/home/tdc/img2build_pipeline/comparison_output/qualitative_pack_100cases_20260417/ablation/chair_0070/summary.json,/home/tdc/img2build_pipeline/comparison_output/qualitative_pack_100cases_20260417/ablation/chair_0070/ours_ft_mesh.glb,/home/tdc/img2build_pipeline/comparison_output/qualitative_pack_100cases_20260417/ablation/chair_0070/ours_ft_structure.json,/home/tdc/img2build_pipeline/comparison_output/qualitative_pack_100cases_20260417/ablation/chair_0070/ours_ft_diagnostics.json,/home/tdc/img2build_pipeline/output/lego_style_dataset_v1/samples/chair_0070_s00_rotate_x,/home/tdc/img2build_pipeline/output/lego_style_dataset_v1/samples/chair_0070_s00_rotate_x/target_mesh.glb,True,121,1.0,0.06611570247933884,0.36363636363636365,0.17740616791731942,0.030754356515411134,0.0,8,44,121,,True,True,True
ablation,chair_0070,ours_full,/home/tdc/img2build_pipeline/comparison_output/qualitative_pack_100cases_20260417/ablation/chair_0070/summary.json,/home/tdc/img2build_pipeline/comparison_output/qualitative_pack_100cases_20260417/ablation/chair_0070/ours_full_mesh.glb,/home/tdc/img2build_pipeline/comparison_output/qualitative_pack_100cases_20260417/ablation/chair_0070/ours_full_structure.json,/home/tdc/img2build_pipeline/comparison_output/qualitative_pack_100cases_20260417/ablation/chair_0070/ours_full_diagnostics.json,/home/tdc/img2build_pipeline/output/lego_style_dataset_v1/samples/chair_0070_s00_rotate_x,/home/tdc/img2build_pipeline/output/lego_style_dataset_v1/samples/chair_0070_s00_rotate_x/target_mesh.glb,True,113,1.0,0.05309734513274336,0.336283185840708,0.17711693211446078,0.030639591976721635,0.0,6,38,113,,True,True,True
ablation,chair_0087,ours_base,/home/tdc/img2build_pipeline/comparison_output/qualitative_pack_100cases_20260417/ablation/chair_0087/summary.json,/home/tdc/img2build_pipeline/comparison_output/qualitative_pack_100cases_20260417/ablation/chair_0087/ours_base_mesh.glb,/home/tdc/img2build_pipeline/comparison_output/qualitative_pack_100cases_20260417/ablation/chair_0087/ours_base_structure.json,/home/tdc/img2build_pipeline/comparison_output/qualitative_pack_100cases_20260417/ablation/chair_0087/ours_base_diagnostics.json,/home/tdc/img2build_pipeline/output/lego_style_dataset_v1/samples/chair_0087_s00_rotate_x,/home/tdc/img2build_pipeline/output/lego_style_dataset_v1/samples/chair_0087_s00_rotate_x/target_mesh.glb,True,114,0.9824561403508771,0.11403508771929824,0.37719298245614036,0.15661847633193587,0.022568563775897835,0.017543859649122806,13,43,114,,True,True,True
ablation,chair_0087,ours_ft,/home/tdc/img2build_pipeline/comparison_output/qualitative_pack_100cases_20260417/ablation/chair_0087/summary.json,/home/tdc/img2build_pipeline/comparison_output/qualitative_pack_100cases_20260417/ablation/chair_0087/ours_ft_mesh.glb,/home/tdc/img2build_pipeline/comparison_output/qualitative_pack_100cases_20260417/ablation/chair_0087/ours_ft_structure.json,/home/tdc/img2build_pipeline/comparison_output/qualitative_pack_100cases_20260417/ablation/chair_0087/ours_ft_diagnostics.json,/home/tdc/img2build_pipeline/output/lego_style_dataset_v1/samples/chair_0087_s00_rotate_x,/home/tdc/img2build_pipeline/output/lego_style_dataset_v1/samples/chair_0087_s00_rotate_x/target_mesh.glb,True,100,0.99,0.03,0.38,0.17620029960295952,0.021274436461187506,0.01,3,38,100,,True,True,True
ablation,chair_0087,ours_full,/home/tdc/img2build_pipeline/comparison_output/qualitative_pack_100cases_20260417/ablation/chair_0087/summary.json,/home/tdc/img2build_pipeline/comparison_output/qualitative_pack_100cases_20260417/ablation/chair_0087/ours_full_mesh.glb,/home/tdc/img2build_pipeline/comparison_output/qualitative_pack_100cases_20260417/ablation/chair_0087/ours_full_structure.json,/home/tdc/img2build_pipeline/comparison_output/qualitative_pack_100cases_20260417/ablation/chair_0087/ours_full_diagnostics.json,/home/tdc/img2build_pipeline/output/lego_style_dataset_v1/samples/chair_0087_s00_rotate_x,/home/tdc/img2build_pipeline/output/lego_style_dataset_v1/samples/chair_0087_s00_rotate_x/target_mesh.glb,True,92,0.9891304347826086,0.05434782608695652,0.40217391304347827,0.1678907219652379,0.021137626146348704,0.010869565217391304,5,37,92,,True,True,True
ablation,chair_0089,ours_base,/home/tdc/img2build_pipeline/comparison_output/qualitative_pack_100cases_20260417/ablation/chair_0089/summary.json,/home/tdc/img2build_pipeline/comparison_output/qualitative_pack_100cases_20260417/ablation/chair_0089/ours_base_mesh.glb,/home/tdc/img2build_pipeline/comparison_output/qualitative_pack_100cases_20260417/ablation/chair_0089/ours_base_structure.json,/home/tdc/img2build_pipeline/comparison_output/qualitative_pack_100cases_20260417/ablation/chair_0089/ours_base_diagnostics.json,/home/tdc/img2build_pipeline/output/lego_style_dataset_v1/samples/chair_0089_s00_rotate_x,/home/tdc/img2build_pipeline/output/lego_style_dataset_v1/samples/chair_0089_s00_rotate_x/target_mesh.glb,True,133,0.9849624060150376,0.06766917293233082,0.40601503759398494,0.16619922328986747,0.02492807585003106,0.015037593984962405,9,54,133,,True,True,True
ablation,chair_0089,ours_ft,/home/tdc/img2build_pipeline/comparison_output/qualitative_pack_100cases_20260417/ablation/chair_0089/summary.json,/home/tdc/img2build_pipeline/comparison_output/qualitative_pack_100cases_20260417/ablation/chair_0089/ours_ft_mesh.glb,/home/tdc/img2build_pipeline/comparison_output/qualitative_pack_100cases_20260417/ablation/chair_0089/ours_ft_structure.json,/home/tdc/img2build_pipeline/comparison_output/qualitative_pack_100cases_20260417/ablation/chair_0089/ours_ft_diagnostics.json,/home/tdc/img2build_pipeline/output/lego_style_dataset_v1/samples/chair_0089_s00_rotate_x,/home/tdc/img2build_pipeline/output/lego_style_dataset_v1/samples/chair_0089_s00_rotate_x/target_mesh.glb,True,120,1.0,0.0,0.425,0.1602332704881751,0.02417014932867068,0.0,0,51,120,,True,True,True
ablation,chair_0089,ours_full,/home/tdc/img2build_pipeline/comparison_output/qualitative_pack_100cases_20260417/ablation/chair_0089/summary.json,/home/tdc/img2build_pipeline/comparison_output/qualitative_pack_100cases_20260417/ablation/chair_0089/ours_full_mesh.glb,/home/tdc/img2build_pipeline/comparison_output/qualitative_pack_100cases_20260417/ablation/chair_0089/ours_full_structure.json,/home/tdc/img2build_pipeline/comparison_output/qualitative_pack_100cases_20260417/ablation/chair_0089/ours_full_diagnostics.json,/home/tdc/img2build_pipeline/output/lego_style_dataset_v1/samples/chair_0089_s00_rotate_x,/home/tdc/img2build_pipeline/output/lego_style_dataset_v1/samples/chair_0089_s00_rotate_x/target_mesh.glb,True,121,1.0,0.0,0.4214876033057851,0.15971660358588693,0.02421796081127279,0.0,0,51,121,,True,True,True
ablation,chair_0090,ours_base,/home/tdc/img2build_pipeline/comparison_output/qualitative_pack_100cases_20260417/ablation/chair_0090/summary.json,/home/tdc/img2build_pipeline/comparison_output/qualitative_pack_100cases_20260417/ablation/chair_0090/ours_base_mesh.glb,/home/tdc/img2build_pipeline/comparison_output/qualitative_pack_100cases_20260417/ablation/chair_0090/ours_base_structure.json,/home/tdc/img2build_pipeline/comparison_output/qualitative_pack_100cases_20260417/ablation/chair_0090/ours_base_diagnostics.json,/home/tdc/img2build_pipeline/output/lego_style_dataset_v1/samples/chair_0090_s00_rotate_x,/home/tdc/img2build_pipeline/output/lego_style_dataset_v1/samples/chair_0090_s00_rotate_x/target_mesh.glb,True,130,1.0,0.038461538461538464,0.2923076923076923,0.24133501782421526,0.04759493119583327,0.0,5,38,130,,True,True,True
ablation,chair_0090,ours_ft,/home/tdc/img2build_pipeline/comparison_output/qualitative_pack_100cases_20260417/ablation/chair_0090/summary.json,/home/tdc/img2build_pipeline/comparison_output/qualitative_pack_100cases_20260417/ablation/chair_0090/ours_ft_mesh.glb,/home/tdc/img2build_pipeline/comparison_output/qualitative_pack_100cases_20260417/ablation/chair_0090/ours_ft_structure.json,/home/tdc/img2build_pipeline/comparison_output/qualitative_pack_100cases_20260417/ablation/chair_0090/ours_ft_diagnostics.json,/home/tdc/img2build_pipeline/output/lego_style_dataset_v1/samples/chair_0090_s00_rotate_x,/home/tdc/img2build_pipeline/output/lego_style_dataset_v1/samples/chair_0090_s00_rotate_x/target_mesh.glb,True,125,1.0,0.032,0.376,0.2709523604339119,0.05244251462630653,0.0,4,47,125,,True,True,True
ablation,chair_0090,ours_full,/home/tdc/img2build_pipeline/comparison_output/qualitative_pack_100cases_20260417/ablation/chair_0090/summary.json,/home/tdc/img2build_pipeline/comparison_output/qualitative_pack_100cases_20260417/ablation/chair_0090/ours_full_mesh.glb,/home/tdc/img2build_pipeline/comparison_output/qualitative_pack_100cases_20260417/ablation/chair_0090/ours_full_structure.json,/home/tdc/img2build_pipeline/comparison_output/qualitative_pack_100cases_20260417/ablation/chair_0090/ours_full_diagnostics.json,/home/tdc/img2build_pipeline/output/lego_style_dataset_v1/samples/chair_0090_s00_rotate_x,/home/tdc/img2build_pipeline/output/lego_style_dataset_v1/samples/chair_0090_s00_rotate_x/target_mesh.glb,True,126,1.0,0.015873015873015872,0.3412698412698413,0.2588377967668113,0.05193662839163897,0.0,2,43,126,,True,True,True
ablation,chair_0103,ours_base,/home/tdc/img2build_pipeline/comparison_output/qualitative_pack_100cases_20260417/ablation/chair_0103/summary.json,/home/tdc/img2build_pipeline/comparison_output/qualitative_pack_100cases_20260417/ablation/chair_0103/ours_base_mesh.glb,/home/tdc/img2build_pipeline/comparison_output/qualitative_pack_100cases_20260417/ablation/chair_0103/ours_base_structure.json,/home/tdc/img2build_pipeline/comparison_output/qualitative_pack_100cases_20260417/ablation/chair_0103/ours_base_diagnostics.json,/home/tdc/img2build_pipeline/output/lego_style_dataset_v1/samples/chair_0103_s00_rotate_x,/home/tdc/img2build_pipeline/output/lego_style_dataset_v1/samples/chair_0103_s00_rotate_x/target_mesh.glb,True,106,0.9716981132075472,0.12264150943396226,0.3867924528301887,0.14754098937007043,0.02049004871162175,0.02830188679245283,13,41,106,,True,True,True
ablation,chair_0103,ours_ft,/home/tdc/img2build_pipeline/comparison_output/qualitative_pack_100cases_20260417/ablation/chair_0103/summary.json,/home/tdc/img2build_pipeline/comparison_output/qualitative_pack_100cases_20260417/ablation/chair_0103/ours_ft_mesh.glb,/home/tdc/img2build_pipeline/comparison_output/qualitative_pack_100cases_20260417/ablation/chair_0103/ours_ft_structure.json,/home/tdc/img2build_pipeline/comparison_output/qualitative_pack_100cases_20260417/ablation/chair_0103/ours_ft_diagnostics.json,/home/tdc/img2build_pipeline/output/lego_style_dataset_v1/samples/chair_0103_s00_rotate_x,/home/tdc/img2build_pipeline/output/lego_style_dataset_v1/samples/chair_0103_s00_rotate_x/target_mesh.glb,True,87,1.0,0.04597701149425287,0.40229885057471265,0.1565165089493676,0.01900007749968947,0.0,4,35,87,,True,True,True
ablation,chair_0103,ours_full,/home/tdc/img2build_pipeline/comparison_output/qualitative_pack_100cases_20260417/ablation/chair_0103/summary.json,/home/tdc/img2build_pipeline/comparison_output/qualitative_pack_100cases_20260417/ablation/chair_0103/ours_full_mesh.glb,/home/tdc/img2build_pipeline/comparison_output/qualitative_pack_100cases_20260417/ablation/chair_0103/ours_full_structure.json,/home/tdc/img2build_pipeline/comparison_output/qualitative_pack_100cases_20260417/ablation/chair_0103/ours_full_diagnostics.json,/home/tdc/img2build_pipeline/output/lego_style_dataset_v1/samples/chair_0103_s00_rotate_x,/home/tdc/img2build_pipeline/output/lego_style_dataset_v1/samples/chair_0103_s00_rotate_x/target_mesh.glb,True,85,1.0,0.047058823529411764,0.4,0.147671895257799,0.01910900117918445,0.0,4,34,85,,True,True,True
ablation,chair_0110,ours_base,/home/tdc/img2build_pipeline/comparison_output/qualitative_pack_100cases_20260417/ablation/chair_0110/summary.json,/home/tdc/img2build_pipeline/comparison_output/qualitative_pack_100cases_20260417/ablation/chair_0110/ours_base_mesh.glb,/home/tdc/img2build_pipeline/comparison_output/qualitative_pack_100cases_20260417/ablation/chair_0110/ours_base_structure.json,/home/tdc/img2build_pipeline/comparison_output/qualitative_pack_100cases_20260417/ablation/chair_0110/ours_base_diagnostics.json,/home/tdc/img2build_pipeline/output/lego_style_dataset_v1/samples/chair_0110_s00_rotate_x,/home/tdc/img2build_pipeline/output/lego_style_dataset_v1/samples/chair_0110_s00_rotate_x/target_mesh.glb,True,89,1.0,0.0449438202247191,0.449438202247191,0.24576629073716041,0.059891531755401795,0.0,4,40,89,,True,True,True
ablation,chair_0110,ours_ft,/home/tdc/img2build_pipeline/comparison_output/qualitative_pack_100cases_20260417/ablation/chair_0110/summary.json,/home/tdc/img2build_pipeline/comparison_output/qualitative_pack_100cases_20260417/ablation/chair_0110/ours_ft_mesh.glb,/home/tdc/img2build_pipeline/comparison_output/qualitative_pack_100cases_20260417/ablation/chair_0110/ours_ft_structure.json,/home/tdc/img2build_pipeline/comparison_output/qualitative_pack_100cases_20260417/ablation/chair_0110/ours_ft_diagnostics.json,/home/tdc/img2build_pipeline/output/lego_style_dataset_v1/samples/chair_0110_s00_rotate_x,/home/tdc/img2build_pipeline/output/lego_style_dataset_v1/samples/chair_0110_s00_rotate_x/target_mesh.glb,True,81,1.0,0.024691358024691357,0.43209876543209874,0.2790338906614688,0.057157126157017124,0.0,2,35,81,,True,True,True
ablation,chair_0110,ours_full,/home/tdc/img2build_pipeline/comparison_output/qualitative_pack_100cases_20260417/ablation/chair_0110/summary.json,/home/tdc/img2build_pipeline/comparison_output/qualitative_pack_100cases_20260417/ablation/chair_0110/ours_full_mesh.glb,/home/tdc/img2build_pipeline/comparison_output/qualitative_pack_100cases_20260417/ablation/chair_0110/ours_full_structure.json,/home/tdc/img2build_pipeline/comparison_output/qualitative_pack_100cases_20260417/ablation/chair_0110/ours_full_diagnostics.json,/home/tdc/img2build_pipeline/output/lego_style_dataset_v1/samples/chair_0110_s00_rotate_x,/home/tdc/img2build_pipeline/output/lego_style_dataset_v1/samples/chair_0110_s00_rotate_x/target_mesh.glb,True,81,1.0,0.012345679012345678,0.4074074074074074,0.2653573546690077,0.057394125204467475,0.0,1,33,81,,True,True,True
ablation,chair_0123,ours_base,/home/tdc/img2build_pipeline/comparison_output/qualitative_pack_100cases_20260417/ablation/chair_0123/summary.json,/home/tdc/img2build_pipeline/comparison_output/qualitative_pack_100cases_20260417/ablation/chair_0123/ours_base_mesh.glb,/home/tdc/img2build_pipeline/comparison_output/qualitative_pack_100cases_20260417/ablation/chair_0123/ours_base_structure.json,/home/tdc/img2build_pipeline/comparison_output/qualitative_pack_100cases_20260417/ablation/chair_0123/ours_base_diagnostics.json,/home/tdc/img2build_pipeline/output/lego_style_dataset_v1/samples/chair_0123_s00_rotate_x,/home/tdc/img2build_pipeline/output/lego_style_dataset_v1/samples/chair_0123_s00_rotate_x/target_mesh.glb,True,91,0.9560439560439561,0.12087912087912088,0.5054945054945055,0.26194989058694246,0.05976213375040568,0.04395604395604396,11,46,91,,True,True,True
ablation,chair_0123,ours_ft,/home/tdc/img2build_pipeline/comparison_output/qualitative_pack_100cases_20260417/ablation/chair_0123/summary.json,/home/tdc/img2build_pipeline/comparison_output/qualitative_pack_100cases_20260417/ablation/chair_0123/ours_ft_mesh.glb,/home/tdc/img2build_pipeline/comparison_output/qualitative_pack_100cases_20260417/ablation/chair_0123/ours_ft_structure.json,/home/tdc/img2build_pipeline/comparison_output/qualitative_pack_100cases_20260417/ablation/chair_0123/ours_ft_diagnostics.json,/home/tdc/img2build_pipeline/output/lego_style_dataset_v1/samples/chair_0123_s00_rotate_x,/home/tdc/img2build_pipeline/output/lego_style_dataset_v1/samples/chair_0123_s00_rotate_x/target_mesh.glb,True,96,1.0,0.010416666666666666,0.3854166666666667,0.2858107327481523,0.05574903923896145,0.0,1,37,96,,True,True,True
ablation,chair_0123,ours_full,/home/tdc/img2build_pipeline/comparison_output/qualitative_pack_100cases_20260417/ablation/chair_0123/summary.json,/home/tdc/img2build_pipeline/comparison_output/qualitative_pack_100cases_20260417/ablation/chair_0123/ours_full_mesh.glb,/home/tdc/img2build_pipeline/comparison_output/qualitative_pack_100cases_20260417/ablation/chair_0123/ours_full_structure.json,/home/tdc/img2build_pipeline/comparison_output/qualitative_pack_100cases_20260417/ablation/chair_0123/ours_full_diagnostics.json,/home/tdc/img2build_pipeline/output/lego_style_dataset_v1/samples/chair_0123_s00_rotate_x,/home/tdc/img2build_pipeline/output/lego_style_dataset_v1/samples/chair_0123_s00_rotate_x/target_mesh.glb,True,97,1.0,0.0,0.38144329896907214,0.2763032639612155,0.05591344250473314,0.0,0,37,97,,True,True,True
ablation,chair_0152,ours_base,/home/tdc/img2build_pipeline/comparison_output/qualitative_pack_100cases_20260417/ablation/chair_0152/summary.json,/home/tdc/img2build_pipeline/comparison_output/qualitative_pack_100cases_20260417/ablation/chair_0152/ours_base_mesh.glb,/home/tdc/img2build_pipeline/comparison_output/qualitative_pack_100cases_20260417/ablation/chair_0152/ours_base_structure.json,/home/tdc/img2build_pipeline/comparison_output/qualitative_pack_100cases_20260417/ablation/chair_0152/ours_base_diagnostics.json,/home/tdc/img2build_pipeline/output/lego_style_dataset_v1/samples/chair_0152_s00_rotate_x,/home/tdc/img2build_pipeline/output/lego_style_dataset_v1/samples/chair_0152_s00_rotate_x/target_mesh.glb,True,103,1.0,0.009708737864077669,0.34951456310679613,0.1693032172990615,0.02959108935242495,0.0,1,36,103,,True,True,True
ablation,chair_0152,ours_ft,/home/tdc/img2build_pipeline/comparison_output/qualitative_pack_100cases_20260417/ablation/chair_0152/summary.json,/home/tdc/img2build_pipeline/comparison_output/qualitative_pack_100cases_20260417/ablation/chair_0152/ours_ft_mesh.glb,/home/tdc/img2build_pipeline/comparison_output/qualitative_pack_100cases_20260417/ablation/chair_0152/ours_ft_structure.json,/home/tdc/img2build_pipeline/comparison_output/qualitative_pack_100cases_20260417/ablation/chair_0152/ours_ft_diagnostics.json,/home/tdc/img2build_pipeline/output/lego_style_dataset_v1/samples/chair_0152_s00_rotate_x,/home/tdc/img2build_pipeline/output/lego_style_dataset_v1/samples/chair_0152_s00_rotate_x/target_mesh.glb,True,107,1.0,0.04672897196261682,0.4392523364485981,0.18332023886731297,0.02846011441190298,0.0,5,47,107,,True,True,True
ablation,chair_0152,ours_full,/home/tdc/img2build_pipeline/comparison_output/qualitative_pack_100cases_20260417/ablation/chair_0152/summary.json,/home/tdc/img2build_pipeline/comparison_output/qualitative_pack_100cases_20260417/ablation/chair_0152/ours_full_mesh.glb,/home/tdc/img2build_pipeline/comparison_output/qualitative_pack_100cases_20260417/ablation/chair_0152/ours_full_structure.json,/home/tdc/img2build_pipeline/comparison_output/qualitative_pack_100cases_20260417/ablation/chair_0152/ours_full_diagnostics.json,/home/tdc/img2build_pipeline/output/lego_style_dataset_v1/samples/chair_0152_s00_rotate_x,/home/tdc/img2build_pipeline/output/lego_style_dataset_v1/samples/chair_0152_s00_rotate_x/target_mesh.glb,True,101,1.0,0.039603960396039604,0.43564356435643564,0.18411815902936796,0.02897905073675609,0.0,4,44,101,,True,True,True
ablation,chair_0155,ours_base,/home/tdc/img2build_pipeline/comparison_output/qualitative_pack_100cases_20260417/ablation/chair_0155/summary.json,/home/tdc/img2build_pipeline/comparison_output/qualitative_pack_100cases_20260417/ablation/chair_0155/ours_base_mesh.glb,/home/tdc/img2build_pipeline/comparison_output/qualitative_pack_100cases_20260417/ablation/chair_0155/ours_base_structure.json,/home/tdc/img2build_pipeline/comparison_output/qualitative_pack_100cases_20260417/ablation/chair_0155/ours_base_diagnostics.json,/home/tdc/img2build_pipeline/output/lego_style_dataset_v1/samples/chair_0155_s00_rotate_x,/home/tdc/img2build_pipeline/output/lego_style_dataset_v1/samples/chair_0155_s00_rotate_x/target_mesh.glb,True,135,1.0,0.044444444444444446,0.2814814814814815,0.3361890748219809,0.14586318963287748,0.0,6,38,135,,True,True,True
ablation,chair_0155,ours_ft,/home/tdc/img2build_pipeline/comparison_output/qualitative_pack_100cases_20260417/ablation/chair_0155/summary.json,/home/tdc/img2build_pipeline/comparison_output/qualitative_pack_100cases_20260417/ablation/chair_0155/ours_ft_mesh.glb,/home/tdc/img2build_pipeline/comparison_output/qualitative_pack_100cases_20260417/ablation/chair_0155/ours_ft_structure.json,/home/tdc/img2build_pipeline/comparison_output/qualitative_pack_100cases_20260417/ablation/chair_0155/ours_ft_diagnostics.json,/home/tdc/img2build_pipeline/output/lego_style_dataset_v1/samples/chair_0155_s00_rotate_x,/home/tdc/img2build_pipeline/output/lego_style_dataset_v1/samples/chair_0155_s00_rotate_x/target_mesh.glb,True,137,1.0,0.029197080291970802,0.24087591240875914,0.33306546259385594,0.13819328192423688,0.0,4,33,137,,True,True,True
ablation,chair_0155,ours_full,/home/tdc/img2build_pipeline/comparison_output/qualitative_pack_100cases_20260417/ablation/chair_0155/summary.json,/home/tdc/img2build_pipeline/comparison_output/qualitative_pack_100cases_20260417/ablation/chair_0155/ours_full_mesh.glb,/home/tdc/img2build_pipeline/comparison_output/qualitative_pack_100cases_20260417/ablation/chair_0155/ours_full_structure.json,/home/tdc/img2build_pipeline/comparison_output/qualitative_pack_100cases_20260417/ablation/chair_0155/ours_full_diagnostics.json,/home/tdc/img2build_pipeline/output/lego_style_dataset_v1/samples/chair_0155_s00_rotate_x,/home/tdc/img2build_pipeline/output/lego_style_dataset_v1/samples/chair_0155_s00_rotate_x/target_mesh.glb,True,126,1.0,0.023809523809523808,0.24603174603174602,0.3365955221664154,0.13757020691129415,0.0,3,31,126,,True,True,True
ablation,chair_0157,ours_base,/home/tdc/img2build_pipeline/comparison_output/qualitative_pack_100cases_20260417/ablation/chair_0157/summary.json,/home/tdc/img2build_pipeline/comparison_output/qualitative_pack_100cases_20260417/ablation/chair_0157/ours_base_mesh.glb,/home/tdc/img2build_pipeline/comparison_output/qualitative_pack_100cases_20260417/ablation/chair_0157/ours_base_structure.json,/home/tdc/img2build_pipeline/comparison_output/qualitative_pack_100cases_20260417/ablation/chair_0157/ours_base_diagnostics.json,/home/tdc/img2build_pipeline/output/lego_style_dataset_v1/samples/chair_0157_s00_rotate_x,/home/tdc/img2build_pipeline/output/lego_style_dataset_v1/samples/chair_0157_s00_rotate_x/target_mesh.glb,True,104,0.9423076923076923,0.125,0.4519230769230769,0.27175083850970183,0.06419823780522534,0.057692307692307696,13,47,104,,True,True,True
ablation,chair_0157,ours_ft,/home/tdc/img2build_pipeline/comparison_output/qualitative_pack_100cases_20260417/ablation/chair_0157/summary.json,/home/tdc/img2build_pipeline/comparison_output/qualitative_pack_100cases_20260417/ablation/chair_0157/ours_ft_mesh.glb,/home/tdc/img2build_pipeline/comparison_output/qualitative_pack_100cases_20260417/ablation/chair_0157/ours_ft_structure.json,/home/tdc/img2build_pipeline/comparison_output/qualitative_pack_100cases_20260417/ablation/chair_0157/ours_ft_diagnostics.json,/home/tdc/img2build_pipeline/output/lego_style_dataset_v1/samples/chair_0157_s00_rotate_x,/home/tdc/img2build_pipeline/output/lego_style_dataset_v1/samples/chair_0157_s00_rotate_x/target_mesh.glb,True,82,1.0,0.012195121951219513,0.3780487804878049,0.290265534017184,0.0703158018754914,0.0,1,31,82,,True,True,True
ablation,chair_0157,ours_full,/home/tdc/img2build_pipeline/comparison_output/qualitative_pack_100cases_20260417/ablation/chair_0157/summary.json,/home/tdc/img2build_pipeline/comparison_output/qualitative_pack_100cases_20260417/ablation/chair_0157/ours_full_mesh.glb,/home/tdc/img2build_pipeline/comparison_output/qualitative_pack_100cases_20260417/ablation/chair_0157/ours_full_structure.json,/home/tdc/img2build_pipeline/comparison_output/qualitative_pack_100cases_20260417/ablation/chair_0157/ours_full_diagnostics.json,/home/tdc/img2build_pipeline/output/lego_style_dataset_v1/samples/chair_0157_s00_rotate_x,/home/tdc/img2build_pipeline/output/lego_style_dataset_v1/samples/chair_0157_s00_rotate_x/target_mesh.glb,True,81,1.0,0.0,0.38271604938271603,0.2820958797716037,0.070695626061138,0.0,0,31,81,,True,True,True
ablation,chair_0158,ours_base,/home/tdc/img2build_pipeline/comparison_output/qualitative_pack_100cases_20260417/ablation/chair_0158/summary.json,/home/tdc/img2build_pipeline/comparison_output/qualitative_pack_100cases_20260417/ablation/chair_0158/ours_base_mesh.glb,/home/tdc/img2build_pipeline/comparison_output/qualitative_pack_100cases_20260417/ablation/chair_0158/ours_base_structure.json,/home/tdc/img2build_pipeline/comparison_output/qualitative_pack_100cases_20260417/ablation/chair_0158/ours_base_diagnostics.json,/home/tdc/img2build_pipeline/output/lego_style_dataset_v1/samples/chair_0158_s00_rotate_x,/home/tdc/img2build_pipeline/output/lego_style_dataset_v1/samples/chair_0158_s00_rotate_x/target_mesh.glb,True,109,0.9908256880733946,0.08256880733944955,0.41284403669724773,0.15844280159499924,0.02717871806360265,0.009174311926605505,9,45,109,,True,True,True
ablation,chair_0158,ours_ft,/home/tdc/img2build_pipeline/comparison_output/qualitative_pack_100cases_20260417/ablation/chair_0158/summary.json,/home/tdc/img2build_pipeline/comparison_output/qualitative_pack_100cases_20260417/ablation/chair_0158/ours_ft_mesh.glb,/home/tdc/img2build_pipeline/comparison_output/qualitative_pack_100cases_20260417/ablation/chair_0158/ours_ft_structure.json,/home/tdc/img2build_pipeline/comparison_output/qualitative_pack_100cases_20260417/ablation/chair_0158/ours_ft_diagnostics.json,/home/tdc/img2build_pipeline/output/lego_style_dataset_v1/samples/chair_0158_s00_rotate_x,/home/tdc/img2build_pipeline/output/lego_style_dataset_v1/samples/chair_0158_s00_rotate_x/target_mesh.glb,True,79,1.0,0.012658227848101266,0.4050632911392405,0.17266631447224104,0.027781036786181823,0.0,1,32,79,,True,True,True
ablation,chair_0158,ours_full,/home/tdc/img2build_pipeline/comparison_output/qualitative_pack_100cases_20260417/ablation/chair_0158/summary.json,/home/tdc/img2build_pipeline/comparison_output/qualitative_pack_100cases_20260417/ablation/chair_0158/ours_full_mesh.glb,/home/tdc/img2build_pipeline/comparison_output/qualitative_pack_100cases_20260417/ablation/chair_0158/ours_full_structure.json,/home/tdc/img2build_pipeline/comparison_output/qualitative_pack_100cases_20260417/ablation/chair_0158/ours_full_diagnostics.json,/home/tdc/img2build_pipeline/output/lego_style_dataset_v1/samples/chair_0158_s00_rotate_x,/home/tdc/img2build_pipeline/output/lego_style_dataset_v1/samples/chair_0158_s00_rotate_x/target_mesh.glb,True,80,1.0,0.025,0.4125,0.1716005152689613,0.02790660540773855,0.0,2,33,80,,True,True,True
ablation,chair_0159,ours_base,/home/tdc/img2build_pipeline/comparison_output/qualitative_pack_100cases_20260417/ablation/chair_0159/summary.json,/home/tdc/img2build_pipeline/comparison_output/qualitative_pack_100cases_20260417/ablation/chair_0159/ours_base_mesh.glb,/home/tdc/img2build_pipeline/comparison_output/qualitative_pack_100cases_20260417/ablation/chair_0159/ours_base_structure.json,/home/tdc/img2build_pipeline/comparison_output/qualitative_pack_100cases_20260417/ablation/chair_0159/ours_base_diagnostics.json,/home/tdc/img2build_pipeline/output/lego_style_dataset_v1/samples/chair_0159_s00_rotate_x,/home/tdc/img2build_pipeline/output/lego_style_dataset_v1/samples/chair_0159_s00_rotate_x/target_mesh.glb,True,95,0.8105263157894737,0.18947368421052632,0.4842105263157895,0.18136337154275095,0.025380156979115012,0.07368421052631578,18,46,95,,True,True,True
ablation,chair_0159,ours_ft,/home/tdc/img2build_pipeline/comparison_output/qualitative_pack_100cases_20260417/ablation/chair_0159/summary.json,/home/tdc/img2build_pipeline/comparison_output/qualitative_pack_100cases_20260417/ablation/chair_0159/ours_ft_mesh.glb,/home/tdc/img2build_pipeline/comparison_output/qualitative_pack_100cases_20260417/ablation/chair_0159/ours_ft_structure.json,/home/tdc/img2build_pipeline/comparison_output/qualitative_pack_100cases_20260417/ablation/chair_0159/ours_ft_diagnostics.json,/home/tdc/img2build_pipeline/output/lego_style_dataset_v1/samples/chair_0159_s00_rotate_x,/home/tdc/img2build_pipeline/output/lego_style_dataset_v1/samples/chair_0159_s00_rotate_x/target_mesh.glb,True,114,0.9736842105263158,0.05263157894736842,0.2894736842105263,0.18813051532869832,0.02418147734576817,0.02631578947368421,6,33,114,,True,True,True
ablation,chair_0159,ours_full,/home/tdc/img2build_pipeline/comparison_output/qualitative_pack_100cases_20260417/ablation/chair_0159/summary.json,/home/tdc/img2build_pipeline/comparison_output/qualitative_pack_100cases_20260417/ablation/chair_0159/ours_full_mesh.glb,/home/tdc/img2build_pipeline/comparison_output/qualitative_pack_100cases_20260417/ablation/chair_0159/ours_full_structure.json,/home/tdc/img2build_pipeline/comparison_output/qualitative_pack_100cases_20260417/ablation/chair_0159/ours_full_diagnostics.json,/home/tdc/img2build_pipeline/output/lego_style_dataset_v1/samples/chair_0159_s00_rotate_x,/home/tdc/img2build_pipeline/output/lego_style_dataset_v1/samples/chair_0159_s00_rotate_x/target_mesh.glb,True,114,0.9736842105263158,0.03508771929824561,0.3157894736842105,0.1881434653526643,0.024242937552350657,0.02631578947368421,4,36,114,,True,True,True
ablation,chest_of_drawers_0003,ours_base,/home/tdc/img2build_pipeline/comparison_output/qualitative_pack_100cases_20260417/ablation/chest_of_drawers_0003/summary.json,/home/tdc/img2build_pipeline/comparison_output/qualitative_pack_100cases_20260417/ablation/chest_of_drawers_0003/ours_base_mesh.glb,/home/tdc/img2build_pipeline/comparison_output/qualitative_pack_100cases_20260417/ablation/chest_of_drawers_0003/ours_base_structure.json,/home/tdc/img2build_pipeline/comparison_output/qualitative_pack_100cases_20260417/ablation/chest_of_drawers_0003/ours_base_diagnostics.json,/home/tdc/img2build_pipeline/output/lego_style_dataset_v1/samples/chest_of_drawers_0003_s00_rotate_x,/home/tdc/img2build_pipeline/output/lego_style_dataset_v1/samples/chest_of_drawers_0003_s00_rotate_x/target_mesh.glb,True,212,1.0,0.0047169811320754715,0.07075471698113207,0.23823788481379884,0.05314465706166896,0.0,1,15,212,,True,True,True
ablation,chest_of_drawers_0003,ours_ft,/home/tdc/img2build_pipeline/comparison_output/qualitative_pack_100cases_20260417/ablation/chest_of_drawers_0003/summary.json,/home/tdc/img2build_pipeline/comparison_output/qualitative_pack_100cases_20260417/ablation/chest_of_drawers_0003/ours_ft_mesh.glb,/home/tdc/img2build_pipeline/comparison_output/qualitative_pack_100cases_20260417/ablation/chest_of_drawers_0003/ours_ft_structure.json,/home/tdc/img2build_pipeline/comparison_output/qualitative_pack_100cases_20260417/ablation/chest_of_drawers_0003/ours_ft_diagnostics.json,/home/tdc/img2build_pipeline/output/lego_style_dataset_v1/samples/chest_of_drawers_0003_s00_rotate_x,/home/tdc/img2build_pipeline/output/lego_style_dataset_v1/samples/chest_of_drawers_0003_s00_rotate_x/target_mesh.glb,True,188,1.0,0.0,0.07446808510638298,0.2316905810586024,0.0396847767508348,0.0,0,14,188,,True,True,True
ablation,chest_of_drawers_0003,ours_full,/home/tdc/img2build_pipeline/comparison_output/qualitative_pack_100cases_20260417/ablation/chest_of_drawers_0003/summary.json,/home/tdc/img2build_pipeline/comparison_output/qualitative_pack_100cases_20260417/ablation/chest_of_drawers_0003/ours_full_mesh.glb,/home/tdc/img2build_pipeline/comparison_output/qualitative_pack_100cases_20260417/ablation/chest_of_drawers_0003/ours_full_structure.json,/home/tdc/img2build_pipeline/comparison_output/qualitative_pack_100cases_20260417/ablation/chest_of_drawers_0003/ours_full_diagnostics.json,/home/tdc/img2build_pipeline/output/lego_style_dataset_v1/samples/chest_of_drawers_0003_s00_rotate_x,/home/tdc/img2build_pipeline/output/lego_style_dataset_v1/samples/chest_of_drawers_0003_s00_rotate_x/target_mesh.glb,True,190,1.0,0.0,0.07368421052631578,0.23557057487707767,0.03993242454455767,0.0,0,14,190,,True,True,True
ablation,chest_of_drawers_0007,ours_base,/home/tdc/img2build_pipeline/comparison_output/qualitative_pack_100cases_20260417/ablation/chest_of_drawers_0007/summary.json,/home/tdc/img2build_pipeline/comparison_output/qualitative_pack_100cases_20260417/ablation/chest_of_drawers_0007/ours_base_mesh.glb,/home/tdc/img2build_pipeline/comparison_output/qualitative_pack_100cases_20260417/ablation/chest_of_drawers_0007/ours_base_structure.json,/home/tdc/img2build_pipeline/comparison_output/qualitative_pack_100cases_20260417/ablation/chest_of_drawers_0007/ours_base_diagnostics.json,/home/tdc/img2build_pipeline/output/lego_style_dataset_v1/samples/chest_of_drawers_0007_s00_rotate_x,/home/tdc/img2build_pipeline/output/lego_style_dataset_v1/samples/chest_of_drawers_0007_s00_rotate_x/target_mesh.glb,True,24,1.0,0.0,0.5,0.15396684521379467,0.029468953794661672,0.0,0,12,24,,True,True,True
ablation,chest_of_drawers_0007,ours_ft,/home/tdc/img2build_pipeline/comparison_output/qualitative_pack_100cases_20260417/ablation/chest_of_drawers_0007/summary.json,/home/tdc/img2build_pipeline/comparison_output/qualitative_pack_100cases_20260417/ablation/chest_of_drawers_0007/ours_ft_mesh.glb,/home/tdc/img2build_pipeline/comparison_output/qualitative_pack_100cases_20260417/ablation/chest_of_drawers_0007/ours_ft_structure.json,/home/tdc/img2build_pipeline/comparison_output/qualitative_pack_100cases_20260417/ablation/chest_of_drawers_0007/ours_ft_diagnostics.json,/home/tdc/img2build_pipeline/output/lego_style_dataset_v1/samples/chest_of_drawers_0007_s00_rotate_x,/home/tdc/img2build_pipeline/output/lego_style_dataset_v1/samples/chest_of_drawers_0007_s00_rotate_x/target_mesh.glb,True,59,0.03389830508474576,0.9830508474576272,1.0,0.1638891806899232,0.025274368559825254,0.9661016949152542,58,59,59,,True,True,True
ablation,chest_of_drawers_0007,ours_full,/home/tdc/img2build_pipeline/comparison_output/qualitative_pack_100cases_20260417/ablation/chest_of_drawers_0007/summary.json,/home/tdc/img2build_pipeline/comparison_output/qualitative_pack_100cases_20260417/ablation/chest_of_drawers_0007/ours_full_mesh.glb,/home/tdc/img2build_pipeline/comparison_output/qualitative_pack_100cases_20260417/ablation/chest_of_drawers_0007/ours_full_structure.json,/home/tdc/img2build_pipeline/comparison_output/qualitative_pack_100cases_20260417/ablation/chest_of_drawers_0007/ours_full_diagnostics.json,/home/tdc/img2build_pipeline/output/lego_style_dataset_v1/samples/chest_of_drawers_0007_s00_rotate_x,/home/tdc/img2build_pipeline/output/lego_style_dataset_v1/samples/chest_of_drawers_0007_s00_rotate_x/target_mesh.glb,True,55,0.01818181818181818,1.0,1.0,0.15935359085485856,0.025114180788578418,1.0,55,55,55,,True,True,True
ablation,chest_of_drawers_0022,ours_base,/home/tdc/img2build_pipeline/comparison_output/qualitative_pack_100cases_20260417/ablation/chest_of_drawers_0022/summary.json,/home/tdc/img2build_pipeline/comparison_output/qualitative_pack_100cases_20260417/ablation/chest_of_drawers_0022/ours_base_mesh.glb,/home/tdc/img2build_pipeline/comparison_output/qualitative_pack_100cases_20260417/ablation/chest_of_drawers_0022/ours_base_structure.json,/home/tdc/img2build_pipeline/comparison_output/qualitative_pack_100cases_20260417/ablation/chest_of_drawers_0022/ours_base_diagnostics.json,/home/tdc/img2build_pipeline/output/lego_style_dataset_v1/samples/chest_of_drawers_0022_s00_rotate_x,/home/tdc/img2build_pipeline/output/lego_style_dataset_v1/samples/chest_of_drawers_0022_s00_rotate_x/target_mesh.glb,True,240,1.0,0.0,0.0625,0.2272580678143104,0.03213972319236391,0.0,0,15,240,,True,True,True
ablation,chest_of_drawers_0022,ours_ft,/home/tdc/img2build_pipeline/comparison_output/qualitative_pack_100cases_20260417/ablation/chest_of_drawers_0022/summary.json,/home/tdc/img2build_pipeline/comparison_output/qualitative_pack_100cases_20260417/ablation/chest_of_drawers_0022/ours_ft_mesh.glb,/home/tdc/img2build_pipeline/comparison_output/qualitative_pack_100cases_20260417/ablation/chest_of_drawers_0022/ours_ft_structure.json,/home/tdc/img2build_pipeline/comparison_output/qualitative_pack_100cases_20260417/ablation/chest_of_drawers_0022/ours_ft_diagnostics.json,/home/tdc/img2build_pipeline/output/lego_style_dataset_v1/samples/chest_of_drawers_0022_s00_rotate_x,/home/tdc/img2build_pipeline/output/lego_style_dataset_v1/samples/chest_of_drawers_0022_s00_rotate_x/target_mesh.glb,True,347,1.0,0.005763688760806916,0.04610951008645533,0.23220710904649383,0.026275006641134926,0.0,2,16,347,,True,True,True
ablation,chest_of_drawers_0022,ours_full,/home/tdc/img2build_pipeline/comparison_output/qualitative_pack_100cases_20260417/ablation/chest_of_drawers_0022/summary.json,/home/tdc/img2build_pipeline/comparison_output/qualitative_pack_100cases_20260417/ablation/chest_of_drawers_0022/ours_full_mesh.glb,/home/tdc/img2build_pipeline/comparison_output/qualitative_pack_100cases_20260417/ablation/chest_of_drawers_0022/ours_full_structure.json,/home/tdc/img2build_pipeline/comparison_output/qualitative_pack_100cases_20260417/ablation/chest_of_drawers_0022/ours_full_diagnostics.json,/home/tdc/img2build_pipeline/output/lego_style_dataset_v1/samples/chest_of_drawers_0022_s00_rotate_x,/home/tdc/img2build_pipeline/output/lego_style_dataset_v1/samples/chest_of_drawers_0022_s00_rotate_x/target_mesh.glb,True,344,1.0,0.0,0.046511627906976744,0.24123431989478356,0.02648414099338615,0.0,0,16,344,,True,True,True
ablation,chest_of_drawers_0023,ours_base,/home/tdc/img2build_pipeline/comparison_output/qualitative_pack_100cases_20260417/ablation/chest_of_drawers_0023/summary.json,/home/tdc/img2build_pipeline/comparison_output/qualitative_pack_100cases_20260417/ablation/chest_of_drawers_0023/ours_base_mesh.glb,/home/tdc/img2build_pipeline/comparison_output/qualitative_pack_100cases_20260417/ablation/chest_of_drawers_0023/ours_base_structure.json,/home/tdc/img2build_pipeline/comparison_output/qualitative_pack_100cases_20260417/ablation/chest_of_drawers_0023/ours_base_diagnostics.json,/home/tdc/img2build_pipeline/output/lego_style_dataset_v1/samples/chest_of_drawers_0023_s00_rotate_x,/home/tdc/img2build_pipeline/output/lego_style_dataset_v1/samples/chest_of_drawers_0023_s00_rotate_x/target_mesh.glb,True,164,1.0,0.036585365853658534,0.2621951219512195,0.14605420484672177,0.010612030759119522,0.0,6,43,164,,True,True,True
ablation,chest_of_drawers_0023,ours_ft,/home/tdc/img2build_pipeline/comparison_output/qualitative_pack_100cases_20260417/ablation/chest_of_drawers_0023/summary.json,/home/tdc/img2build_pipeline/comparison_output/qualitative_pack_100cases_20260417/ablation/chest_of_drawers_0023/ours_ft_mesh.glb,/home/tdc/img2build_pipeline/comparison_output/qualitative_pack_100cases_20260417/ablation/chest_of_drawers_0023/ours_ft_structure.json,/home/tdc/img2build_pipeline/comparison_output/qualitative_pack_100cases_20260417/ablation/chest_of_drawers_0023/ours_ft_diagnostics.json,/home/tdc/img2build_pipeline/output/lego_style_dataset_v1/samples/chest_of_drawers_0023_s00_rotate_x,/home/tdc/img2build_pipeline/output/lego_style_dataset_v1/samples/chest_of_drawers_0023_s00_rotate_x/target_mesh.glb,True,189,1.0,0.026455026455026454,0.1693121693121693,0.12558363641878362,0.0077281339120812125,0.0,5,32,189,,True,True,True
ablation,chest_of_drawers_0023,ours_full,/home/tdc/img2build_pipeline/comparison_output/qualitative_pack_100cases_20260417/ablation/chest_of_drawers_0023/summary.json,/home/tdc/img2build_pipeline/comparison_output/qualitative_pack_100cases_20260417/ablation/chest_of_drawers_0023/ours_full_mesh.glb,/home/tdc/img2build_pipeline/comparison_output/qualitative_pack_100cases_20260417/ablation/chest_of_drawers_0023/ours_full_structure.json,/home/tdc/img2build_pipeline/comparison_output/qualitative_pack_100cases_20260417/ablation/chest_of_drawers_0023/ours_full_diagnostics.json,/home/tdc/img2build_pipeline/output/lego_style_dataset_v1/samples/chest_of_drawers_0023_s00_rotate_x,/home/tdc/img2build_pipeline/output/lego_style_dataset_v1/samples/chest_of_drawers_0023_s00_rotate_x/target_mesh.glb,True,185,1.0,0.016216216216216217,0.21081081081081082,0.12647783957231823,0.0077049882134268294,0.0,3,39,185,,True,True,True
ablation,chest_of_drawers_0037,ours_base,/home/tdc/img2build_pipeline/comparison_output/qualitative_pack_100cases_20260417/ablation/chest_of_drawers_0037/summary.json,/home/tdc/img2build_pipeline/comparison_output/qualitative_pack_100cases_20260417/ablation/chest_of_drawers_0037/ours_base_mesh.glb,/home/tdc/img2build_pipeline/comparison_output/qualitative_pack_100cases_20260417/ablation/chest_of_drawers_0037/ours_base_structure.json,/home/tdc/img2build_pipeline/comparison_output/qualitative_pack_100cases_20260417/ablation/chest_of_drawers_0037/ours_base_diagnostics.json,/home/tdc/img2build_pipeline/output/lego_style_dataset_v1/samples/chest_of_drawers_0037_s00_rotate_x,/home/tdc/img2build_pipeline/output/lego_style_dataset_v1/samples/chest_of_drawers_0037_s00_rotate_x/target_mesh.glb,True,90,1.0,0.08888888888888889,0.2,0.13011012235235003,0.010752555281728297,0.0,8,18,90,,True,True,True
ablation,chest_of_drawers_0037,ours_ft,/home/tdc/img2build_pipeline/comparison_output/qualitative_pack_100cases_20260417/ablation/chest_of_drawers_0037/summary.json,/home/tdc/img2build_pipeline/comparison_output/qualitative_pack_100cases_20260417/ablation/chest_of_drawers_0037/ours_ft_mesh.glb,/home/tdc/img2build_pipeline/comparison_output/qualitative_pack_100cases_20260417/ablation/chest_of_drawers_0037/ours_ft_structure.json,/home/tdc/img2build_pipeline/comparison_output/qualitative_pack_100cases_20260417/ablation/chest_of_drawers_0037/ours_ft_diagnostics.json,/home/tdc/img2build_pipeline/output/lego_style_dataset_v1/samples/chest_of_drawers_0037_s00_rotate_x,/home/tdc/img2build_pipeline/output/lego_style_dataset_v1/samples/chest_of_drawers_0037_s00_rotate_x/target_mesh.glb,True,133,1.0,0.015037593984962405,0.15789473684210525,0.12983573196515152,0.008143601301079263,0.0,2,21,133,,True,True,True
ablation,chest_of_drawers_0037,ours_full,/home/tdc/img2build_pipeline/comparison_output/qualitative_pack_100cases_20260417/ablation/chest_of_drawers_0037/summary.json,/home/tdc/img2build_pipeline/comparison_output/qualitative_pack_100cases_20260417/ablation/chest_of_drawers_0037/ours_full_mesh.glb,/home/tdc/img2build_pipeline/comparison_output/qualitative_pack_100cases_20260417/ablation/chest_of_drawers_0037/ours_full_structure.json,/home/tdc/img2build_pipeline/comparison_output/qualitative_pack_100cases_20260417/ablation/chest_of_drawers_0037/ours_full_diagnostics.json,/home/tdc/img2build_pipeline/output/lego_style_dataset_v1/samples/chest_of_drawers_0037_s00_rotate_x,/home/tdc/img2build_pipeline/output/lego_style_dataset_v1/samples/chest_of_drawers_0037_s00_rotate_x/target_mesh.glb,True,137,1.0,0.014598540145985401,0.11678832116788321,0.131478276276832,0.008263707595034439,0.0,2,16,137,,True,True,True
ablation,chest_of_drawers_0039,ours_base,/home/tdc/img2build_pipeline/comparison_output/qualitative_pack_100cases_20260417/ablation/chest_of_drawers_0039/summary.json,/home/tdc/img2build_pipeline/comparison_output/qualitative_pack_100cases_20260417/ablation/chest_of_drawers_0039/ours_base_mesh.glb,/home/tdc/img2build_pipeline/comparison_output/qualitative_pack_100cases_20260417/ablation/chest_of_drawers_0039/ours_base_structure.json,/home/tdc/img2build_pipeline/comparison_output/qualitative_pack_100cases_20260417/ablation/chest_of_drawers_0039/ours_base_diagnostics.json,/home/tdc/img2build_pipeline/output/lego_style_dataset_v1/samples/chest_of_drawers_0039_s00_rotate_x,/home/tdc/img2build_pipeline/output/lego_style_dataset_v1/samples/chest_of_drawers_0039_s00_rotate_x/target_mesh.glb,True,213,1.0,0.0,0.07981220657276995,0.18856509019859147,0.01699009581292099,0.0,0,17,213,,True,True,True
ablation,chest_of_drawers_0039,ours_ft,/home/tdc/img2build_pipeline/comparison_output/qualitative_pack_100cases_20260417/ablation/chest_of_drawers_0039/summary.json,/home/tdc/img2build_pipeline/comparison_output/qualitative_pack_100cases_20260417/ablation/chest_of_drawers_0039/ours_ft_mesh.glb,/home/tdc/img2build_pipeline/comparison_output/qualitative_pack_100cases_20260417/ablation/chest_of_drawers_0039/ours_ft_structure.json,/home/tdc/img2build_pipeline/comparison_output/qualitative_pack_100cases_20260417/ablation/chest_of_drawers_0039/ours_ft_diagnostics.json,/home/tdc/img2build_pipeline/output/lego_style_dataset_v1/samples/chest_of_drawers_0039_s00_rotate_x,/home/tdc/img2build_pipeline/output/lego_style_dataset_v1/samples/chest_of_drawers_0039_s00_rotate_x/target_mesh.glb,True,257,1.0,0.0,0.058365758754863814,0.17063053611561407,0.013888550193394666,0.0,0,15,257,,True,True,True
ablation,chest_of_drawers_0039,ours_full,/home/tdc/img2build_pipeline/comparison_output/qualitative_pack_100cases_20260417/ablation/chest_of_drawers_0039/summary.json,/home/tdc/img2build_pipeline/comparison_output/qualitative_pack_100cases_20260417/ablation/chest_of_drawers_0039/ours_full_mesh.glb,/home/tdc/img2build_pipeline/comparison_output/qualitative_pack_100cases_20260417/ablation/chest_of_drawers_0039/ours_full_structure.json,/home/tdc/img2build_pipeline/comparison_output/qualitative_pack_100cases_20260417/ablation/chest_of_drawers_0039/ours_full_diagnostics.json,/home/tdc/img2build_pipeline/output/lego_style_dataset_v1/samples/chest_of_drawers_0039_s00_rotate_x,/home/tdc/img2build_pipeline/output/lego_style_dataset_v1/samples/chest_of_drawers_0039_s00_rotate_x/target_mesh.glb,True,238,1.0,0.0,0.03361344537815126,0.19531518850002832,0.013664597846090965,0.0,0,8,238,,True,True,True
ablation,chest_of_drawers_0045,ours_base,/home/tdc/img2build_pipeline/comparison_output/qualitative_pack_100cases_20260417/ablation/chest_of_drawers_0045/summary.json,/home/tdc/img2build_pipeline/comparison_output/qualitative_pack_100cases_20260417/ablation/chest_of_drawers_0045/ours_base_mesh.glb,/home/tdc/img2build_pipeline/comparison_output/qualitative_pack_100cases_20260417/ablation/chest_of_drawers_0045/ours_base_structure.json,/home/tdc/img2build_pipeline/comparison_output/qualitative_pack_100cases_20260417/ablation/chest_of_drawers_0045/ours_base_diagnostics.json,/home/tdc/img2build_pipeline/output/lego_style_dataset_v1/samples/chest_of_drawers_0045_s00_rotate_x,/home/tdc/img2build_pipeline/output/lego_style_dataset_v1/samples/chest_of_drawers_0045_s00_rotate_x/target_mesh.glb,True,240,1.0,0.0,0.0625,0.23075021728790784,0.03610646327390893,0.0,0,15,240,,True,True,True
ablation,chest_of_drawers_0045,ours_ft,/home/tdc/img2build_pipeline/comparison_output/qualitative_pack_100cases_20260417/ablation/chest_of_drawers_0045/summary.json,/home/tdc/img2build_pipeline/comparison_output/qualitative_pack_100cases_20260417/ablation/chest_of_drawers_0045/ours_ft_mesh.glb,/home/tdc/img2build_pipeline/comparison_output/qualitative_pack_100cases_20260417/ablation/chest_of_drawers_0045/ours_ft_structure.json,/home/tdc/img2build_pipeline/comparison_output/qualitative_pack_100cases_20260417/ablation/chest_of_drawers_0045/ours_ft_diagnostics.json,/home/tdc/img2build_pipeline/output/lego_style_dataset_v1/samples/chest_of_drawers_0045_s00_rotate_x,/home/tdc/img2build_pipeline/output/lego_style_dataset_v1/samples/chest_of_drawers_0045_s00_rotate_x/target_mesh.glb,True,298,1.0,0.0,0.06040268456375839,0.20019773905978683,0.020748594868459796,0.0,0,18,298,,True,True,True
ablation,chest_of_drawers_0045,ours_full,/home/tdc/img2build_pipeline/comparison_output/qualitative_pack_100cases_20260417/ablation/chest_of_drawers_0045/summary.json,/home/tdc/img2build_pipeline/comparison_output/qualitative_pack_100cases_20260417/ablation/chest_of_drawers_0045/ours_full_mesh.glb,/home/tdc/img2build_pipeline/comparison_output/qualitative_pack_100cases_20260417/ablation/chest_of_drawers_0045/ours_full_structure.json,/home/tdc/img2build_pipeline/comparison_output/qualitative_pack_100cases_20260417/ablation/chest_of_drawers_0045/ours_full_diagnostics.json,/home/tdc/img2build_pipeline/output/lego_style_dataset_v1/samples/chest_of_drawers_0045_s00_rotate_x,/home/tdc/img2build_pipeline/output/lego_style_dataset_v1/samples/chest_of_drawers_0045_s00_rotate_x/target_mesh.glb,True,288,1.0,0.0,0.0625,0.20639692940389753,0.020944465613892016,0.0,0,18,288,,True,True,True
ablation,chest_of_drawers_0056,ours_base,/home/tdc/img2build_pipeline/comparison_output/qualitative_pack_100cases_20260417/ablation/chest_of_drawers_0056/summary.json,/home/tdc/img2build_pipeline/comparison_output/qualitative_pack_100cases_20260417/ablation/chest_of_drawers_0056/ours_base_mesh.glb,/home/tdc/img2build_pipeline/comparison_output/qualitative_pack_100cases_20260417/ablation/chest_of_drawers_0056/ours_base_structure.json,/home/tdc/img2build_pipeline/comparison_output/qualitative_pack_100cases_20260417/ablation/chest_of_drawers_0056/ours_base_diagnostics.json,/home/tdc/img2build_pipeline/output/lego_style_dataset_v1/samples/chest_of_drawers_0056_s00_rotate_x,/home/tdc/img2build_pipeline/output/lego_style_dataset_v1/samples/chest_of_drawers_0056_s00_rotate_x/target_mesh.glb,True,204,1.0,0.0,0.058823529411764705,0.2515073034105656,0.055014215771773414,0.0,0,12,204,,True,True,True
ablation,chest_of_drawers_0056,ours_ft,/home/tdc/img2build_pipeline/comparison_output/qualitative_pack_100cases_20260417/ablation/chest_of_drawers_0056/summary.json,/home/tdc/img2build_pipeline/comparison_output/qualitative_pack_100cases_20260417/ablation/chest_of_drawers_0056/ours_ft_mesh.glb,/home/tdc/img2build_pipeline/comparison_output/qualitative_pack_100cases_20260417/ablation/chest_of_drawers_0056/ours_ft_structure.json,/home/tdc/img2build_pipeline/comparison_output/qualitative_pack_100cases_20260417/ablation/chest_of_drawers_0056/ours_ft_diagnostics.json,/home/tdc/img2build_pipeline/output/lego_style_dataset_v1/samples/chest_of_drawers_0056_s00_rotate_x,/home/tdc/img2build_pipeline/output/lego_style_dataset_v1/samples/chest_of_drawers_0056_s00_rotate_x/target_mesh.glb,True,207,1.0,0.0,0.06763285024154589,0.257847183693349,0.04148587044906524,0.0,0,14,207,,True,True,True
ablation,chest_of_drawers_0056,ours_full,/home/tdc/img2build_pipeline/comparison_output/qualitative_pack_100cases_20260417/ablation/chest_of_drawers_0056/summary.json,/home/tdc/img2build_pipeline/comparison_output/qualitative_pack_100cases_20260417/ablation/chest_of_drawers_0056/ours_full_mesh.glb,/home/tdc/img2build_pipeline/comparison_output/qualitative_pack_100cases_20260417/ablation/chest_of_drawers_0056/ours_full_structure.json,/home/tdc/img2build_pipeline/comparison_output/qualitative_pack_100cases_20260417/ablation/chest_of_drawers_0056/ours_full_diagnostics.json,/home/tdc/img2build_pipeline/output/lego_style_dataset_v1/samples/chest_of_drawers_0056_s00_rotate_x,/home/tdc/img2build_pipeline/output/lego_style_dataset_v1/samples/chest_of_drawers_0056_s00_rotate_x/target_mesh.glb,True,205,1.0,0.0,0.06341463414634146,0.2533716793040781,0.04114664134936723,0.0,0,13,205,,True,True,True
ablation,chest_of_drawers_0060,ours_base,/home/tdc/img2build_pipeline/comparison_output/qualitative_pack_100cases_20260417/ablation/chest_of_drawers_0060/summary.json,/home/tdc/img2build_pipeline/comparison_output/qualitative_pack_100cases_20260417/ablation/chest_of_drawers_0060/ours_base_mesh.glb,/home/tdc/img2build_pipeline/comparison_output/qualitative_pack_100cases_20260417/ablation/chest_of_drawers_0060/ours_base_structure.json,/home/tdc/img2build_pipeline/comparison_output/qualitative_pack_100cases_20260417/ablation/chest_of_drawers_0060/ours_base_diagnostics.json,/home/tdc/img2build_pipeline/output/lego_style_dataset_v1/samples/chest_of_drawers_0060_s00_rotate_x,/home/tdc/img2build_pipeline/output/lego_style_dataset_v1/samples/chest_of_drawers_0060_s00_rotate_x/target_mesh.glb,True,198,1.0,0.010101010101010102,0.050505050505050504,0.24068785186773714,0.051019336796785116,0.0,2,10,198,,True,True,True
ablation,chest_of_drawers_0060,ours_ft,/home/tdc/img2build_pipeline/comparison_output/qualitative_pack_100cases_20260417/ablation/chest_of_drawers_0060/summary.json,/home/tdc/img2build_pipeline/comparison_output/qualitative_pack_100cases_20260417/ablation/chest_of_drawers_0060/ours_ft_mesh.glb,/home/tdc/img2build_pipeline/comparison_output/qualitative_pack_100cases_20260417/ablation/chest_of_drawers_0060/ours_ft_structure.json,/home/tdc/img2build_pipeline/comparison_output/qualitative_pack_100cases_20260417/ablation/chest_of_drawers_0060/ours_ft_diagnostics.json,/home/tdc/img2build_pipeline/output/lego_style_dataset_v1/samples/chest_of_drawers_0060_s00_rotate_x,/home/tdc/img2build_pipeline/output/lego_style_dataset_v1/samples/chest_of_drawers_0060_s00_rotate_x/target_mesh.glb,True,240,1.0,0.0,0.0625,0.2265721483171603,0.038258644569573334,0.0,0,15,240,,True,True,True
ablation,chest_of_drawers_0060,ours_full,/home/tdc/img2build_pipeline/comparison_output/qualitative_pack_100cases_20260417/ablation/chest_of_drawers_0060/summary.json,/home/tdc/img2build_pipeline/comparison_output/qualitative_pack_100cases_20260417/ablation/chest_of_drawers_0060/ours_full_mesh.glb,/home/tdc/img2build_pipeline/comparison_output/qualitative_pack_100cases_20260417/ablation/chest_of_drawers_0060/ours_full_structure.json,/home/tdc/img2build_pipeline/comparison_output/qualitative_pack_100cases_20260417/ablation/chest_of_drawers_0060/ours_full_diagnostics.json,/home/tdc/img2build_pipeline/output/lego_style_dataset_v1/samples/chest_of_drawers_0060_s00_rotate_x,/home/tdc/img2build_pipeline/output/lego_style_dataset_v1/samples/chest_of_drawers_0060_s00_rotate_x/target_mesh.glb,True,226,1.0,0.0,0.061946902654867256,0.2263031196710891,0.03828511429516185,0.0,0,14,226,,True,True,True
ablation,chest_of_drawers_0065,ours_base,/home/tdc/img2build_pipeline/comparison_output/qualitative_pack_100cases_20260417/ablation/chest_of_drawers_0065/summary.json,/home/tdc/img2build_pipeline/comparison_output/qualitative_pack_100cases_20260417/ablation/chest_of_drawers_0065/ours_base_mesh.glb,/home/tdc/img2build_pipeline/comparison_output/qualitative_pack_100cases_20260417/ablation/chest_of_drawers_0065/ours_base_structure.json,/home/tdc/img2build_pipeline/comparison_output/qualitative_pack_100cases_20260417/ablation/chest_of_drawers_0065/ours_base_diagnostics.json,/home/tdc/img2build_pipeline/output/lego_style_dataset_v1/samples/chest_of_drawers_0065_s00_rotate_x,/home/tdc/img2build_pipeline/output/lego_style_dataset_v1/samples/chest_of_drawers_0065_s00_rotate_x/target_mesh.glb,True,24,1.0,0.16666666666666666,0.5416666666666666,0.143737540441198,0.025079725277314342,0.0,4,13,24,,True,True,True
ablation,chest_of_drawers_0065,ours_ft,/home/tdc/img2build_pipeline/comparison_output/qualitative_pack_100cases_20260417/ablation/chest_of_drawers_0065/summary.json,/home/tdc/img2build_pipeline/comparison_output/qualitative_pack_100cases_20260417/ablation/chest_of_drawers_0065/ours_ft_mesh.glb,/home/tdc/img2build_pipeline/comparison_output/qualitative_pack_100cases_20260417/ablation/chest_of_drawers_0065/ours_ft_structure.json,/home/tdc/img2build_pipeline/comparison_output/qualitative_pack_100cases_20260417/ablation/chest_of_drawers_0065/ours_ft_diagnostics.json,/home/tdc/img2build_pipeline/output/lego_style_dataset_v1/samples/chest_of_drawers_0065_s00_rotate_x,/home/tdc/img2build_pipeline/output/lego_style_dataset_v1/samples/chest_of_drawers_0065_s00_rotate_x/target_mesh.glb,True,52,0.5384615384615384,0.5,0.6923076923076923,0.15180613238371093,0.019206132353092285,0.3269230769230769,26,36,52,,True,True,True
ablation,chest_of_drawers_0065,ours_full,/home/tdc/img2build_pipeline/comparison_output/qualitative_pack_100cases_20260417/ablation/chest_of_drawers_0065/summary.json,/home/tdc/img2build_pipeline/comparison_output/qualitative_pack_100cases_20260417/ablation/chest_of_drawers_0065/ours_full_mesh.glb,/home/tdc/img2build_pipeline/comparison_output/qualitative_pack_100cases_20260417/ablation/chest_of_drawers_0065/ours_full_structure.json,/home/tdc/img2build_pipeline/comparison_output/qualitative_pack_100cases_20260417/ablation/chest_of_drawers_0065/ours_full_diagnostics.json,/home/tdc/img2build_pipeline/output/lego_style_dataset_v1/samples/chest_of_drawers_0065_s00_rotate_x,/home/tdc/img2build_pipeline/output/lego_style_dataset_v1/samples/chest_of_drawers_0065_s00_rotate_x/target_mesh.glb,True,53,0.5471698113207547,0.41509433962264153,0.6415094339622641,0.15384851469320543,0.01955719403797307,0.3018867924528302,22,34,53,,True,True,True
ablation,chest_of_drawers_0070,ours_base,/home/tdc/img2build_pipeline/comparison_output/qualitative_pack_100cases_20260417/ablation/chest_of_drawers_0070/summary.json,/home/tdc/img2build_pipeline/comparison_output/qualitative_pack_100cases_20260417/ablation/chest_of_drawers_0070/ours_base_mesh.glb,/home/tdc/img2build_pipeline/comparison_output/qualitative_pack_100cases_20260417/ablation/chest_of_drawers_0070/ours_base_structure.json,/home/tdc/img2build_pipeline/comparison_output/qualitative_pack_100cases_20260417/ablation/chest_of_drawers_0070/ours_base_diagnostics.json,/home/tdc/img2build_pipeline/output/lego_style_dataset_v1/samples/chest_of_drawers_0070_s00_rotate_x,/home/tdc/img2build_pipeline/output/lego_style_dataset_v1/samples/chest_of_drawers_0070_s00_rotate_x/target_mesh.glb,True,153,1.0,0.0,0.05228758169934641,0.24715296576081147,0.06199266000056058,0.0,0,8,153,,True,True,True
ablation,chest_of_drawers_0070,ours_ft,/home/tdc/img2build_pipeline/comparison_output/qualitative_pack_100cases_20260417/ablation/chest_of_drawers_0070/summary.json,/home/tdc/img2build_pipeline/comparison_output/qualitative_pack_100cases_20260417/ablation/chest_of_drawers_0070/ours_ft_mesh.glb,/home/tdc/img2build_pipeline/comparison_output/qualitative_pack_100cases_20260417/ablation/chest_of_drawers_0070/ours_ft_structure.json,/home/tdc/img2build_pipeline/comparison_output/qualitative_pack_100cases_20260417/ablation/chest_of_drawers_0070/ours_ft_diagnostics.json,/home/tdc/img2build_pipeline/output/lego_style_dataset_v1/samples/chest_of_drawers_0070_s00_rotate_x,/home/tdc/img2build_pipeline/output/lego_style_dataset_v1/samples/chest_of_drawers_0070_s00_rotate_x/target_mesh.glb,True,244,1.0,0.004098360655737705,0.10655737704918032,0.22864701489197603,0.044365884937796196,0.0,1,26,244,,True,True,True
ablation,chest_of_drawers_0070,ours_full,/home/tdc/img2build_pipeline/comparison_output/qualitative_pack_100cases_20260417/ablation/chest_of_drawers_0070/summary.json,/home/tdc/img2build_pipeline/comparison_output/qualitative_pack_100cases_20260417/ablation/chest_of_drawers_0070/ours_full_mesh.glb,/home/tdc/img2build_pipeline/comparison_output/qualitative_pack_100cases_20260417/ablation/chest_of_drawers_0070/ours_full_structure.json,/home/tdc/img2build_pipeline/comparison_output/qualitative_pack_100cases_20260417/ablation/chest_of_drawers_0070/ours_full_diagnostics.json,/home/tdc/img2build_pipeline/output/lego_style_dataset_v1/samples/chest_of_drawers_0070_s00_rotate_x,/home/tdc/img2build_pipeline/output/lego_style_dataset_v1/samples/chest_of_drawers_0070_s00_rotate_x/target_mesh.glb,True,243,1.0,0.00823045267489712,0.0823045267489712,0.22299778709718987,0.04531799135300266,0.0,2,20,243,,True,True,True
ablation,chest_of_drawers_0071,ours_base,/home/tdc/img2build_pipeline/comparison_output/qualitative_pack_100cases_20260417/ablation/chest_of_drawers_0071/summary.json,/home/tdc/img2build_pipeline/comparison_output/qualitative_pack_100cases_20260417/ablation/chest_of_drawers_0071/ours_base_mesh.glb,/home/tdc/img2build_pipeline/comparison_output/qualitative_pack_100cases_20260417/ablation/chest_of_drawers_0071/ours_base_structure.json,/home/tdc/img2build_pipeline/comparison_output/qualitative_pack_100cases_20260417/ablation/chest_of_drawers_0071/ours_base_diagnostics.json,/home/tdc/img2build_pipeline/output/lego_style_dataset_v1/samples/chest_of_drawers_0071_s00_rotate_x,/home/tdc/img2build_pipeline/output/lego_style_dataset_v1/samples/chest_of_drawers_0071_s00_rotate_x/target_mesh.glb,True,85,1.0,0.023529411764705882,0.1411764705882353,0.0978788215111425,0.00585644565616957,0.0,2,12,85,,True,True,True
ablation,chest_of_drawers_0071,ours_ft,/home/tdc/img2build_pipeline/comparison_output/qualitative_pack_100cases_20260417/ablation/chest_of_drawers_0071/summary.json,/home/tdc/img2build_pipeline/comparison_output/qualitative_pack_100cases_20260417/ablation/chest_of_drawers_0071/ours_ft_mesh.glb,/home/tdc/img2build_pipeline/comparison_output/qualitative_pack_100cases_20260417/ablation/chest_of_drawers_0071/ours_ft_structure.json,/home/tdc/img2build_pipeline/comparison_output/qualitative_pack_100cases_20260417/ablation/chest_of_drawers_0071/ours_ft_diagnostics.json,/home/tdc/img2build_pipeline/output/lego_style_dataset_v1/samples/chest_of_drawers_0071_s00_rotate_x,/home/tdc/img2build_pipeline/output/lego_style_dataset_v1/samples/chest_of_drawers_0071_s00_rotate_x/target_mesh.glb,True,172,1.0,0.0,0.023255813953488372,0.0873355368822575,0.00393750854388495,0.0,0,4,172,,True,True,True
ablation,chest_of_drawers_0071,ours_full,/home/tdc/img2build_pipeline/comparison_output/qualitative_pack_100cases_20260417/ablation/chest_of_drawers_0071/summary.json,/home/tdc/img2build_pipeline/comparison_output/qualitative_pack_100cases_20260417/ablation/chest_of_drawers_0071/ours_full_mesh.glb,/home/tdc/img2build_pipeline/comparison_output/qualitative_pack_100cases_20260417/ablation/chest_of_drawers_0071/ours_full_structure.json,/home/tdc/img2build_pipeline/comparison_output/qualitative_pack_100cases_20260417/ablation/chest_of_drawers_0071/ours_full_diagnostics.json,/home/tdc/img2build_pipeline/output/lego_style_dataset_v1/samples/chest_of_drawers_0071_s00_rotate_x,/home/tdc/img2build_pipeline/output/lego_style_dataset_v1/samples/chest_of_drawers_0071_s00_rotate_x/target_mesh.glb,True,164,1.0,0.0,0.024390243902439025,0.08885240015657682,0.003970382238336664,0.0,0,4,164,,True,True,True
ablation,chest_of_drawers_0081,ours_base,/home/tdc/img2build_pipeline/comparison_output/qualitative_pack_100cases_20260417/ablation/chest_of_drawers_0081/summary.json,/home/tdc/img2build_pipeline/comparison_output/qualitative_pack_100cases_20260417/ablation/chest_of_drawers_0081/ours_base_mesh.glb,/home/tdc/img2build_pipeline/comparison_output/qualitative_pack_100cases_20260417/ablation/chest_of_drawers_0081/ours_base_structure.json,/home/tdc/img2build_pipeline/comparison_output/qualitative_pack_100cases_20260417/ablation/chest_of_drawers_0081/ours_base_diagnostics.json,/home/tdc/img2build_pipeline/output/lego_style_dataset_v1/samples/chest_of_drawers_0081_s00_rotate_x,/home/tdc/img2build_pipeline/output/lego_style_dataset_v1/samples/chest_of_drawers_0081_s00_rotate_x/target_mesh.glb,True,209,1.0,0.0,0.05741626794258373,0.25439466548347045,0.05040167348328513,0.0,0,12,209,,True,True,True
ablation,chest_of_drawers_0081,ours_ft,/home/tdc/img2build_pipeline/comparison_output/qualitative_pack_100cases_20260417/ablation/chest_of_drawers_0081/summary.json,/home/tdc/img2build_pipeline/comparison_output/qualitative_pack_100cases_20260417/ablation/chest_of_drawers_0081/ours_ft_mesh.glb,/home/tdc/img2build_pipeline/comparison_output/qualitative_pack_100cases_20260417/ablation/chest_of_drawers_0081/ours_ft_structure.json,/home/tdc/img2build_pipeline/comparison_output/qualitative_pack_100cases_20260417/ablation/chest_of_drawers_0081/ours_ft_diagnostics.json,/home/tdc/img2build_pipeline/output/lego_style_dataset_v1/samples/chest_of_drawers_0081_s00_rotate_x,/home/tdc/img2build_pipeline/output/lego_style_dataset_v1/samples/chest_of_drawers_0081_s00_rotate_x/target_mesh.glb,True,242,1.0,0.0,0.012396694214876033,0.24813350119452482,0.03647369141672205,0.0,0,3,242,,True,True,True
ablation,chest_of_drawers_0081,ours_full,/home/tdc/img2build_pipeline/comparison_output/qualitative_pack_100cases_20260417/ablation/chest_of_drawers_0081/summary.json,/home/tdc/img2build_pipeline/comparison_output/qualitative_pack_100cases_20260417/ablation/chest_of_drawers_0081/ours_full_mesh.glb,/home/tdc/img2build_pipeline/comparison_output/qualitative_pack_100cases_20260417/ablation/chest_of_drawers_0081/ours_full_structure.json,/home/tdc/img2build_pipeline/comparison_output/qualitative_pack_100cases_20260417/ablation/chest_of_drawers_0081/ours_full_diagnostics.json,/home/tdc/img2build_pipeline/output/lego_style_dataset_v1/samples/chest_of_drawers_0081_s00_rotate_x,/home/tdc/img2build_pipeline/output/lego_style_dataset_v1/samples/chest_of_drawers_0081_s00_rotate_x/target_mesh.glb,True,250,1.0,0.0,0.008,0.25897194122051015,0.03670129177793728,0.0,0,2,250,,True,True,True
ablation,chest_of_drawers_0086,ours_base,/home/tdc/img2build_pipeline/comparison_output/qualitative_pack_100cases_20260417/ablation/chest_of_drawers_0086/summary.json,/home/tdc/img2build_pipeline/comparison_output/qualitative_pack_100cases_20260417/ablation/chest_of_drawers_0086/ours_base_mesh.glb,/home/tdc/img2build_pipeline/comparison_output/qualitative_pack_100cases_20260417/ablation/chest_of_drawers_0086/ours_base_structure.json,/home/tdc/img2build_pipeline/comparison_output/qualitative_pack_100cases_20260417/ablation/chest_of_drawers_0086/ours_base_diagnostics.json,/home/tdc/img2build_pipeline/output/lego_style_dataset_v1/samples/chest_of_drawers_0086_s00_rotate_x,/home/tdc/img2build_pipeline/output/lego_style_dataset_v1/samples/chest_of_drawers_0086_s00_rotate_x/target_mesh.glb,True,201,1.0,0.0,0.0845771144278607,0.17266695875281152,0.02621658696551165,0.0,0,17,201,,True,True,True
ablation,chest_of_drawers_0086,ours_ft,/home/tdc/img2build_pipeline/comparison_output/qualitative_pack_100cases_20260417/ablation/chest_of_drawers_0086/summary.json,/home/tdc/img2build_pipeline/comparison_output/qualitative_pack_100cases_20260417/ablation/chest_of_drawers_0086/ours_ft_mesh.glb,/home/tdc/img2build_pipeline/comparison_output/qualitative_pack_100cases_20260417/ablation/chest_of_drawers_0086/ours_ft_structure.json,/home/tdc/img2build_pipeline/comparison_output/qualitative_pack_100cases_20260417/ablation/chest_of_drawers_0086/ours_ft_diagnostics.json,/home/tdc/img2build_pipeline/output/lego_style_dataset_v1/samples/chest_of_drawers_0086_s00_rotate_x,/home/tdc/img2build_pipeline/output/lego_style_dataset_v1/samples/chest_of_drawers_0086_s00_rotate_x/target_mesh.glb,True,200,1.0,0.0,0.055,0.1891721966286091,0.021365070694159057,0.0,0,11,200,,True,True,True
ablation,chest_of_drawers_0086,ours_full,/home/tdc/img2build_pipeline/comparison_output/qualitative_pack_100cases_20260417/ablation/chest_of_drawers_0086/summary.json,/home/tdc/img2build_pipeline/comparison_output/qualitative_pack_100cases_20260417/ablation/chest_of_drawers_0086/ours_full_mesh.glb,/home/tdc/img2build_pipeline/comparison_output/qualitative_pack_100cases_20260417/ablation/chest_of_drawers_0086/ours_full_structure.json,/home/tdc/img2build_pipeline/comparison_output/qualitative_pack_100cases_20260417/ablation/chest_of_drawers_0086/ours_full_diagnostics.json,/home/tdc/img2build_pipeline/output/lego_style_dataset_v1/samples/chest_of_drawers_0086_s00_rotate_x,/home/tdc/img2build_pipeline/output/lego_style_dataset_v1/samples/chest_of_drawers_0086_s00_rotate_x/target_mesh.glb,True,191,1.0,0.0,0.05235602094240838,0.18212862810433178,0.021689072392397087,0.0,0,10,191,,True,True,True
ablation,chest_of_drawers_0090,ours_base,/home/tdc/img2build_pipeline/comparison_output/qualitative_pack_100cases_20260417/ablation/chest_of_drawers_0090/summary.json,/home/tdc/img2build_pipeline/comparison_output/qualitative_pack_100cases_20260417/ablation/chest_of_drawers_0090/ours_base_mesh.glb,/home/tdc/img2build_pipeline/comparison_output/qualitative_pack_100cases_20260417/ablation/chest_of_drawers_0090/ours_base_structure.json,/home/tdc/img2build_pipeline/comparison_output/qualitative_pack_100cases_20260417/ablation/chest_of_drawers_0090/ours_base_diagnostics.json,/home/tdc/img2build_pipeline/output/lego_style_dataset_v1/samples/chest_of_drawers_0090_s00_rotate_x,/home/tdc/img2build_pipeline/output/lego_style_dataset_v1/samples/chest_of_drawers_0090_s00_rotate_x/target_mesh.glb,True,280,1.0,0.007142857142857143,0.03571428571428571,0.22779326813423012,0.034069014166564604,0.0,2,10,280,,True,True,True
ablation,chest_of_drawers_0090,ours_ft,/home/tdc/img2build_pipeline/comparison_output/qualitative_pack_100cases_20260417/ablation/chest_of_drawers_0090/summary.json,/home/tdc/img2build_pipeline/comparison_output/qualitative_pack_100cases_20260417/ablation/chest_of_drawers_0090/ours_ft_mesh.glb,/home/tdc/img2build_pipeline/comparison_output/qualitative_pack_100cases_20260417/ablation/chest_of_drawers_0090/ours_ft_structure.json,/home/tdc/img2build_pipeline/comparison_output/qualitative_pack_100cases_20260417/ablation/chest_of_drawers_0090/ours_ft_diagnostics.json,/home/tdc/img2build_pipeline/output/lego_style_dataset_v1/samples/chest_of_drawers_0090_s00_rotate_x,/home/tdc/img2build_pipeline/output/lego_style_dataset_v1/samples/chest_of_drawers_0090_s00_rotate_x/target_mesh.glb,True,317,1.0,0.0031545741324921135,0.12933753943217666,0.21687527896587738,0.025966457564911685,0.0,1,41,317,,True,True,True
ablation,chest_of_drawers_0090,ours_full,/home/tdc/img2build_pipeline/comparison_output/qualitative_pack_100cases_20260417/ablation/chest_of_drawers_0090/summary.json,/home/tdc/img2build_pipeline/comparison_output/qualitative_pack_100cases_20260417/ablation/chest_of_drawers_0090/ours_full_mesh.glb,/home/tdc/img2build_pipeline/comparison_output/qualitative_pack_100cases_20260417/ablation/chest_of_drawers_0090/ours_full_structure.json,/home/tdc/img2build_pipeline/comparison_output/qualitative_pack_100cases_20260417/ablation/chest_of_drawers_0090/ours_full_diagnostics.json,/home/tdc/img2build_pipeline/output/lego_style_dataset_v1/samples/chest_of_drawers_0090_s00_rotate_x,/home/tdc/img2build_pipeline/output/lego_style_dataset_v1/samples/chest_of_drawers_0090_s00_rotate_x/target_mesh.glb,True,310,1.0,0.0,0.06129032258064516,0.2157595502742004,0.02627968363091367,0.0,0,19,310,,True,True,True
ablation,chest_of_drawers_0094,ours_base,/home/tdc/img2build_pipeline/comparison_output/qualitative_pack_100cases_20260417/ablation/chest_of_drawers_0094/summary.json,/home/tdc/img2build_pipeline/comparison_output/qualitative_pack_100cases_20260417/ablation/chest_of_drawers_0094/ours_base_mesh.glb,/home/tdc/img2build_pipeline/comparison_output/qualitative_pack_100cases_20260417/ablation/chest_of_drawers_0094/ours_base_structure.json,/home/tdc/img2build_pipeline/comparison_output/qualitative_pack_100cases_20260417/ablation/chest_of_drawers_0094/ours_base_diagnostics.json,/home/tdc/img2build_pipeline/output/lego_style_dataset_v1/samples/chest_of_drawers_0094_s00_rotate_x,/home/tdc/img2build_pipeline/output/lego_style_dataset_v1/samples/chest_of_drawers_0094_s00_rotate_x/target_mesh.glb,True,177,0.9774011299435028,0.0,0.05084745762711865,0.20397972107977547,0.038697759301525365,0.022598870056497175,0,9,177,,True,True,True
ablation,chest_of_drawers_0094,ours_ft,/home/tdc/img2build_pipeline/comparison_output/qualitative_pack_100cases_20260417/ablation/chest_of_drawers_0094/summary.json,/home/tdc/img2build_pipeline/comparison_output/qualitative_pack_100cases_20260417/ablation/chest_of_drawers_0094/ours_ft_mesh.glb,/home/tdc/img2build_pipeline/comparison_output/qualitative_pack_100cases_20260417/ablation/chest_of_drawers_0094/ours_ft_structure.json,/home/tdc/img2build_pipeline/comparison_output/qualitative_pack_100cases_20260417/ablation/chest_of_drawers_0094/ours_ft_diagnostics.json,/home/tdc/img2build_pipeline/output/lego_style_dataset_v1/samples/chest_of_drawers_0094_s00_rotate_x,/home/tdc/img2build_pipeline/output/lego_style_dataset_v1/samples/chest_of_drawers_0094_s00_rotate_x/target_mesh.glb,True,152,0.9736842105263158,0.013157894736842105,0.09210526315789473,0.18815103563396973,0.02424018511838256,0.02631578947368421,2,14,152,,True,True,True
ablation,chest_of_drawers_0094,ours_full,/home/tdc/img2build_pipeline/comparison_output/qualitative_pack_100cases_20260417/ablation/chest_of_drawers_0094/summary.json,/home/tdc/img2build_pipeline/comparison_output/qualitative_pack_100cases_20260417/ablation/chest_of_drawers_0094/ours_full_mesh.glb,/home/tdc/img2build_pipeline/comparison_output/qualitative_pack_100cases_20260417/ablation/chest_of_drawers_0094/ours_full_structure.json,/home/tdc/img2build_pipeline/comparison_output/qualitative_pack_100cases_20260417/ablation/chest_of_drawers_0094/ours_full_diagnostics.json,/home/tdc/img2build_pipeline/output/lego_style_dataset_v1/samples/chest_of_drawers_0094_s00_rotate_x,/home/tdc/img2build_pipeline/output/lego_style_dataset_v1/samples/chest_of_drawers_0094_s00_rotate_x/target_mesh.glb,True,153,0.9738562091503268,0.0,0.12418300653594772,0.19481947034304747,0.024757614906068384,0.026143790849673203,0,19,153,,True,True,True
ablation,coffee_and_tea_makers_0003,ours_base,/home/tdc/img2build_pipeline/comparison_output/qualitative_pack_100cases_20260417/ablation/coffee_and_tea_makers_0003/summary.json,/home/tdc/img2build_pipeline/comparison_output/qualitative_pack_100cases_20260417/ablation/coffee_and_tea_makers_0003/ours_base_mesh.glb,/home/tdc/img2build_pipeline/comparison_output/qualitative_pack_100cases_20260417/ablation/coffee_and_tea_makers_0003/ours_base_structure.json,/home/tdc/img2build_pipeline/comparison_output/qualitative_pack_100cases_20260417/ablation/coffee_and_tea_makers_0003/ours_base_diagnostics.json,/home/tdc/img2build_pipeline/output/lego_style_dataset_v1/samples/coffee_and_tea_makers_0003_s00_rotate_x,/home/tdc/img2build_pipeline/output/lego_style_dataset_v1/samples/coffee_and_tea_makers_0003_s00_rotate_x/target_mesh.glb,True,188,1.0,0.015957446808510637,0.026595744680851064,0.24839728378130643,0.05764413450206027,0.0,3,5,188,,True,True,True
ablation,coffee_and_tea_makers_0003,ours_ft,/home/tdc/img2build_pipeline/comparison_output/qualitative_pack_100cases_20260417/ablation/coffee_and_tea_makers_0003/summary.json,/home/tdc/img2build_pipeline/comparison_output/qualitative_pack_100cases_20260417/ablation/coffee_and_tea_makers_0003/ours_ft_mesh.glb,/home/tdc/img2build_pipeline/comparison_output/qualitative_pack_100cases_20260417/ablation/coffee_and_tea_makers_0003/ours_ft_structure.json,/home/tdc/img2build_pipeline/comparison_output/qualitative_pack_100cases_20260417/ablation/coffee_and_tea_makers_0003/ours_ft_diagnostics.json,/home/tdc/img2build_pipeline/output/lego_style_dataset_v1/samples/coffee_and_tea_makers_0003_s00_rotate_x,/home/tdc/img2build_pipeline/output/lego_style_dataset_v1/samples/coffee_and_tea_makers_0003_s00_rotate_x/target_mesh.glb,True,134,1.0,0.022388059701492536,0.07462686567164178,0.2143987335168091,0.03830437691781517,0.0,3,10,134,,True,True,True
ablation,coffee_and_tea_makers_0003,ours_full,/home/tdc/img2build_pipeline/comparison_output/qualitative_pack_100cases_20260417/ablation/coffee_and_tea_makers_0003/summary.json,/home/tdc/img2build_pipeline/comparison_output/qualitative_pack_100cases_20260417/ablation/coffee_and_tea_makers_0003/ours_full_mesh.glb,/home/tdc/img2build_pipeline/comparison_output/qualitative_pack_100cases_20260417/ablation/coffee_and_tea_makers_0003/ours_full_structure.json,/home/tdc/img2build_pipeline/comparison_output/qualitative_pack_100cases_20260417/ablation/coffee_and_tea_makers_0003/ours_full_diagnostics.json,/home/tdc/img2build_pipeline/output/lego_style_dataset_v1/samples/coffee_and_tea_makers_0003_s00_rotate_x,/home/tdc/img2build_pipeline/output/lego_style_dataset_v1/samples/coffee_and_tea_makers_0003_s00_rotate_x/target_mesh.glb,True,131,1.0,0.0,0.04580152671755725,0.21337831600639257,0.039072521966905166,0.0,0,6,131,,True,True,True
ablation,coffee_and_tea_makers_0005,ours_base,/home/tdc/img2build_pipeline/comparison_output/qualitative_pack_100cases_20260417/ablation/coffee_and_tea_makers_0005/summary.json,/home/tdc/img2build_pipeline/comparison_output/qualitative_pack_100cases_20260417/ablation/coffee_and_tea_makers_0005/ours_base_mesh.glb,/home/tdc/img2build_pipeline/comparison_output/qualitative_pack_100cases_20260417/ablation/coffee_and_tea_makers_0005/ours_base_structure.json,/home/tdc/img2build_pipeline/comparison_output/qualitative_pack_100cases_20260417/ablation/coffee_and_tea_makers_0005/ours_base_diagnostics.json,/home/tdc/img2build_pipeline/output/lego_style_dataset_v1/samples/coffee_and_tea_makers_0005_s00_rotate_x,/home/tdc/img2build_pipeline/output/lego_style_dataset_v1/samples/coffee_and_tea_makers_0005_s00_rotate_x/target_mesh.glb,True,201,1.0,0.004975124378109453,0.10945273631840796,0.3395172029398021,0.13337614764231098,0.0,1,22,201,,True,True,True
ablation,coffee_and_tea_makers_0005,ours_ft,/home/tdc/img2build_pipeline/comparison_output/qualitative_pack_100cases_20260417/ablation/coffee_and_tea_makers_0005/summary.json,/home/tdc/img2build_pipeline/comparison_output/qualitative_pack_100cases_20260417/ablation/coffee_and_tea_makers_0005/ours_ft_mesh.glb,/home/tdc/img2build_pipeline/comparison_output/qualitative_pack_100cases_20260417/ablation/coffee_and_tea_makers_0005/ours_ft_structure.json,/home/tdc/img2build_pipeline/comparison_output/qualitative_pack_100cases_20260417/ablation/coffee_and_tea_makers_0005/ours_ft_diagnostics.json,/home/tdc/img2build_pipeline/output/lego_style_dataset_v1/samples/coffee_and_tea_makers_0005_s00_rotate_x,/home/tdc/img2build_pipeline/output/lego_style_dataset_v1/samples/coffee_and_tea_makers_0005_s00_rotate_x/target_mesh.glb,True,164,1.0,0.012195121951219513,0.16463414634146342,0.32080150792024065,0.10455572745867625,0.0,2,27,164,,True,True,True
ablation,coffee_and_tea_makers_0005,ours_full,/home/tdc/img2build_pipeline/comparison_output/qualitative_pack_100cases_20260417/ablation/coffee_and_tea_makers_0005/summary.json,/home/tdc/img2build_pipeline/comparison_output/qualitative_pack_100cases_20260417/ablation/coffee_and_tea_makers_0005/ours_full_mesh.glb,/home/tdc/img2build_pipeline/comparison_output/qualitative_pack_100cases_20260417/ablation/coffee_and_tea_makers_0005/ours_full_structure.json,/home/tdc/img2build_pipeline/comparison_output/qualitative_pack_100cases_20260417/ablation/coffee_and_tea_makers_0005/ours_full_diagnostics.json,/home/tdc/img2build_pipeline/output/lego_style_dataset_v1/samples/coffee_and_tea_makers_0005_s00_rotate_x,/home/tdc/img2build_pipeline/output/lego_style_dataset_v1/samples/coffee_and_tea_makers_0005_s00_rotate_x/target_mesh.glb,True,150,1.0,0.013333333333333334,0.15333333333333332,0.32619434678423853,0.10521959519087076,0.0,2,23,150,,True,True,True
ablation,coffee_and_tea_makers_0006,ours_base,/home/tdc/img2build_pipeline/comparison_output/qualitative_pack_100cases_20260417/ablation/coffee_and_tea_makers_0006/summary.json,/home/tdc/img2build_pipeline/comparison_output/qualitative_pack_100cases_20260417/ablation/coffee_and_tea_makers_0006/ours_base_mesh.glb,/home/tdc/img2build_pipeline/comparison_output/qualitative_pack_100cases_20260417/ablation/coffee_and_tea_makers_0006/ours_base_structure.json,/home/tdc/img2build_pipeline/comparison_output/qualitative_pack_100cases_20260417/ablation/coffee_and_tea_makers_0006/ours_base_diagnostics.json,/home/tdc/img2build_pipeline/output/lego_style_dataset_v1/samples/coffee_and_tea_makers_0006_s00_rotate_x,/home/tdc/img2build_pipeline/output/lego_style_dataset_v1/samples/coffee_and_tea_makers_0006_s00_rotate_x/target_mesh.glb,True,312,1.0,0.00641025641025641,0.08333333333333333,0.2626353647460979,0.041624239390489814,0.0,2,26,312,,True,True,True
ablation,coffee_and_tea_makers_0006,ours_ft,/home/tdc/img2build_pipeline/comparison_output/qualitative_pack_100cases_20260417/ablation/coffee_and_tea_makers_0006/summary.json,/home/tdc/img2build_pipeline/comparison_output/qualitative_pack_100cases_20260417/ablation/coffee_and_tea_makers_0006/ours_ft_mesh.glb,/home/tdc/img2build_pipeline/comparison_output/qualitative_pack_100cases_20260417/ablation/coffee_and_tea_makers_0006/ours_ft_structure.json,/home/tdc/img2build_pipeline/comparison_output/qualitative_pack_100cases_20260417/ablation/coffee_and_tea_makers_0006/ours_ft_diagnostics.json,/home/tdc/img2build_pipeline/output/lego_style_dataset_v1/samples/coffee_and_tea_makers_0006_s00_rotate_x,/home/tdc/img2build_pipeline/output/lego_style_dataset_v1/samples/coffee_and_tea_makers_0006_s00_rotate_x/target_mesh.glb,True,214,1.0,0.03271028037383177,0.1542056074766355,0.251144575572969,0.017711101504220585,0.0,7,33,214,,True,True,True
ablation,coffee_and_tea_makers_0006,ours_full,/home/tdc/img2build_pipeline/comparison_output/qualitative_pack_100cases_20260417/ablation/coffee_and_tea_makers_0006/summary.json,/home/tdc/img2build_pipeline/comparison_output/qualitative_pack_100cases_20260417/ablation/coffee_and_tea_makers_0006/ours_full_mesh.glb,/home/tdc/img2build_pipeline/comparison_output/qualitative_pack_100cases_20260417/ablation/coffee_and_tea_makers_0006/ours_full_structure.json,/home/tdc/img2build_pipeline/comparison_output/qualitative_pack_100cases_20260417/ablation/coffee_and_tea_makers_0006/ours_full_diagnostics.json,/home/tdc/img2build_pipeline/output/lego_style_dataset_v1/samples/coffee_and_tea_makers_0006_s00_rotate_x,/home/tdc/img2build_pipeline/output/lego_style_dataset_v1/samples/coffee_and_tea_makers_0006_s00_rotate_x/target_mesh.glb,True,227,1.0,0.00881057268722467,0.13215859030837004,0.2495060248337545,0.01823799344171006,0.0,2,30,227,,True,True,True
ablation,coffee_and_tea_makers_0010,ours_base,/home/tdc/img2build_pipeline/comparison_output/qualitative_pack_100cases_20260417/ablation/coffee_and_tea_makers_0010/summary.json,/home/tdc/img2build_pipeline/comparison_output/qualitative_pack_100cases_20260417/ablation/coffee_and_tea_makers_0010/ours_base_mesh.glb,/home/tdc/img2build_pipeline/comparison_output/qualitative_pack_100cases_20260417/ablation/coffee_and_tea_makers_0010/ours_base_structure.json,/home/tdc/img2build_pipeline/comparison_output/qualitative_pack_100cases_20260417/ablation/coffee_and_tea_makers_0010/ours_base_diagnostics.json,/home/tdc/img2build_pipeline/output/lego_style_dataset_v1/samples/coffee_and_tea_makers_0010_s00_rotate_x,/home/tdc/img2build_pipeline/output/lego_style_dataset_v1/samples/coffee_and_tea_makers_0010_s00_rotate_x/target_mesh.glb,True,110,1.0,0.06363636363636363,0.23636363636363636,0.32500536561253873,0.046559731649465703,0.0,7,26,110,,True,True,True
ablation,coffee_and_tea_makers_0010,ours_ft,/home/tdc/img2build_pipeline/comparison_output/qualitative_pack_100cases_20260417/ablation/coffee_and_tea_makers_0010/summary.json,/home/tdc/img2build_pipeline/comparison_output/qualitative_pack_100cases_20260417/ablation/coffee_and_tea_makers_0010/ours_ft_mesh.glb,/home/tdc/img2build_pipeline/comparison_output/qualitative_pack_100cases_20260417/ablation/coffee_and_tea_makers_0010/ours_ft_structure.json,/home/tdc/img2build_pipeline/comparison_output/qualitative_pack_100cases_20260417/ablation/coffee_and_tea_makers_0010/ours_ft_diagnostics.json,/home/tdc/img2build_pipeline/output/lego_style_dataset_v1/samples/coffee_and_tea_makers_0010_s00_rotate_x,/home/tdc/img2build_pipeline/output/lego_style_dataset_v1/samples/coffee_and_tea_makers_0010_s00_rotate_x/target_mesh.glb,True,115,1.0,0.10434782608695652,0.3130434782608696,0.3454532854792786,0.04741066562818823,0.0,12,36,115,,True,True,True
ablation,coffee_and_tea_makers_0010,ours_full,/home/tdc/img2build_pipeline/comparison_output/qualitative_pack_100cases_20260417/ablation/coffee_and_tea_makers_0010/summary.json,/home/tdc/img2build_pipeline/comparison_output/qualitative_pack_100cases_20260417/ablation/coffee_and_tea_makers_0010/ours_full_mesh.glb,/home/tdc/img2build_pipeline/comparison_output/qualitative_pack_100cases_20260417/ablation/coffee_and_tea_makers_0010/ours_full_structure.json,/home/tdc/img2build_pipeline/comparison_output/qualitative_pack_100cases_20260417/ablation/coffee_and_tea_makers_0010/ours_full_diagnostics.json,/home/tdc/img2build_pipeline/output/lego_style_dataset_v1/samples/coffee_and_tea_makers_0010_s00_rotate_x,/home/tdc/img2build_pipeline/output/lego_style_dataset_v1/samples/coffee_and_tea_makers_0010_s00_rotate_x/target_mesh.glb,True,108,1.0,0.06481481481481481,0.3055555555555556,0.33805827682041784,0.04754211258320353,0.0,7,33,108,,True,True,True
ablation,coffee_and_tea_makers_0016,ours_base,/home/tdc/img2build_pipeline/comparison_output/qualitative_pack_100cases_20260417/ablation/coffee_and_tea_makers_0016/summary.json,/home/tdc/img2build_pipeline/comparison_output/qualitative_pack_100cases_20260417/ablation/coffee_and_tea_makers_0016/ours_base_mesh.glb,/home/tdc/img2build_pipeline/comparison_output/qualitative_pack_100cases_20260417/ablation/coffee_and_tea_makers_0016/ours_base_structure.json,/home/tdc/img2build_pipeline/comparison_output/qualitative_pack_100cases_20260417/ablation/coffee_and_tea_makers_0016/ours_base_diagnostics.json,/home/tdc/img2build_pipeline/output/lego_style_dataset_v1/samples/coffee_and_tea_makers_0016_s00_rotate_x,/home/tdc/img2build_pipeline/output/lego_style_dataset_v1/samples/coffee_and_tea_makers_0016_s00_rotate_x/target_mesh.glb,True,249,1.0,0.012048192771084338,0.20080321285140562,0.3362977397537947,0.10854955049720805,0.0,3,50,249,,True,True,True
ablation,coffee_and_tea_makers_0016,ours_ft,/home/tdc/img2build_pipeline/comparison_output/qualitative_pack_100cases_20260417/ablation/coffee_and_tea_makers_0016/summary.json,/home/tdc/img2build_pipeline/comparison_output/qualitative_pack_100cases_20260417/ablation/coffee_and_tea_makers_0016/ours_ft_mesh.glb,/home/tdc/img2build_pipeline/comparison_output/qualitative_pack_100cases_20260417/ablation/coffee_and_tea_makers_0016/ours_ft_structure.json,/home/tdc/img2build_pipeline/comparison_output/qualitative_pack_100cases_20260417/ablation/coffee_and_tea_makers_0016/ours_ft_diagnostics.json,/home/tdc/img2build_pipeline/output/lego_style_dataset_v1/samples/coffee_and_tea_makers_0016_s00_rotate_x,/home/tdc/img2build_pipeline/output/lego_style_dataset_v1/samples/coffee_and_tea_makers_0016_s00_rotate_x/target_mesh.glb,True,294,1.0,0.006802721088435374,0.1292517006802721,0.45777301019925487,0.11851709114927463,0.0,2,38,294,,True,True,True
ablation,coffee_and_tea_makers_0016,ours_full,/home/tdc/img2build_pipeline/comparison_output/qualitative_pack_100cases_20260417/ablation/coffee_and_tea_makers_0016/summary.json,/home/tdc/img2build_pipeline/comparison_output/qualitative_pack_100cases_20260417/ablation/coffee_and_tea_makers_0016/ours_full_mesh.glb,/home/tdc/img2build_pipeline/comparison_output/qualitative_pack_100cases_20260417/ablation/coffee_and_tea_makers_0016/ours_full_structure.json,/home/tdc/img2build_pipeline/comparison_output/qualitative_pack_100cases_20260417/ablation/coffee_and_tea_makers_0016/ours_full_diagnostics.json,/home/tdc/img2build_pipeline/output/lego_style_dataset_v1/samples/coffee_and_tea_makers_0016_s00_rotate_x,/home/tdc/img2build_pipeline/output/lego_style_dataset_v1/samples/coffee_and_tea_makers_0016_s00_rotate_x/target_mesh.glb,True,295,1.0,0.006779661016949152,0.12203389830508475,0.43587754103993404,0.11624364533589888,0.0,2,36,295,,True,True,True
ablation,coffee_and_tea_makers_0018,ours_base,/home/tdc/img2build_pipeline/comparison_output/qualitative_pack_100cases_20260417/ablation/coffee_and_tea_makers_0018/summary.json,/home/tdc/img2build_pipeline/comparison_output/qualitative_pack_100cases_20260417/ablation/coffee_and_tea_makers_0018/ours_base_mesh.glb,/home/tdc/img2build_pipeline/comparison_output/qualitative_pack_100cases_20260417/ablation/coffee_and_tea_makers_0018/ours_base_structure.json,/home/tdc/img2build_pipeline/comparison_output/qualitative_pack_100cases_20260417/ablation/coffee_and_tea_makers_0018/ours_base_diagnostics.json,/home/tdc/img2build_pipeline/output/lego_style_dataset_v1/samples/coffee_and_tea_makers_0018_s00_rotate_x,/home/tdc/img2build_pipeline/output/lego_style_dataset_v1/samples/coffee_and_tea_makers_0018_s00_rotate_x/target_mesh.glb,True,250,1.0,0.024,0.168,0.23973717222042956,0.06167365785867633,0.0,6,42,250,,True,True,True
ablation,coffee_and_tea_makers_0018,ours_ft,/home/tdc/img2build_pipeline/comparison_output/qualitative_pack_100cases_20260417/ablation/coffee_and_tea_makers_0018/summary.json,/home/tdc/img2build_pipeline/comparison_output/qualitative_pack_100cases_20260417/ablation/coffee_and_tea_makers_0018/ours_ft_mesh.glb,/home/tdc/img2build_pipeline/comparison_output/qualitative_pack_100cases_20260417/ablation/coffee_and_tea_makers_0018/ours_ft_structure.json,/home/tdc/img2build_pipeline/comparison_output/qualitative_pack_100cases_20260417/ablation/coffee_and_tea_makers_0018/ours_ft_diagnostics.json,/home/tdc/img2build_pipeline/output/lego_style_dataset_v1/samples/coffee_and_tea_makers_0018_s00_rotate_x,/home/tdc/img2build_pipeline/output/lego_style_dataset_v1/samples/coffee_and_tea_makers_0018_s00_rotate_x/target_mesh.glb,True,201,1.0,0.024875621890547265,0.19900497512437812,0.2664085944215203,0.04282305049395915,0.0,5,40,201,,True,True,True
ablation,coffee_and_tea_makers_0018,ours_full,/home/tdc/img2build_pipeline/comparison_output/qualitative_pack_100cases_20260417/ablation/coffee_and_tea_makers_0018/summary.json,/home/tdc/img2build_pipeline/comparison_output/qualitative_pack_100cases_20260417/ablation/coffee_and_tea_makers_0018/ours_full_mesh.glb,/home/tdc/img2build_pipeline/comparison_output/qualitative_pack_100cases_20260417/ablation/coffee_and_tea_makers_0018/ours_full_structure.json,/home/tdc/img2build_pipeline/comparison_output/qualitative_pack_100cases_20260417/ablation/coffee_and_tea_makers_0018/ours_full_diagnostics.json,/home/tdc/img2build_pipeline/output/lego_style_dataset_v1/samples/coffee_and_tea_makers_0018_s00_rotate_x,/home/tdc/img2build_pipeline/output/lego_style_dataset_v1/samples/coffee_and_tea_makers_0018_s00_rotate_x/target_mesh.glb,True,198,1.0,0.015151515151515152,0.16161616161616163,0.2552034076893967,0.04264594493627101,0.0,3,32,198,,True,True,True
ablation,coffee_and_tea_makers_0024,ours_base,/home/tdc/img2build_pipeline/comparison_output/qualitative_pack_100cases_20260417/ablation/coffee_and_tea_makers_0024/summary.json,/home/tdc/img2build_pipeline/comparison_output/qualitative_pack_100cases_20260417/ablation/coffee_and_tea_makers_0024/ours_base_mesh.glb,/home/tdc/img2build_pipeline/comparison_output/qualitative_pack_100cases_20260417/ablation/coffee_and_tea_makers_0024/ours_base_structure.json,/home/tdc/img2build_pipeline/comparison_output/qualitative_pack_100cases_20260417/ablation/coffee_and_tea_makers_0024/ours_base_diagnostics.json,/home/tdc/img2build_pipeline/output/lego_style_dataset_v1/samples/coffee_and_tea_makers_0024_s00_rotate_x,/home/tdc/img2build_pipeline/output/lego_style_dataset_v1/samples/coffee_and_tea_makers_0024_s00_rotate_x/target_mesh.glb,True,173,0.9884393063583815,0.017341040462427744,0.3236994219653179,0.3004241967380275,0.11334210020504071,0.011560693641618497,3,56,173,,True,True,True
ablation,coffee_and_tea_makers_0024,ours_ft,/home/tdc/img2build_pipeline/comparison_output/qualitative_pack_100cases_20260417/ablation/coffee_and_tea_makers_0024/summary.json,/home/tdc/img2build_pipeline/comparison_output/qualitative_pack_100cases_20260417/ablation/coffee_and_tea_makers_0024/ours_ft_mesh.glb,/home/tdc/img2build_pipeline/comparison_output/qualitative_pack_100cases_20260417/ablation/coffee_and_tea_makers_0024/ours_ft_structure.json,/home/tdc/img2build_pipeline/comparison_output/qualitative_pack_100cases_20260417/ablation/coffee_and_tea_makers_0024/ours_ft_diagnostics.json,/home/tdc/img2build_pipeline/output/lego_style_dataset_v1/samples/coffee_and_tea_makers_0024_s00_rotate_x,/home/tdc/img2build_pipeline/output/lego_style_dataset_v1/samples/coffee_and_tea_makers_0024_s00_rotate_x/target_mesh.glb,True,121,1.0,0.0,0.24793388429752067,0.3191844962027312,0.12488368691692411,0.0,0,30,121,,True,True,True
ablation,coffee_and_tea_makers_0024,ours_full,/home/tdc/img2build_pipeline/comparison_output/qualitative_pack_100cases_20260417/ablation/coffee_and_tea_makers_0024/summary.json,/home/tdc/img2build_pipeline/comparison_output/qualitative_pack_100cases_20260417/ablation/coffee_and_tea_makers_0024/ours_full_mesh.glb,/home/tdc/img2build_pipeline/comparison_output/qualitative_pack_100cases_20260417/ablation/coffee_and_tea_makers_0024/ours_full_structure.json,/home/tdc/img2build_pipeline/comparison_output/qualitative_pack_100cases_20260417/ablation/coffee_and_tea_makers_0024/ours_full_diagnostics.json,/home/tdc/img2build_pipeline/output/lego_style_dataset_v1/samples/coffee_and_tea_makers_0024_s00_rotate_x,/home/tdc/img2build_pipeline/output/lego_style_dataset_v1/samples/coffee_and_tea_makers_0024_s00_rotate_x/target_mesh.glb,True,115,1.0,0.0,0.2,0.3342704716717798,0.1237232539600557,0.0,0,23,115,,True,True,True
ablation,coffee_and_tea_makers_0028,ours_base,/home/tdc/img2build_pipeline/comparison_output/qualitative_pack_100cases_20260417/ablation/coffee_and_tea_makers_0028/summary.json,/home/tdc/img2build_pipeline/comparison_output/qualitative_pack_100cases_20260417/ablation/coffee_and_tea_makers_0028/ours_base_mesh.glb,/home/tdc/img2build_pipeline/comparison_output/qualitative_pack_100cases_20260417/ablation/coffee_and_tea_makers_0028/ours_base_structure.json,/home/tdc/img2build_pipeline/comparison_output/qualitative_pack_100cases_20260417/ablation/coffee_and_tea_makers_0028/ours_base_diagnostics.json,/home/tdc/img2build_pipeline/output/lego_style_dataset_v1/samples/coffee_and_tea_makers_0028_s00_rotate_x,/home/tdc/img2build_pipeline/output/lego_style_dataset_v1/samples/coffee_and_tea_makers_0028_s00_rotate_x/target_mesh.glb,True,318,1.0,0.012578616352201259,0.1320754716981132,0.21542253843015532,0.03697986773312101,0.0,4,42,318,,True,True,True
ablation,coffee_and_tea_makers_0028,ours_ft,/home/tdc/img2build_pipeline/comparison_output/qualitative_pack_100cases_20260417/ablation/coffee_and_tea_makers_0028/summary.json,/home/tdc/img2build_pipeline/comparison_output/qualitative_pack_100cases_20260417/ablation/coffee_and_tea_makers_0028/ours_ft_mesh.glb,/home/tdc/img2build_pipeline/comparison_output/qualitative_pack_100cases_20260417/ablation/coffee_and_tea_makers_0028/ours_ft_structure.json,/home/tdc/img2build_pipeline/comparison_output/qualitative_pack_100cases_20260417/ablation/coffee_and_tea_makers_0028/ours_ft_diagnostics.json,/home/tdc/img2build_pipeline/output/lego_style_dataset_v1/samples/coffee_and_tea_makers_0028_s00_rotate_x,/home/tdc/img2build_pipeline/output/lego_style_dataset_v1/samples/coffee_and_tea_makers_0028_s00_rotate_x/target_mesh.glb,True,336,1.0,0.008928571428571428,0.08333333333333333,0.22154860331188092,0.01824784267169404,0.0,3,28,336,,True,True,True
ablation,coffee_and_tea_makers_0028,ours_full,/home/tdc/img2build_pipeline/comparison_output/qualitative_pack_100cases_20260417/ablation/coffee_and_tea_makers_0028/summary.json,/home/tdc/img2build_pipeline/comparison_output/qualitative_pack_100cases_20260417/ablation/coffee_and_tea_makers_0028/ours_full_mesh.glb,/home/tdc/img2build_pipeline/comparison_output/qualitative_pack_100cases_20260417/ablation/coffee_and_tea_makers_0028/ours_full_structure.json,/home/tdc/img2build_pipeline/comparison_output/qualitative_pack_100cases_20260417/ablation/coffee_and_tea_makers_0028/ours_full_diagnostics.json,/home/tdc/img2build_pipeline/output/lego_style_dataset_v1/samples/coffee_and_tea_makers_0028_s00_rotate_x,/home/tdc/img2build_pipeline/output/lego_style_dataset_v1/samples/coffee_and_tea_makers_0028_s00_rotate_x/target_mesh.glb,True,332,1.0,0.0,0.09337349397590361,0.238790153119943,0.01892371871115072,0.0,0,31,332,,True,True,True
ablation,coffee_and_tea_makers_0032,ours_base,/home/tdc/img2build_pipeline/comparison_output/qualitative_pack_100cases_20260417/ablation/coffee_and_tea_makers_0032/summary.json,/home/tdc/img2build_pipeline/comparison_output/qualitative_pack_100cases_20260417/ablation/coffee_and_tea_makers_0032/ours_base_mesh.glb,/home/tdc/img2build_pipeline/comparison_output/qualitative_pack_100cases_20260417/ablation/coffee_and_tea_makers_0032/ours_base_structure.json,/home/tdc/img2build_pipeline/comparison_output/qualitative_pack_100cases_20260417/ablation/coffee_and_tea_makers_0032/ours_base_diagnostics.json,/home/tdc/img2build_pipeline/output/lego_style_dataset_v1/samples/coffee_and_tea_makers_0032_s00_rotate_x,/home/tdc/img2build_pipeline/output/lego_style_dataset_v1/samples/coffee_and_tea_makers_0032_s00_rotate_x/target_mesh.glb,True,142,1.0,0.007042253521126761,0.09154929577464789,0.2756006213258184,0.05943591933710157,0.0,1,13,142,,True,True,True
ablation,coffee_and_tea_makers_0032,ours_ft,/home/tdc/img2build_pipeline/comparison_output/qualitative_pack_100cases_20260417/ablation/coffee_and_tea_makers_0032/summary.json,/home/tdc/img2build_pipeline/comparison_output/qualitative_pack_100cases_20260417/ablation/coffee_and_tea_makers_0032/ours_ft_mesh.glb,/home/tdc/img2build_pipeline/comparison_output/qualitative_pack_100cases_20260417/ablation/coffee_and_tea_makers_0032/ours_ft_structure.json,/home/tdc/img2build_pipeline/comparison_output/qualitative_pack_100cases_20260417/ablation/coffee_and_tea_makers_0032/ours_ft_diagnostics.json,/home/tdc/img2build_pipeline/output/lego_style_dataset_v1/samples/coffee_and_tea_makers_0032_s00_rotate_x,/home/tdc/img2build_pipeline/output/lego_style_dataset_v1/samples/coffee_and_tea_makers_0032_s00_rotate_x/target_mesh.glb,True,246,1.0,0.012195121951219513,0.07723577235772358,0.25848759750025097,0.043456084880537954,0.0,3,19,246,,True,True,True
ablation,coffee_and_tea_makers_0032,ours_full,/home/tdc/img2build_pipeline/comparison_output/qualitative_pack_100cases_20260417/ablation/coffee_and_tea_makers_0032/summary.json,/home/tdc/img2build_pipeline/comparison_output/qualitative_pack_100cases_20260417/ablation/coffee_and_tea_makers_0032/ours_full_mesh.glb,/home/tdc/img2build_pipeline/comparison_output/qualitative_pack_100cases_20260417/ablation/coffee_and_tea_makers_0032/ours_full_structure.json,/home/tdc/img2build_pipeline/comparison_output/qualitative_pack_100cases_20260417/ablation/coffee_and_tea_makers_0032/ours_full_diagnostics.json,/home/tdc/img2build_pipeline/output/lego_style_dataset_v1/samples/coffee_and_tea_makers_0032_s00_rotate_x,/home/tdc/img2build_pipeline/output/lego_style_dataset_v1/samples/coffee_and_tea_makers_0032_s00_rotate_x/target_mesh.glb,True,241,1.0,0.008298755186721992,0.06639004149377593,0.24582925814667667,0.04341902955195649,0.0,2,16,241,,True,True,True
ablation,coffee_and_tea_makers_0035,ours_base,/home/tdc/img2build_pipeline/comparison_output/qualitative_pack_100cases_20260417/ablation/coffee_and_tea_makers_0035/summary.json,/home/tdc/img2build_pipeline/comparison_output/qualitative_pack_100cases_20260417/ablation/coffee_and_tea_makers_0035/ours_base_mesh.glb,/home/tdc/img2build_pipeline/comparison_output/qualitative_pack_100cases_20260417/ablation/coffee_and_tea_makers_0035/ours_base_structure.json,/home/tdc/img2build_pipeline/comparison_output/qualitative_pack_100cases_20260417/ablation/coffee_and_tea_makers_0035/ours_base_diagnostics.json,/home/tdc/img2build_pipeline/output/lego_style_dataset_v1/samples/coffee_and_tea_makers_0035_s00_rotate_x,/home/tdc/img2build_pipeline/output/lego_style_dataset_v1/samples/coffee_and_tea_makers_0035_s00_rotate_x/target_mesh.glb,True,295,0.5016949152542373,0.006779661016949152,0.17288135593220338,0.1716580365461104,0.017364480515026752,0.0,2,51,295,,True,True,True
ablation,coffee_and_tea_makers_0035,ours_ft,/home/tdc/img2build_pipeline/comparison_output/qualitative_pack_100cases_20260417/ablation/coffee_and_tea_makers_0035/summary.json,/home/tdc/img2build_pipeline/comparison_output/qualitative_pack_100cases_20260417/ablation/coffee_and_tea_makers_0035/ours_ft_mesh.glb,/home/tdc/img2build_pipeline/comparison_output/qualitative_pack_100cases_20260417/ablation/coffee_and_tea_makers_0035/ours_ft_structure.json,/home/tdc/img2build_pipeline/comparison_output/qualitative_pack_100cases_20260417/ablation/coffee_and_tea_makers_0035/ours_ft_diagnostics.json,/home/tdc/img2build_pipeline/output/lego_style_dataset_v1/samples/coffee_and_tea_makers_0035_s00_rotate_x,/home/tdc/img2build_pipeline/output/lego_style_dataset_v1/samples/coffee_and_tea_makers_0035_s00_rotate_x/target_mesh.glb,True,275,0.5272727272727272,0.007272727272727273,0.15272727272727274,0.18580745502916948,0.01996415919663638,0.0,2,42,275,,True,True,True
ablation,coffee_and_tea_makers_0035,ours_full,/home/tdc/img2build_pipeline/comparison_output/qualitative_pack_100cases_20260417/ablation/coffee_and_tea_makers_0035/summary.json,/home/tdc/img2build_pipeline/comparison_output/qualitative_pack_100cases_20260417/ablation/coffee_and_tea_makers_0035/ours_full_mesh.glb,/home/tdc/img2build_pipeline/comparison_output/qualitative_pack_100cases_20260417/ablation/coffee_and_tea_makers_0035/ours_full_structure.json,/home/tdc/img2build_pipeline/comparison_output/qualitative_pack_100cases_20260417/ablation/coffee_and_tea_makers_0035/ours_full_diagnostics.json,/home/tdc/img2build_pipeline/output/lego_style_dataset_v1/samples/coffee_and_tea_makers_0035_s00_rotate_x,/home/tdc/img2build_pipeline/output/lego_style_dataset_v1/samples/coffee_and_tea_makers_0035_s00_rotate_x/target_mesh.glb,True,275,0.5454545454545454,0.0036363636363636364,0.14181818181818182,0.19026339664393802,0.020492231911205305,0.0,1,39,275,,True,True,True
ablation,coffee_and_tea_makers_0037,ours_base,/home/tdc/img2build_pipeline/comparison_output/qualitative_pack_100cases_20260417/ablation/coffee_and_tea_makers_0037/summary.json,/home/tdc/img2build_pipeline/comparison_output/qualitative_pack_100cases_20260417/ablation/coffee_and_tea_makers_0037/ours_base_mesh.glb,/home/tdc/img2build_pipeline/comparison_output/qualitative_pack_100cases_20260417/ablation/coffee_and_tea_makers_0037/ours_base_structure.json,/home/tdc/img2build_pipeline/comparison_output/qualitative_pack_100cases_20260417/ablation/coffee_and_tea_makers_0037/ours_base_diagnostics.json,/home/tdc/img2build_pipeline/output/lego_style_dataset_v1/samples/coffee_and_tea_makers_0037_s00_rotate_x,/home/tdc/img2build_pipeline/output/lego_style_dataset_v1/samples/coffee_and_tea_makers_0037_s00_rotate_x/target_mesh.glb,True,435,1.0,0.0367816091954023,0.11494252873563218,0.207307459628144,0.02936786701696392,0.0,16,50,435,,True,True,True
ablation,coffee_and_tea_makers_0037,ours_ft,/home/tdc/img2build_pipeline/comparison_output/qualitative_pack_100cases_20260417/ablation/coffee_and_tea_makers_0037/summary.json,/home/tdc/img2build_pipeline/comparison_output/qualitative_pack_100cases_20260417/ablation/coffee_and_tea_makers_0037/ours_ft_mesh.glb,/home/tdc/img2build_pipeline/comparison_output/qualitative_pack_100cases_20260417/ablation/coffee_and_tea_makers_0037/ours_ft_structure.json,/home/tdc/img2build_pipeline/comparison_output/qualitative_pack_100cases_20260417/ablation/coffee_and_tea_makers_0037/ours_ft_diagnostics.json,/home/tdc/img2build_pipeline/output/lego_style_dataset_v1/samples/coffee_and_tea_makers_0037_s00_rotate_x,/home/tdc/img2build_pipeline/output/lego_style_dataset_v1/samples/coffee_and_tea_makers_0037_s00_rotate_x/target_mesh.glb,True,448,1.0,0.03125,0.08928571428571429,0.18961658796403366,0.027073117456482866,0.0,14,40,448,,True,True,True
ablation,coffee_and_tea_makers_0037,ours_full,/home/tdc/img2build_pipeline/comparison_output/qualitative_pack_100cases_20260417/ablation/coffee_and_tea_makers_0037/summary.json,/home/tdc/img2build_pipeline/comparison_output/qualitative_pack_100cases_20260417/ablation/coffee_and_tea_makers_0037/ours_full_mesh.glb,/home/tdc/img2build_pipeline/comparison_output/qualitative_pack_100cases_20260417/ablation/coffee_and_tea_makers_0037/ours_full_structure.json,/home/tdc/img2build_pipeline/comparison_output/qualitative_pack_100cases_20260417/ablation/coffee_and_tea_makers_0037/ours_full_diagnostics.json,/home/tdc/img2build_pipeline/output/lego_style_dataset_v1/samples/coffee_and_tea_makers_0037_s00_rotate_x,/home/tdc/img2build_pipeline/output/lego_style_dataset_v1/samples/coffee_and_tea_makers_0037_s00_rotate_x/target_mesh.glb,True,451,1.0,0.019955654101995565,0.07760532150776053,0.1925025313754242,0.026830992929513665,0.0,9,35,451,,True,True,True
ablation,coffee_and_tea_makers_0038,ours_base,/home/tdc/img2build_pipeline/comparison_output/qualitative_pack_100cases_20260417/ablation/coffee_and_tea_makers_0038/summary.json,/home/tdc/img2build_pipeline/comparison_output/qualitative_pack_100cases_20260417/ablation/coffee_and_tea_makers_0038/ours_base_mesh.glb,/home/tdc/img2build_pipeline/comparison_output/qualitative_pack_100cases_20260417/ablation/coffee_and_tea_makers_0038/ours_base_structure.json,/home/tdc/img2build_pipeline/comparison_output/qualitative_pack_100cases_20260417/ablation/coffee_and_tea_makers_0038/ours_base_diagnostics.json,/home/tdc/img2build_pipeline/output/lego_style_dataset_v1/samples/coffee_and_tea_makers_0038_s00_rotate_x,/home/tdc/img2build_pipeline/output/lego_style_dataset_v1/samples/coffee_and_tea_makers_0038_s00_rotate_x/target_mesh.glb,True,314,1.0,0.006369426751592357,0.10509554140127389,0.3174601032960357,0.10889734735361546,0.0,2,33,314,,True,True,True
ablation,coffee_and_tea_makers_0038,ours_ft,/home/tdc/img2build_pipeline/comparison_output/qualitative_pack_100cases_20260417/ablation/coffee_and_tea_makers_0038/summary.json,/home/tdc/img2build_pipeline/comparison_output/qualitative_pack_100cases_20260417/ablation/coffee_and_tea_makers_0038/ours_ft_mesh.glb,/home/tdc/img2build_pipeline/comparison_output/qualitative_pack_100cases_20260417/ablation/coffee_and_tea_makers_0038/ours_ft_structure.json,/home/tdc/img2build_pipeline/comparison_output/qualitative_pack_100cases_20260417/ablation/coffee_and_tea_makers_0038/ours_ft_diagnostics.json,/home/tdc/img2build_pipeline/output/lego_style_dataset_v1/samples/coffee_and_tea_makers_0038_s00_rotate_x,/home/tdc/img2build_pipeline/output/lego_style_dataset_v1/samples/coffee_and_tea_makers_0038_s00_rotate_x/target_mesh.glb,True,298,1.0,0.006711409395973154,0.08389261744966443,0.3511830870965127,0.1274472808616559,0.0,2,25,298,,True,True,True
ablation,coffee_and_tea_makers_0038,ours_full,/home/tdc/img2build_pipeline/comparison_output/qualitative_pack_100cases_20260417/ablation/coffee_and_tea_makers_0038/summary.json,/home/tdc/img2build_pipeline/comparison_output/qualitative_pack_100cases_20260417/ablation/coffee_and_tea_makers_0038/ours_full_mesh.glb,/home/tdc/img2build_pipeline/comparison_output/qualitative_pack_100cases_20260417/ablation/coffee_and_tea_makers_0038/ours_full_structure.json,/home/tdc/img2build_pipeline/comparison_output/qualitative_pack_100cases_20260417/ablation/coffee_and_tea_makers_0038/ours_full_diagnostics.json,/home/tdc/img2build_pipeline/output/lego_style_dataset_v1/samples/coffee_and_tea_makers_0038_s00_rotate_x,/home/tdc/img2build_pipeline/output/lego_style_dataset_v1/samples/coffee_and_tea_makers_0038_s00_rotate_x/target_mesh.glb,True,287,1.0,0.0,0.12195121951219512,0.3406978429868954,0.12506990138170776,0.0,0,35,287,,True,True,True
ablation,desks_0005,ours_base,/home/tdc/img2build_pipeline/comparison_output/qualitative_pack_100cases_20260417/ablation/desks_0005/summary.json,/home/tdc/img2build_pipeline/comparison_output/qualitative_pack_100cases_20260417/ablation/desks_0005/ours_base_mesh.glb,/home/tdc/img2build_pipeline/comparison_output/qualitative_pack_100cases_20260417/ablation/desks_0005/ours_base_structure.json,/home/tdc/img2build_pipeline/comparison_output/qualitative_pack_100cases_20260417/ablation/desks_0005/ours_base_diagnostics.json,/home/tdc/img2build_pipeline/output/lego_style_dataset_v1/samples/desks_0005_s00_rotate_x,/home/tdc/img2build_pipeline/output/lego_style_dataset_v1/samples/desks_0005_s00_rotate_x/target_mesh.glb,True,102,0.9607843137254902,0.058823529411764705,0.4117647058823529,0.20811364150092648,0.0198005393348692,0.0392156862745098,6,42,102,,True,True,True
ablation,desks_0005,ours_ft,/home/tdc/img2build_pipeline/comparison_output/qualitative_pack_100cases_20260417/ablation/desks_0005/summary.json,/home/tdc/img2build_pipeline/comparison_output/qualitative_pack_100cases_20260417/ablation/desks_0005/ours_ft_mesh.glb,/home/tdc/img2build_pipeline/comparison_output/qualitative_pack_100cases_20260417/ablation/desks_0005/ours_ft_structure.json,/home/tdc/img2build_pipeline/comparison_output/qualitative_pack_100cases_20260417/ablation/desks_0005/ours_ft_diagnostics.json,/home/tdc/img2build_pipeline/output/lego_style_dataset_v1/samples/desks_0005_s00_rotate_x,/home/tdc/img2build_pipeline/output/lego_style_dataset_v1/samples/desks_0005_s00_rotate_x/target_mesh.glb,True,199,0.9798994974874372,0.05527638190954774,0.2562814070351759,0.2202335240504424,0.015167917794795236,0.020100502512562814,11,51,199,,True,True,True
ablation,desks_0005,ours_full,/home/tdc/img2build_pipeline/comparison_output/qualitative_pack_100cases_20260417/ablation/desks_0005/summary.json,/home/tdc/img2build_pipeline/comparison_output/qualitative_pack_100cases_20260417/ablation/desks_0005/ours_full_mesh.glb,/home/tdc/img2build_pipeline/comparison_output/qualitative_pack_100cases_20260417/ablation/desks_0005/ours_full_structure.json,/home/tdc/img2build_pipeline/comparison_output/qualitative_pack_100cases_20260417/ablation/desks_0005/ours_full_diagnostics.json,/home/tdc/img2build_pipeline/output/lego_style_dataset_v1/samples/desks_0005_s00_rotate_x,/home/tdc/img2build_pipeline/output/lego_style_dataset_v1/samples/desks_0005_s00_rotate_x/target_mesh.glb,True,194,0.979381443298969,0.030927835051546393,0.2422680412371134,0.2149718868673198,0.015334871080645796,0.020618556701030927,6,47,194,,True,True,True
ablation,desks_0014,ours_base,/home/tdc/img2build_pipeline/comparison_output/qualitative_pack_100cases_20260417/ablation/desks_0014/summary.json,/home/tdc/img2build_pipeline/comparison_output/qualitative_pack_100cases_20260417/ablation/desks_0014/ours_base_mesh.glb,/home/tdc/img2build_pipeline/comparison_output/qualitative_pack_100cases_20260417/ablation/desks_0014/ours_base_structure.json,/home/tdc/img2build_pipeline/comparison_output/qualitative_pack_100cases_20260417/ablation/desks_0014/ours_base_diagnostics.json,,,False,176,1.0,0.0,0.10227272727272728,,,0.0,0,18,176,,True,False,True
ablation,desks_0014,ours_ft,/home/tdc/img2build_pipeline/comparison_output/qualitative_pack_100cases_20260417/ablation/desks_0014/summary.json,/home/tdc/img2build_pipeline/comparison_output/qualitative_pack_100cases_20260417/ablation/desks_0014/ours_ft_mesh.glb,/home/tdc/img2build_pipeline/comparison_output/qualitative_pack_100cases_20260417/ablation/desks_0014/ours_ft_structure.json,/home/tdc/img2build_pipeline/comparison_output/qualitative_pack_100cases_20260417/ablation/desks_0014/ours_ft_diagnostics.json,,,False,187,1.0,0.0106951871657754,0.11229946524064172,,,0.0,2,21,187,,True,False,True
ablation,desks_0014,ours_full,/home/tdc/img2build_pipeline/comparison_output/qualitative_pack_100cases_20260417/ablation/desks_0014/summary.json,/home/tdc/img2build_pipeline/comparison_output/qualitative_pack_100cases_20260417/ablation/desks_0014/ours_full_mesh.glb,/home/tdc/img2build_pipeline/comparison_output/qualitative_pack_100cases_20260417/ablation/desks_0014/ours_full_structure.json,/home/tdc/img2build_pipeline/comparison_output/qualitative_pack_100cases_20260417/ablation/desks_0014/ours_full_diagnostics.json,,,False,174,1.0,0.005747126436781609,0.12643678160919541,,,0.0,1,22,174,,True,False,True
ablation,desks_0017,ours_base,/home/tdc/img2build_pipeline/comparison_output/qualitative_pack_100cases_20260417/ablation/desks_0017/summary.json,/home/tdc/img2build_pipeline/comparison_output/qualitative_pack_100cases_20260417/ablation/desks_0017/ours_base_mesh.glb,/home/tdc/img2build_pipeline/comparison_output/qualitative_pack_100cases_20260417/ablation/desks_0017/ours_base_structure.json,/home/tdc/img2build_pipeline/comparison_output/qualitative_pack_100cases_20260417/ablation/desks_0017/ours_base_diagnostics.json,,,False,167,1.0,0.0,0.23353293413173654,,,0.0,0,39,167,,True,False,True
ablation,desks_0017,ours_ft,/home/tdc/img2build_pipeline/comparison_output/qualitative_pack_100cases_20260417/ablation/desks_0017/summary.json,/home/tdc/img2build_pipeline/comparison_output/qualitative_pack_100cases_20260417/ablation/desks_0017/ours_ft_mesh.glb,/home/tdc/img2build_pipeline/comparison_output/qualitative_pack_100cases_20260417/ablation/desks_0017/ours_ft_structure.json,/home/tdc/img2build_pipeline/comparison_output/qualitative_pack_100cases_20260417/ablation/desks_0017/ours_ft_diagnostics.json,,,False,108,0.8240740740740741,0.046296296296296294,0.16666666666666666,,,0.027777777777777776,5,18,108,,True,False,True
ablation,desks_0017,ours_full,/home/tdc/img2build_pipeline/comparison_output/qualitative_pack_100cases_20260417/ablation/desks_0017/summary.json,/home/tdc/img2build_pipeline/comparison_output/qualitative_pack_100cases_20260417/ablation/desks_0017/ours_full_mesh.glb,/home/tdc/img2build_pipeline/comparison_output/qualitative_pack_100cases_20260417/ablation/desks_0017/ours_full_structure.json,/home/tdc/img2build_pipeline/comparison_output/qualitative_pack_100cases_20260417/ablation/desks_0017/ours_full_diagnostics.json,,,False,108,0.8240740740740741,0.046296296296296294,0.16666666666666666,,,0.027777777777777776,5,18,108,,True,False,True
ablation,desks_0028,ours_base,/home/tdc/img2build_pipeline/comparison_output/qualitative_pack_100cases_20260417/ablation/desks_0028/summary.json,/home/tdc/img2build_pipeline/comparison_output/qualitative_pack_100cases_20260417/ablation/desks_0028/ours_base_mesh.glb,/home/tdc/img2build_pipeline/comparison_output/qualitative_pack_100cases_20260417/ablation/desks_0028/ours_base_structure.json,/home/tdc/img2build_pipeline/comparison_output/qualitative_pack_100cases_20260417/ablation/desks_0028/ours_base_diagnostics.json,,,False,49,0.8163265306122449,0.2857142857142857,0.8775510204081632,,,0.1836734693877551,14,43,49,,True,False,True
ablation,desks_0028,ours_ft,/home/tdc/img2build_pipeline/comparison_output/qualitative_pack_100cases_20260417/ablation/desks_0028/summary.json,/home/tdc/img2build_pipeline/comparison_output/qualitative_pack_100cases_20260417/ablation/desks_0028/ours_ft_mesh.glb,/home/tdc/img2build_pipeline/comparison_output/qualitative_pack_100cases_20260417/ablation/desks_0028/ours_ft_structure.json,/home/tdc/img2build_pipeline/comparison_output/qualitative_pack_100cases_20260417/ablation/desks_0028/ours_ft_diagnostics.json,,,False,122,0.9918032786885246,0.00819672131147541,0.3442622950819672,,,0.00819672131147541,1,42,122,,True,False,True
ablation,desks_0028,ours_full,/home/tdc/img2build_pipeline/comparison_output/qualitative_pack_100cases_20260417/ablation/desks_0028/summary.json,/home/tdc/img2build_pipeline/comparison_output/qualitative_pack_100cases_20260417/ablation/desks_0028/ours_full_mesh.glb,/home/tdc/img2build_pipeline/comparison_output/qualitative_pack_100cases_20260417/ablation/desks_0028/ours_full_structure.json,/home/tdc/img2build_pipeline/comparison_output/qualitative_pack_100cases_20260417/ablation/desks_0028/ours_full_diagnostics.json,,,False,122,0.9918032786885246,0.00819672131147541,0.3442622950819672,,,0.00819672131147541,1,42,122,,True,False,True
ablation,desks_0030,ours_base,/home/tdc/img2build_pipeline/comparison_output/qualitative_pack_100cases_20260417/ablation/desks_0030/summary.json,/home/tdc/img2build_pipeline/comparison_output/qualitative_pack_100cases_20260417/ablation/desks_0030/ours_base_mesh.glb,/home/tdc/img2build_pipeline/comparison_output/qualitative_pack_100cases_20260417/ablation/desks_0030/ours_base_structure.json,/home/tdc/img2build_pipeline/comparison_output/qualitative_pack_100cases_20260417/ablation/desks_0030/ours_base_diagnostics.json,,,False,221,0.9592760180995475,0.03167420814479638,0.19004524886877827,,,0.04072398190045249,7,42,221,,True,False,True
ablation,desks_0030,ours_ft,/home/tdc/img2build_pipeline/comparison_output/qualitative_pack_100cases_20260417/ablation/desks_0030/summary.json,/home/tdc/img2build_pipeline/comparison_output/qualitative_pack_100cases_20260417/ablation/desks_0030/ours_ft_mesh.glb,/home/tdc/img2build_pipeline/comparison_output/qualitative_pack_100cases_20260417/ablation/desks_0030/ours_ft_structure.json,/home/tdc/img2build_pipeline/comparison_output/qualitative_pack_100cases_20260417/ablation/desks_0030/ours_ft_diagnostics.json,,,False,155,0.9806451612903225,0.03225806451612903,0.3096774193548387,,,0.01935483870967742,5,48,155,,True,False,True
ablation,desks_0030,ours_full,/home/tdc/img2build_pipeline/comparison_output/qualitative_pack_100cases_20260417/ablation/desks_0030/summary.json,/home/tdc/img2build_pipeline/comparison_output/qualitative_pack_100cases_20260417/ablation/desks_0030/ours_full_mesh.glb,/home/tdc/img2build_pipeline/comparison_output/qualitative_pack_100cases_20260417/ablation/desks_0030/ours_full_structure.json,/home/tdc/img2build_pipeline/comparison_output/qualitative_pack_100cases_20260417/ablation/desks_0030/ours_full_diagnostics.json,,,False,151,0.9801324503311258,0.033112582781456956,0.304635761589404,,,0.019867549668874173,5,46,151,,True,False,True
ablation,desks_0032,ours_base,/home/tdc/img2build_pipeline/comparison_output/qualitative_pack_100cases_20260417/ablation/desks_0032/summary.json,/home/tdc/img2build_pipeline/comparison_output/qualitative_pack_100cases_20260417/ablation/desks_0032/ours_base_mesh.glb,/home/tdc/img2build_pipeline/comparison_output/qualitative_pack_100cases_20260417/ablation/desks_0032/ours_base_structure.json,/home/tdc/img2build_pipeline/comparison_output/qualitative_pack_100cases_20260417/ablation/desks_0032/ours_base_diagnostics.json,,,False,199,0.9899497487437185,0.08542713567839195,0.23115577889447236,,,0.010050251256281407,17,46,199,,True,False,True
ablation,desks_0032,ours_ft,/home/tdc/img2build_pipeline/comparison_output/qualitative_pack_100cases_20260417/ablation/desks_0032/summary.json,/home/tdc/img2build_pipeline/comparison_output/qualitative_pack_100cases_20260417/ablation/desks_0032/ours_ft_mesh.glb,/home/tdc/img2build_pipeline/comparison_output/qualitative_pack_100cases_20260417/ablation/desks_0032/ours_ft_structure.json,/home/tdc/img2build_pipeline/comparison_output/qualitative_pack_100cases_20260417/ablation/desks_0032/ours_ft_diagnostics.json,,,False,208,1.0,0.038461538461538464,0.2644230769230769,,,0.0,8,55,208,,True,False,True
ablation,desks_0032,ours_full,/home/tdc/img2build_pipeline/comparison_output/qualitative_pack_100cases_20260417/ablation/desks_0032/summary.json,/home/tdc/img2build_pipeline/comparison_output/qualitative_pack_100cases_20260417/ablation/desks_0032/ours_full_mesh.glb,/home/tdc/img2build_pipeline/comparison_output/qualitative_pack_100cases_20260417/ablation/desks_0032/ours_full_structure.json,/home/tdc/img2build_pipeline/comparison_output/qualitative_pack_100cases_20260417/ablation/desks_0032/ours_full_diagnostics.json,,,False,216,1.0,0.032407407407407406,0.2361111111111111,,,0.0,7,51,216,,True,False,True
ablation,desks_0036,ours_base,/home/tdc/img2build_pipeline/comparison_output/qualitative_pack_100cases_20260417/ablation/desks_0036/summary.json,/home/tdc/img2build_pipeline/comparison_output/qualitative_pack_100cases_20260417/ablation/desks_0036/ours_base_mesh.glb,/home/tdc/img2build_pipeline/comparison_output/qualitative_pack_100cases_20260417/ablation/desks_0036/ours_base_structure.json,/home/tdc/img2build_pipeline/comparison_output/qualitative_pack_100cases_20260417/ablation/desks_0036/ours_base_diagnostics.json,,,False,162,1.0,0.012345679012345678,0.2222222222222222,,,0.0,2,36,162,,True,False,True
ablation,desks_0036,ours_ft,/home/tdc/img2build_pipeline/comparison_output/qualitative_pack_100cases_20260417/ablation/desks_0036/summary.json,/home/tdc/img2build_pipeline/comparison_output/qualitative_pack_100cases_20260417/ablation/desks_0036/ours_ft_mesh.glb,/home/tdc/img2build_pipeline/comparison_output/qualitative_pack_100cases_20260417/ablation/desks_0036/ours_ft_structure.json,/home/tdc/img2build_pipeline/comparison_output/qualitative_pack_100cases_20260417/ablation/desks_0036/ours_ft_diagnostics.json,,,False,145,1.0,0.0,0.16551724137931034,,,0.0,0,24,145,,True,False,True
ablation,desks_0036,ours_full,/home/tdc/img2build_pipeline/comparison_output/qualitative_pack_100cases_20260417/ablation/desks_0036/summary.json,/home/tdc/img2build_pipeline/comparison_output/qualitative_pack_100cases_20260417/ablation/desks_0036/ours_full_mesh.glb,/home/tdc/img2build_pipeline/comparison_output/qualitative_pack_100cases_20260417/ablation/desks_0036/ours_full_structure.json,/home/tdc/img2build_pipeline/comparison_output/qualitative_pack_100cases_20260417/ablation/desks_0036/ours_full_diagnostics.json,,,False,143,1.0,0.0,0.16783216783216784,,,0.0,0,24,143,,True,False,True
ablation,desks_0043,ours_base,/home/tdc/img2build_pipeline/comparison_output/qualitative_pack_100cases_20260417/ablation/desks_0043/summary.json,/home/tdc/img2build_pipeline/comparison_output/qualitative_pack_100cases_20260417/ablation/desks_0043/ours_base_mesh.glb,/home/tdc/img2build_pipeline/comparison_output/qualitative_pack_100cases_20260417/ablation/desks_0043/ours_base_structure.json,/home/tdc/img2build_pipeline/comparison_output/qualitative_pack_100cases_20260417/ablation/desks_0043/ours_base_diagnostics.json,,,False,119,1.0,0.12605042016806722,0.6134453781512605,,,0.0,15,73,119,,True,False,True
ablation,desks_0043,ours_ft,/home/tdc/img2build_pipeline/comparison_output/qualitative_pack_100cases_20260417/ablation/desks_0043/summary.json,/home/tdc/img2build_pipeline/comparison_output/qualitative_pack_100cases_20260417/ablation/desks_0043/ours_ft_mesh.glb,/home/tdc/img2build_pipeline/comparison_output/qualitative_pack_100cases_20260417/ablation/desks_0043/ours_ft_structure.json,/home/tdc/img2build_pipeline/comparison_output/qualitative_pack_100cases_20260417/ablation/desks_0043/ours_ft_diagnostics.json,,,False,159,0.9811320754716981,0.08176100628930817,0.5911949685534591,,,0.018867924528301886,13,94,159,,True,False,True
ablation,desks_0043,ours_full,/home/tdc/img2build_pipeline/comparison_output/qualitative_pack_100cases_20260417/ablation/desks_0043/summary.json,/home/tdc/img2build_pipeline/comparison_output/qualitative_pack_100cases_20260417/ablation/desks_0043/ours_full_mesh.glb,/home/tdc/img2build_pipeline/comparison_output/qualitative_pack_100cases_20260417/ablation/desks_0043/ours_full_structure.json,/home/tdc/img2build_pipeline/comparison_output/qualitative_pack_100cases_20260417/ablation/desks_0043/ours_full_diagnostics.json,,,False,155,0.9806451612903225,0.07741935483870968,0.5548387096774193,,,0.01935483870967742,12,86,155,,True,False,True
ablation,desks_0046,ours_base,/home/tdc/img2build_pipeline/comparison_output/qualitative_pack_100cases_20260417/ablation/desks_0046/summary.json,/home/tdc/img2build_pipeline/comparison_output/qualitative_pack_100cases_20260417/ablation/desks_0046/ours_base_mesh.glb,/home/tdc/img2build_pipeline/comparison_output/qualitative_pack_100cases_20260417/ablation/desks_0046/ours_base_structure.json,/home/tdc/img2build_pipeline/comparison_output/qualitative_pack_100cases_20260417/ablation/desks_0046/ours_base_diagnostics.json,,,False,168,1.0,0.017857142857142856,0.08333333333333333,,,0.0,3,14,168,,True,False,True
ablation,desks_0046,ours_ft,/home/tdc/img2build_pipeline/comparison_output/qualitative_pack_100cases_20260417/ablation/desks_0046/summary.json,/home/tdc/img2build_pipeline/comparison_output/qualitative_pack_100cases_20260417/ablation/desks_0046/ours_ft_mesh.glb,/home/tdc/img2build_pipeline/comparison_output/qualitative_pack_100cases_20260417/ablation/desks_0046/ours_ft_structure.json,/home/tdc/img2build_pipeline/comparison_output/qualitative_pack_100cases_20260417/ablation/desks_0046/ours_ft_diagnostics.json,,,False,198,1.0,0.04040404040404041,0.1717171717171717,,,0.0,8,34,198,,True,False,True
ablation,desks_0046,ours_full,/home/tdc/img2build_pipeline/comparison_output/qualitative_pack_100cases_20260417/ablation/desks_0046/summary.json,/home/tdc/img2build_pipeline/comparison_output/qualitative_pack_100cases_20260417/ablation/desks_0046/ours_full_mesh.glb,/home/tdc/img2build_pipeline/comparison_output/qualitative_pack_100cases_20260417/ablation/desks_0046/ours_full_structure.json,/home/tdc/img2build_pipeline/comparison_output/qualitative_pack_100cases_20260417/ablation/desks_0046/ours_full_diagnostics.json,,,False,195,1.0,0.03076923076923077,0.1641025641025641,,,0.0,6,32,195,,True,False,True
ablation,kitchen_taps_and_sinks_0010,ours_base,/home/tdc/img2build_pipeline/comparison_output/qualitative_pack_100cases_20260417/ablation/kitchen_taps_and_sinks_0010/summary.json,/home/tdc/img2build_pipeline/comparison_output/qualitative_pack_100cases_20260417/ablation/kitchen_taps_and_sinks_0010/ours_base_mesh.glb,/home/tdc/img2build_pipeline/comparison_output/qualitative_pack_100cases_20260417/ablation/kitchen_taps_and_sinks_0010/ours_base_structure.json,/home/tdc/img2build_pipeline/comparison_output/qualitative_pack_100cases_20260417/ablation/kitchen_taps_and_sinks_0010/ours_base_diagnostics.json,,,False,164,1.0,0.024390243902439025,0.27439024390243905,,,0.0,4,45,164,,True,False,True
ablation,kitchen_taps_and_sinks_0010,ours_ft,/home/tdc/img2build_pipeline/comparison_output/qualitative_pack_100cases_20260417/ablation/kitchen_taps_and_sinks_0010/summary.json,/home/tdc/img2build_pipeline/comparison_output/qualitative_pack_100cases_20260417/ablation/kitchen_taps_and_sinks_0010/ours_ft_mesh.glb,/home/tdc/img2build_pipeline/comparison_output/qualitative_pack_100cases_20260417/ablation/kitchen_taps_and_sinks_0010/ours_ft_structure.json,/home/tdc/img2build_pipeline/comparison_output/qualitative_pack_100cases_20260417/ablation/kitchen_taps_and_sinks_0010/ours_ft_diagnostics.json,,,False,145,1.0,0.006896551724137931,0.21379310344827587,,,0.0,1,31,145,,True,False,True
ablation,kitchen_taps_and_sinks_0010,ours_full,/home/tdc/img2build_pipeline/comparison_output/qualitative_pack_100cases_20260417/ablation/kitchen_taps_and_sinks_0010/summary.json,/home/tdc/img2build_pipeline/comparison_output/qualitative_pack_100cases_20260417/ablation/kitchen_taps_and_sinks_0010/ours_full_mesh.glb,/home/tdc/img2build_pipeline/comparison_output/qualitative_pack_100cases_20260417/ablation/kitchen_taps_and_sinks_0010/ours_full_structure.json,/home/tdc/img2build_pipeline/comparison_output/qualitative_pack_100cases_20260417/ablation/kitchen_taps_and_sinks_0010/ours_full_diagnostics.json,,,False,145,1.0,0.0,0.19310344827586207,,,0.0,0,28,145,,True,False,True
ablation,kitchen_taps_and_sinks_0019,ours_base,/home/tdc/img2build_pipeline/comparison_output/qualitative_pack_100cases_20260417/ablation/kitchen_taps_and_sinks_0019/summary.json,/home/tdc/img2build_pipeline/comparison_output/qualitative_pack_100cases_20260417/ablation/kitchen_taps_and_sinks_0019/ours_base_mesh.glb,/home/tdc/img2build_pipeline/comparison_output/qualitative_pack_100cases_20260417/ablation/kitchen_taps_and_sinks_0019/ours_base_structure.json,/home/tdc/img2build_pipeline/comparison_output/qualitative_pack_100cases_20260417/ablation/kitchen_taps_and_sinks_0019/ours_base_diagnostics.json,,,False,124,0.9354838709677419,0.08870967741935484,0.3467741935483871,,,0.06451612903225806,11,43,124,,True,False,True
ablation,kitchen_taps_and_sinks_0019,ours_ft,/home/tdc/img2build_pipeline/comparison_output/qualitative_pack_100cases_20260417/ablation/kitchen_taps_and_sinks_0019/summary.json,/home/tdc/img2build_pipeline/comparison_output/qualitative_pack_100cases_20260417/ablation/kitchen_taps_and_sinks_0019/ours_ft_mesh.glb,/home/tdc/img2build_pipeline/comparison_output/qualitative_pack_100cases_20260417/ablation/kitchen_taps_and_sinks_0019/ours_ft_structure.json,/home/tdc/img2build_pipeline/comparison_output/qualitative_pack_100cases_20260417/ablation/kitchen_taps_and_sinks_0019/ours_ft_diagnostics.json,,,False,227,1.0,0.05286343612334802,0.2511013215859031,,,0.0,12,57,227,,True,False,True
ablation,kitchen_taps_and_sinks_0019,ours_full,/home/tdc/img2build_pipeline/comparison_output/qualitative_pack_100cases_20260417/ablation/kitchen_taps_and_sinks_0019/summary.json,/home/tdc/img2build_pipeline/comparison_output/qualitative_pack_100cases_20260417/ablation/kitchen_taps_and_sinks_0019/ours_full_mesh.glb,/home/tdc/img2build_pipeline/comparison_output/qualitative_pack_100cases_20260417/ablation/kitchen_taps_and_sinks_0019/ours_full_structure.json,/home/tdc/img2build_pipeline/comparison_output/qualitative_pack_100cases_20260417/ablation/kitchen_taps_and_sinks_0019/ours_full_diagnostics.json,,,False,222,1.0,0.04054054054054054,0.25225225225225223,,,0.0,9,56,222,,True,False,True
ablation,kitchen_taps_and_sinks_0021,ours_base,/home/tdc/img2build_pipeline/comparison_output/qualitative_pack_100cases_20260417/ablation/kitchen_taps_and_sinks_0021/summary.json,/home/tdc/img2build_pipeline/comparison_output/qualitative_pack_100cases_20260417/ablation/kitchen_taps_and_sinks_0021/ours_base_mesh.glb,/home/tdc/img2build_pipeline/comparison_output/qualitative_pack_100cases_20260417/ablation/kitchen_taps_and_sinks_0021/ours_base_structure.json,/home/tdc/img2build_pipeline/comparison_output/qualitative_pack_100cases_20260417/ablation/kitchen_taps_and_sinks_0021/ours_base_diagnostics.json,,,False,175,0.9828571428571429,0.017142857142857144,0.08571428571428572,,,0.017142857142857144,3,15,175,,True,False,True
ablation,kitchen_taps_and_sinks_0021,ours_ft,/home/tdc/img2build_pipeline/comparison_output/qualitative_pack_100cases_20260417/ablation/kitchen_taps_and_sinks_0021/summary.json,/home/tdc/img2build_pipeline/comparison_output/qualitative_pack_100cases_20260417/ablation/kitchen_taps_and_sinks_0021/ours_ft_mesh.glb,/home/tdc/img2build_pipeline/comparison_output/qualitative_pack_100cases_20260417/ablation/kitchen_taps_and_sinks_0021/ours_ft_structure.json,/home/tdc/img2build_pipeline/comparison_output/qualitative_pack_100cases_20260417/ablation/kitchen_taps_and_sinks_0021/ours_ft_diagnostics.json,,,False,226,0.995575221238938,0.05752212389380531,0.168141592920354,,,0.004424778761061947,13,38,226,,True,False,True
ablation,kitchen_taps_and_sinks_0021,ours_full,/home/tdc/img2build_pipeline/comparison_output/qualitative_pack_100cases_20260417/ablation/kitchen_taps_and_sinks_0021/summary.json,/home/tdc/img2build_pipeline/comparison_output/qualitative_pack_100cases_20260417/ablation/kitchen_taps_and_sinks_0021/ours_full_mesh.glb,/home/tdc/img2build_pipeline/comparison_output/qualitative_pack_100cases_20260417/ablation/kitchen_taps_and_sinks_0021/ours_full_structure.json,/home/tdc/img2build_pipeline/comparison_output/qualitative_pack_100cases_20260417/ablation/kitchen_taps_and_sinks_0021/ours_full_diagnostics.json,,,False,226,1.0,0.04424778761061947,0.16371681415929204,,,0.0,10,37,226,,True,False,True
ablation,kitchen_taps_and_sinks_0031,ours_base,/home/tdc/img2build_pipeline/comparison_output/qualitative_pack_100cases_20260417/ablation/kitchen_taps_and_sinks_0031/summary.json,/home/tdc/img2build_pipeline/comparison_output/qualitative_pack_100cases_20260417/ablation/kitchen_taps_and_sinks_0031/ours_base_mesh.glb,/home/tdc/img2build_pipeline/comparison_output/qualitative_pack_100cases_20260417/ablation/kitchen_taps_and_sinks_0031/ours_base_structure.json,/home/tdc/img2build_pipeline/comparison_output/qualitative_pack_100cases_20260417/ablation/kitchen_taps_and_sinks_0031/ours_base_diagnostics.json,,,False,51,0.9019607843137255,0.13725490196078433,0.5294117647058824,,,0.09803921568627451,7,27,51,,True,False,True
ablation,kitchen_taps_and_sinks_0031,ours_ft,/home/tdc/img2build_pipeline/comparison_output/qualitative_pack_100cases_20260417/ablation/kitchen_taps_and_sinks_0031/summary.json,/home/tdc/img2build_pipeline/comparison_output/qualitative_pack_100cases_20260417/ablation/kitchen_taps_and_sinks_0031/ours_ft_mesh.glb,/home/tdc/img2build_pipeline/comparison_output/qualitative_pack_100cases_20260417/ablation/kitchen_taps_and_sinks_0031/ours_ft_structure.json,/home/tdc/img2build_pipeline/comparison_output/qualitative_pack_100cases_20260417/ablation/kitchen_taps_and_sinks_0031/ours_ft_diagnostics.json,,,False,84,1.0,0.023809523809523808,0.30952380952380953,,,0.0,2,26,84,,True,False,True
ablation,kitchen_taps_and_sinks_0031,ours_full,/home/tdc/img2build_pipeline/comparison_output/qualitative_pack_100cases_20260417/ablation/kitchen_taps_and_sinks_0031/summary.json,/home/tdc/img2build_pipeline/comparison_output/qualitative_pack_100cases_20260417/ablation/kitchen_taps_and_sinks_0031/ours_full_mesh.glb,/home/tdc/img2build_pipeline/comparison_output/qualitative_pack_100cases_20260417/ablation/kitchen_taps_and_sinks_0031/ours_full_structure.json,/home/tdc/img2build_pipeline/comparison_output/qualitative_pack_100cases_20260417/ablation/kitchen_taps_and_sinks_0031/ours_full_diagnostics.json,,,False,83,1.0,0.012048192771084338,0.2891566265060241,,,0.0,1,24,83,,True,False,True
ablation,kitchen_taps_and_sinks_0035,ours_base,/home/tdc/img2build_pipeline/comparison_output/qualitative_pack_100cases_20260417/ablation/kitchen_taps_and_sinks_0035/summary.json,/home/tdc/img2build_pipeline/comparison_output/qualitative_pack_100cases_20260417/ablation/kitchen_taps_and_sinks_0035/ours_base_mesh.glb,/home/tdc/img2build_pipeline/comparison_output/qualitative_pack_100cases_20260417/ablation/kitchen_taps_and_sinks_0035/ours_base_structure.json,/home/tdc/img2build_pipeline/comparison_output/qualitative_pack_100cases_20260417/ablation/kitchen_taps_and_sinks_0035/ours_base_diagnostics.json,,,False,163,0.9631901840490797,0.09815950920245399,0.26380368098159507,,,0.03680981595092025,16,43,163,,True,False,True
ablation,kitchen_taps_and_sinks_0035,ours_ft,/home/tdc/img2build_pipeline/comparison_output/qualitative_pack_100cases_20260417/ablation/kitchen_taps_and_sinks_0035/summary.json,/home/tdc/img2build_pipeline/comparison_output/qualitative_pack_100cases_20260417/ablation/kitchen_taps_and_sinks_0035/ours_ft_mesh.glb,/home/tdc/img2build_pipeline/comparison_output/qualitative_pack_100cases_20260417/ablation/kitchen_taps_and_sinks_0035/ours_ft_structure.json,/home/tdc/img2build_pipeline/comparison_output/qualitative_pack_100cases_20260417/ablation/kitchen_taps_and_sinks_0035/ours_ft_diagnostics.json,,,False,92,1.0,0.10869565217391304,0.2608695652173913,,,0.0,10,24,92,,True,False,True
ablation,kitchen_taps_and_sinks_0035,ours_full,/home/tdc/img2build_pipeline/comparison_output/qualitative_pack_100cases_20260417/ablation/kitchen_taps_and_sinks_0035/summary.json,/home/tdc/img2build_pipeline/comparison_output/qualitative_pack_100cases_20260417/ablation/kitchen_taps_and_sinks_0035/ours_full_mesh.glb,/home/tdc/img2build_pipeline/comparison_output/qualitative_pack_100cases_20260417/ablation/kitchen_taps_and_sinks_0035/ours_full_structure.json,/home/tdc/img2build_pipeline/comparison_output/qualitative_pack_100cases_20260417/ablation/kitchen_taps_and_sinks_0035/ours_full_diagnostics.json,,,False,91,0.989010989010989,0.12087912087912088,0.27472527472527475,,,0.01098901098901099,11,25,91,,True,False,True
ablation,kitchen_taps_and_sinks_0043,ours_base,/home/tdc/img2build_pipeline/comparison_output/qualitative_pack_100cases_20260417/ablation/kitchen_taps_and_sinks_0043/summary.json,/home/tdc/img2build_pipeline/comparison_output/qualitative_pack_100cases_20260417/ablation/kitchen_taps_and_sinks_0043/ours_base_mesh.glb,/home/tdc/img2build_pipeline/comparison_output/qualitative_pack_100cases_20260417/ablation/kitchen_taps_and_sinks_0043/ours_base_structure.json,/home/tdc/img2build_pipeline/comparison_output/qualitative_pack_100cases_20260417/ablation/kitchen_taps_and_sinks_0043/ours_base_diagnostics.json,,,False,109,0.9357798165137615,0.10091743119266056,0.48623853211009177,,,0.06422018348623854,11,53,109,,True,False,True
ablation,kitchen_taps_and_sinks_0043,ours_ft,/home/tdc/img2build_pipeline/comparison_output/qualitative_pack_100cases_20260417/ablation/kitchen_taps_and_sinks_0043/summary.json,/home/tdc/img2build_pipeline/comparison_output/qualitative_pack_100cases_20260417/ablation/kitchen_taps_and_sinks_0043/ours_ft_mesh.glb,/home/tdc/img2build_pipeline/comparison_output/qualitative_pack_100cases_20260417/ablation/kitchen_taps_and_sinks_0043/ours_ft_structure.json,/home/tdc/img2build_pipeline/comparison_output/qualitative_pack_100cases_20260417/ablation/kitchen_taps_and_sinks_0043/ours_ft_diagnostics.json,,,False,183,1.0,0.02185792349726776,0.18032786885245902,,,0.0,4,33,183,,True,False,True
ablation,kitchen_taps_and_sinks_0043,ours_full,/home/tdc/img2build_pipeline/comparison_output/qualitative_pack_100cases_20260417/ablation/kitchen_taps_and_sinks_0043/summary.json,/home/tdc/img2build_pipeline/comparison_output/qualitative_pack_100cases_20260417/ablation/kitchen_taps_and_sinks_0043/ours_full_mesh.glb,/home/tdc/img2build_pipeline/comparison_output/qualitative_pack_100cases_20260417/ablation/kitchen_taps_and_sinks_0043/ours_full_structure.json,/home/tdc/img2build_pipeline/comparison_output/qualitative_pack_100cases_20260417/ablation/kitchen_taps_and_sinks_0043/ours_full_diagnostics.json,,,False,186,1.0,0.021505376344086023,0.1881720430107527,,,0.0,4,35,186,,True,False,True
ablation,kitchen_taps_and_sinks_0047,ours_base,/home/tdc/img2build_pipeline/comparison_output/qualitative_pack_100cases_20260417/ablation/kitchen_taps_and_sinks_0047/summary.json,/home/tdc/img2build_pipeline/comparison_output/qualitative_pack_100cases_20260417/ablation/kitchen_taps_and_sinks_0047/ours_base_mesh.glb,/home/tdc/img2build_pipeline/comparison_output/qualitative_pack_100cases_20260417/ablation/kitchen_taps_and_sinks_0047/ours_base_structure.json,/home/tdc/img2build_pipeline/comparison_output/qualitative_pack_100cases_20260417/ablation/kitchen_taps_and_sinks_0047/ours_base_diagnostics.json,,,False,146,0.9657534246575342,0.10273972602739725,0.15753424657534246,,,0.03424657534246575,15,23,146,,True,False,True
ablation,kitchen_taps_and_sinks_0047,ours_ft,/home/tdc/img2build_pipeline/comparison_output/qualitative_pack_100cases_20260417/ablation/kitchen_taps_and_sinks_0047/summary.json,/home/tdc/img2build_pipeline/comparison_output/qualitative_pack_100cases_20260417/ablation/kitchen_taps_and_sinks_0047/ours_ft_mesh.glb,/home/tdc/img2build_pipeline/comparison_output/qualitative_pack_100cases_20260417/ablation/kitchen_taps_and_sinks_0047/ours_ft_structure.json,/home/tdc/img2build_pipeline/comparison_output/qualitative_pack_100cases_20260417/ablation/kitchen_taps_and_sinks_0047/ours_ft_diagnostics.json,,,False,147,1.0,0.047619047619047616,0.2653061224489796,,,0.0,7,39,147,,True,False,True
ablation,kitchen_taps_and_sinks_0047,ours_full,/home/tdc/img2build_pipeline/comparison_output/qualitative_pack_100cases_20260417/ablation/kitchen_taps_and_sinks_0047/summary.json,/home/tdc/img2build_pipeline/comparison_output/qualitative_pack_100cases_20260417/ablation/kitchen_taps_and_sinks_0047/ours_full_mesh.glb,/home/tdc/img2build_pipeline/comparison_output/qualitative_pack_100cases_20260417/ablation/kitchen_taps_and_sinks_0047/ours_full_structure.json,/home/tdc/img2build_pipeline/comparison_output/qualitative_pack_100cases_20260417/ablation/kitchen_taps_and_sinks_0047/ours_full_diagnostics.json,,,False,146,1.0,0.0273972602739726,0.2808219178082192,,,0.0,4,41,146,,True,False,True
ablation,showers_0003,ours_base,/home/tdc/img2build_pipeline/comparison_output/qualitative_pack_100cases_20260417/ablation/showers_0003/summary.json,/home/tdc/img2build_pipeline/comparison_output/qualitative_pack_100cases_20260417/ablation/showers_0003/ours_base_mesh.glb,/home/tdc/img2build_pipeline/comparison_output/qualitative_pack_100cases_20260417/ablation/showers_0003/ours_base_structure.json,/home/tdc/img2build_pipeline/comparison_output/qualitative_pack_100cases_20260417/ablation/showers_0003/ours_base_diagnostics.json,,,False,71,1.0,0.014084507042253521,0.29577464788732394,,,0.0,1,21,71,,True,False,True
ablation,showers_0003,ours_ft,/home/tdc/img2build_pipeline/comparison_output/qualitative_pack_100cases_20260417/ablation/showers_0003/summary.json,/home/tdc/img2build_pipeline/comparison_output/qualitative_pack_100cases_20260417/ablation/showers_0003/ours_ft_mesh.glb,/home/tdc/img2build_pipeline/comparison_output/qualitative_pack_100cases_20260417/ablation/showers_0003/ours_ft_structure.json,/home/tdc/img2build_pipeline/comparison_output/qualitative_pack_100cases_20260417/ablation/showers_0003/ours_ft_diagnostics.json,,,False,33,0.9393939393939394,0.030303030303030304,0.45454545454545453,,,0.0,1,15,33,,True,False,True
ablation,showers_0003,ours_full,/home/tdc/img2build_pipeline/comparison_output/qualitative_pack_100cases_20260417/ablation/showers_0003/summary.json,/home/tdc/img2build_pipeline/comparison_output/qualitative_pack_100cases_20260417/ablation/showers_0003/ours_full_mesh.glb,/home/tdc/img2build_pipeline/comparison_output/qualitative_pack_100cases_20260417/ablation/showers_0003/ours_full_structure.json,/home/tdc/img2build_pipeline/comparison_output/qualitative_pack_100cases_20260417/ablation/showers_0003/ours_full_diagnostics.json,,,False,32,0.9375,0.0625,0.40625,,,0.0,2,13,32,,True,False,True
ablation,showers_0009,ours_base,/home/tdc/img2build_pipeline/comparison_output/qualitative_pack_100cases_20260417/ablation/showers_0009/summary.json,/home/tdc/img2build_pipeline/comparison_output/qualitative_pack_100cases_20260417/ablation/showers_0009/ours_base_mesh.glb,/home/tdc/img2build_pipeline/comparison_output/qualitative_pack_100cases_20260417/ablation/showers_0009/ours_base_structure.json,/home/tdc/img2build_pipeline/comparison_output/qualitative_pack_100cases_20260417/ablation/showers_0009/ours_base_diagnostics.json,,,False,62,1.0,0.0,0.11290322580645161,,,0.0,0,7,62,,True,False,True
ablation,showers_0009,ours_ft,/home/tdc/img2build_pipeline/comparison_output/qualitative_pack_100cases_20260417/ablation/showers_0009/summary.json,/home/tdc/img2build_pipeline/comparison_output/qualitative_pack_100cases_20260417/ablation/showers_0009/ours_ft_mesh.glb,/home/tdc/img2build_pipeline/comparison_output/qualitative_pack_100cases_20260417/ablation/showers_0009/ours_ft_structure.json,/home/tdc/img2build_pipeline/comparison_output/qualitative_pack_100cases_20260417/ablation/showers_0009/ours_ft_diagnostics.json,,,False,71,1.0,0.04225352112676056,0.18309859154929578,,,0.0,3,13,71,,True,False,True
ablation,showers_0009,ours_full,/home/tdc/img2build_pipeline/comparison_output/qualitative_pack_100cases_20260417/ablation/showers_0009/summary.json,/home/tdc/img2build_pipeline/comparison_output/qualitative_pack_100cases_20260417/ablation/showers_0009/ours_full_mesh.glb,/home/tdc/img2build_pipeline/comparison_output/qualitative_pack_100cases_20260417/ablation/showers_0009/ours_full_structure.json,/home/tdc/img2build_pipeline/comparison_output/qualitative_pack_100cases_20260417/ablation/showers_0009/ours_full_diagnostics.json,,,False,65,1.0,0.0,0.18461538461538463,,,0.0,0,12,65,,True,False,True
ablation,showers_0017,ours_base,/home/tdc/img2build_pipeline/comparison_output/qualitative_pack_100cases_20260417/ablation/showers_0017/summary.json,/home/tdc/img2build_pipeline/comparison_output/qualitative_pack_100cases_20260417/ablation/showers_0017/ours_base_mesh.glb,/home/tdc/img2build_pipeline/comparison_output/qualitative_pack_100cases_20260417/ablation/showers_0017/ours_base_structure.json,/home/tdc/img2build_pipeline/comparison_output/qualitative_pack_100cases_20260417/ablation/showers_0017/ours_base_diagnostics.json,,,False,49,0.9387755102040817,0.1836734693877551,0.3469387755102041,,,0.061224489795918366,9,17,49,,True,False,True
ablation,showers_0017,ours_ft,/home/tdc/img2build_pipeline/comparison_output/qualitative_pack_100cases_20260417/ablation/showers_0017/summary.json,/home/tdc/img2build_pipeline/comparison_output/qualitative_pack_100cases_20260417/ablation/showers_0017/ours_ft_mesh.glb,/home/tdc/img2build_pipeline/comparison_output/qualitative_pack_100cases_20260417/ablation/showers_0017/ours_ft_structure.json,/home/tdc/img2build_pipeline/comparison_output/qualitative_pack_100cases_20260417/ablation/showers_0017/ours_ft_diagnostics.json,,,False,121,1.0,0.03305785123966942,0.19834710743801653,,,0.0,4,24,121,,True,False,True
ablation,showers_0017,ours_full,/home/tdc/img2build_pipeline/comparison_output/qualitative_pack_100cases_20260417/ablation/showers_0017/summary.json,/home/tdc/img2build_pipeline/comparison_output/qualitative_pack_100cases_20260417/ablation/showers_0017/ours_full_mesh.glb,/home/tdc/img2build_pipeline/comparison_output/qualitative_pack_100cases_20260417/ablation/showers_0017/ours_full_structure.json,/home/tdc/img2build_pipeline/comparison_output/qualitative_pack_100cases_20260417/ablation/showers_0017/ours_full_diagnostics.json,,,False,121,1.0,0.024793388429752067,0.17355371900826447,,,0.0,3,21,121,,True,False,True
ablation,softtoys_0001,ours_base,/home/tdc/img2build_pipeline/comparison_output/qualitative_pack_100cases_20260417/ablation/softtoys_0001/summary.json,/home/tdc/img2build_pipeline/comparison_output/qualitative_pack_100cases_20260417/ablation/softtoys_0001/ours_base_mesh.glb,/home/tdc/img2build_pipeline/comparison_output/qualitative_pack_100cases_20260417/ablation/softtoys_0001/ours_base_structure.json,/home/tdc/img2build_pipeline/comparison_output/qualitative_pack_100cases_20260417/ablation/softtoys_0001/ours_base_diagnostics.json,,,False,389,1.0,0.010282776349614395,0.07969151670951156,,,0.0,4,31,389,,True,False,True
ablation,softtoys_0001,ours_ft,/home/tdc/img2build_pipeline/comparison_output/qualitative_pack_100cases_20260417/ablation/softtoys_0001/summary.json,/home/tdc/img2build_pipeline/comparison_output/qualitative_pack_100cases_20260417/ablation/softtoys_0001/ours_ft_mesh.glb,/home/tdc/img2build_pipeline/comparison_output/qualitative_pack_100cases_20260417/ablation/softtoys_0001/ours_ft_structure.json,/home/tdc/img2build_pipeline/comparison_output/qualitative_pack_100cases_20260417/ablation/softtoys_0001/ours_ft_diagnostics.json,,,False,293,1.0,0.017064846416382253,0.15017064846416384,,,0.0,5,44,293,,True,False,True
ablation,softtoys_0001,ours_full,/home/tdc/img2build_pipeline/comparison_output/qualitative_pack_100cases_20260417/ablation/softtoys_0001/summary.json,/home/tdc/img2build_pipeline/comparison_output/qualitative_pack_100cases_20260417/ablation/softtoys_0001/ours_full_mesh.glb,/home/tdc/img2build_pipeline/comparison_output/qualitative_pack_100cases_20260417/ablation/softtoys_0001/ours_full_structure.json,/home/tdc/img2build_pipeline/comparison_output/qualitative_pack_100cases_20260417/ablation/softtoys_0001/ours_full_diagnostics.json,,,False,298,1.0,0.02348993288590604,0.15436241610738255,,,0.0,7,46,298,,True,False,True
ablation,softtoys_0003,ours_base,/home/tdc/img2build_pipeline/comparison_output/qualitative_pack_100cases_20260417/ablation/softtoys_0003/summary.json,/home/tdc/img2build_pipeline/comparison_output/qualitative_pack_100cases_20260417/ablation/softtoys_0003/ours_base_mesh.glb,/home/tdc/img2build_pipeline/comparison_output/qualitative_pack_100cases_20260417/ablation/softtoys_0003/ours_base_structure.json,/home/tdc/img2build_pipeline/comparison_output/qualitative_pack_100cases_20260417/ablation/softtoys_0003/ours_base_diagnostics.json,,,False,173,1.0,0.011560693641618497,0.17341040462427745,,,0.0,2,30,173,,True,False,True
ablation,softtoys_0003,ours_ft,/home/tdc/img2build_pipeline/comparison_output/qualitative_pack_100cases_20260417/ablation/softtoys_0003/summary.json,/home/tdc/img2build_pipeline/comparison_output/qualitative_pack_100cases_20260417/ablation/softtoys_0003/ours_ft_mesh.glb,/home/tdc/img2build_pipeline/comparison_output/qualitative_pack_100cases_20260417/ablation/softtoys_0003/ours_ft_structure.json,/home/tdc/img2build_pipeline/comparison_output/qualitative_pack_100cases_20260417/ablation/softtoys_0003/ours_ft_diagnostics.json,,,False,164,1.0,0.006097560975609756,0.12804878048780488,,,0.0,1,21,164,,True,False,True
ablation,softtoys_0003,ours_full,/home/tdc/img2build_pipeline/comparison_output/qualitative_pack_100cases_20260417/ablation/softtoys_0003/summary.json,/home/tdc/img2build_pipeline/comparison_output/qualitative_pack_100cases_20260417/ablation/softtoys_0003/ours_full_mesh.glb,/home/tdc/img2build_pipeline/comparison_output/qualitative_pack_100cases_20260417/ablation/softtoys_0003/ours_full_structure.json,/home/tdc/img2build_pipeline/comparison_output/qualitative_pack_100cases_20260417/ablation/softtoys_0003/ours_full_diagnostics.json,,,False,151,1.0,0.006622516556291391,0.11920529801324503,,,0.0,1,18,151,,True,False,True
ablation,softtoys_0007,ours_base,/home/tdc/img2build_pipeline/comparison_output/qualitative_pack_100cases_20260417/ablation/softtoys_0007/summary.json,/home/tdc/img2build_pipeline/comparison_output/qualitative_pack_100cases_20260417/ablation/softtoys_0007/ours_base_mesh.glb,/home/tdc/img2build_pipeline/comparison_output/qualitative_pack_100cases_20260417/ablation/softtoys_0007/ours_base_structure.json,/home/tdc/img2build_pipeline/comparison_output/qualitative_pack_100cases_20260417/ablation/softtoys_0007/ours_base_diagnostics.json,,,False,138,1.0,0.021739130434782608,0.16666666666666666,,,0.0,3,23,138,,True,False,True
ablation,softtoys_0007,ours_ft,/home/tdc/img2build_pipeline/comparison_output/qualitative_pack_100cases_20260417/ablation/softtoys_0007/summary.json,/home/tdc/img2build_pipeline/comparison_output/qualitative_pack_100cases_20260417/ablation/softtoys_0007/ours_ft_mesh.glb,/home/tdc/img2build_pipeline/comparison_output/qualitative_pack_100cases_20260417/ablation/softtoys_0007/ours_ft_structure.json,/home/tdc/img2build_pipeline/comparison_output/qualitative_pack_100cases_20260417/ablation/softtoys_0007/ours_ft_diagnostics.json,,,False,98,1.0,0.0,0.11224489795918367,,,0.0,0,11,98,,True,False,True
ablation,softtoys_0007,ours_full,/home/tdc/img2build_pipeline/comparison_output/qualitative_pack_100cases_20260417/ablation/softtoys_0007/summary.json,/home/tdc/img2build_pipeline/comparison_output/qualitative_pack_100cases_20260417/ablation/softtoys_0007/ours_full_mesh.glb,/home/tdc/img2build_pipeline/comparison_output/qualitative_pack_100cases_20260417/ablation/softtoys_0007/ours_full_structure.json,/home/tdc/img2build_pipeline/comparison_output/qualitative_pack_100cases_20260417/ablation/softtoys_0007/ours_full_diagnostics.json,,,False,103,1.0,0.0,0.1262135922330097,,,0.0,0,13,103,,True,False,True
ablation,softtoys_0008,ours_base,/home/tdc/img2build_pipeline/comparison_output/qualitative_pack_100cases_20260417/ablation/softtoys_0008/summary.json,/home/tdc/img2build_pipeline/comparison_output/qualitative_pack_100cases_20260417/ablation/softtoys_0008/ours_base_mesh.glb,/home/tdc/img2build_pipeline/comparison_output/qualitative_pack_100cases_20260417/ablation/softtoys_0008/ours_base_structure.json,/home/tdc/img2build_pipeline/comparison_output/qualitative_pack_100cases_20260417/ablation/softtoys_0008/ours_base_diagnostics.json,,,False,137,1.0,0.0364963503649635,0.1386861313868613,,,0.0,5,19,137,,True,False,True
ablation,softtoys_0008,ours_ft,/home/tdc/img2build_pipeline/comparison_output/qualitative_pack_100cases_20260417/ablation/softtoys_0008/summary.json,/home/tdc/img2build_pipeline/comparison_output/qualitative_pack_100cases_20260417/ablation/softtoys_0008/ours_ft_mesh.glb,/home/tdc/img2build_pipeline/comparison_output/qualitative_pack_100cases_20260417/ablation/softtoys_0008/ours_ft_structure.json,/home/tdc/img2build_pipeline/comparison_output/qualitative_pack_100cases_20260417/ablation/softtoys_0008/ours_ft_diagnostics.json,,,False,170,0.8941176470588236,0.041176470588235294,0.17058823529411765,,,0.0,7,29,170,,True,False,True
ablation,softtoys_0008,ours_full,/home/tdc/img2build_pipeline/comparison_output/qualitative_pack_100cases_20260417/ablation/softtoys_0008/summary.json,/home/tdc/img2build_pipeline/comparison_output/qualitative_pack_100cases_20260417/ablation/softtoys_0008/ours_full_mesh.glb,/home/tdc/img2build_pipeline/comparison_output/qualitative_pack_100cases_20260417/ablation/softtoys_0008/ours_full_structure.json,/home/tdc/img2build_pipeline/comparison_output/qualitative_pack_100cases_20260417/ablation/softtoys_0008/ours_full_diagnostics.json,,,False,187,0.9090909090909091,0.0106951871657754,0.11764705882352941,,,0.0,2,22,187,,True,False,True
ablation,softtoys_0009,ours_base,/home/tdc/img2build_pipeline/comparison_output/qualitative_pack_100cases_20260417/ablation/softtoys_0009/summary.json,/home/tdc/img2build_pipeline/comparison_output/qualitative_pack_100cases_20260417/ablation/softtoys_0009/ours_base_mesh.glb,/home/tdc/img2build_pipeline/comparison_output/qualitative_pack_100cases_20260417/ablation/softtoys_0009/ours_base_structure.json,/home/tdc/img2build_pipeline/comparison_output/qualitative_pack_100cases_20260417/ablation/softtoys_0009/ours_base_diagnostics.json,,,False,123,1.0,0.04878048780487805,0.2845528455284553,,,0.0,6,35,123,,True,False,True
ablation,softtoys_0009,ours_ft,/home/tdc/img2build_pipeline/comparison_output/qualitative_pack_100cases_20260417/ablation/softtoys_0009/summary.json,/home/tdc/img2build_pipeline/comparison_output/qualitative_pack_100cases_20260417/ablation/softtoys_0009/ours_ft_mesh.glb,/home/tdc/img2build_pipeline/comparison_output/qualitative_pack_100cases_20260417/ablation/softtoys_0009/ours_ft_structure.json,/home/tdc/img2build_pipeline/comparison_output/qualitative_pack_100cases_20260417/ablation/softtoys_0009/ours_ft_diagnostics.json,,,False,100,1.0,0.05,0.36,,,0.0,5,36,100,,True,False,True
ablation,softtoys_0009,ours_full,/home/tdc/img2build_pipeline/comparison_output/qualitative_pack_100cases_20260417/ablation/softtoys_0009/summary.json,/home/tdc/img2build_pipeline/comparison_output/qualitative_pack_100cases_20260417/ablation/softtoys_0009/ours_full_mesh.glb,/home/tdc/img2build_pipeline/comparison_output/qualitative_pack_100cases_20260417/ablation/softtoys_0009/ours_full_structure.json,/home/tdc/img2build_pipeline/comparison_output/qualitative_pack_100cases_20260417/ablation/softtoys_0009/ours_full_diagnostics.json,,,False,95,1.0,0.031578947368421054,0.3157894736842105,,,0.0,3,30,95,,True,False,True
ablation,softtoys_0011,ours_base,/home/tdc/img2build_pipeline/comparison_output/qualitative_pack_100cases_20260417/ablation/softtoys_0011/summary.json,/home/tdc/img2build_pipeline/comparison_output/qualitative_pack_100cases_20260417/ablation/softtoys_0011/ours_base_mesh.glb,/home/tdc/img2build_pipeline/comparison_output/qualitative_pack_100cases_20260417/ablation/softtoys_0011/ours_base_structure.json,/home/tdc/img2build_pipeline/comparison_output/qualitative_pack_100cases_20260417/ablation/softtoys_0011/ours_base_diagnostics.json,,,False,477,1.0,0.014675052410901468,0.09433962264150944,,,0.0,7,45,477,,True,False,True
ablation,softtoys_0011,ours_ft,/home/tdc/img2build_pipeline/comparison_output/qualitative_pack_100cases_20260417/ablation/softtoys_0011/summary.json,/home/tdc/img2build_pipeline/comparison_output/qualitative_pack_100cases_20260417/ablation/softtoys_0011/ours_ft_mesh.glb,/home/tdc/img2build_pipeline/comparison_output/qualitative_pack_100cases_20260417/ablation/softtoys_0011/ours_ft_structure.json,/home/tdc/img2build_pipeline/comparison_output/qualitative_pack_100cases_20260417/ablation/softtoys_0011/ours_ft_diagnostics.json,,,False,309,1.0,0.019417475728155338,0.1262135922330097,,,0.0,6,39,309,,True,False,True
ablation,softtoys_0011,ours_full,/home/tdc/img2build_pipeline/comparison_output/qualitative_pack_100cases_20260417/ablation/softtoys_0011/summary.json,/home/tdc/img2build_pipeline/comparison_output/qualitative_pack_100cases_20260417/ablation/softtoys_0011/ours_full_mesh.glb,/home/tdc/img2build_pipeline/comparison_output/qualitative_pack_100cases_20260417/ablation/softtoys_0011/ours_full_structure.json,/home/tdc/img2build_pipeline/comparison_output/qualitative_pack_100cases_20260417/ablation/softtoys_0011/ours_full_diagnostics.json,,,False,317,1.0,0.006309148264984227,0.09779179810725552,,,0.0,2,31,317,,True,False,True
ablation,softtoys_0013,ours_base,/home/tdc/img2build_pipeline/comparison_output/qualitative_pack_100cases_20260417/ablation/softtoys_0013/summary.json,/home/tdc/img2build_pipeline/comparison_output/qualitative_pack_100cases_20260417/ablation/softtoys_0013/ours_base_mesh.glb,/home/tdc/img2build_pipeline/comparison_output/qualitative_pack_100cases_20260417/ablation/softtoys_0013/ours_base_structure.json,/home/tdc/img2build_pipeline/comparison_output/qualitative_pack_100cases_20260417/ablation/softtoys_0013/ours_base_diagnostics.json,,,False,304,1.0,0.006578947368421052,0.08223684210526316,,,0.0,2,25,304,,True,False,True
ablation,softtoys_0013,ours_ft,/home/tdc/img2build_pipeline/comparison_output/qualitative_pack_100cases_20260417/ablation/softtoys_0013/summary.json,/home/tdc/img2build_pipeline/comparison_output/qualitative_pack_100cases_20260417/ablation/softtoys_0013/ours_ft_mesh.glb,/home/tdc/img2build_pipeline/comparison_output/qualitative_pack_100cases_20260417/ablation/softtoys_0013/ours_ft_structure.json,/home/tdc/img2build_pipeline/comparison_output/qualitative_pack_100cases_20260417/ablation/softtoys_0013/ours_ft_diagnostics.json,,,False,286,1.0,0.024475524475524476,0.12937062937062938,,,0.0,7,37,286,,True,False,True
ablation,softtoys_0013,ours_full,/home/tdc/img2build_pipeline/comparison_output/qualitative_pack_100cases_20260417/ablation/softtoys_0013/summary.json,/home/tdc/img2build_pipeline/comparison_output/qualitative_pack_100cases_20260417/ablation/softtoys_0013/ours_full_mesh.glb,/home/tdc/img2build_pipeline/comparison_output/qualitative_pack_100cases_20260417/ablation/softtoys_0013/ours_full_structure.json,/home/tdc/img2build_pipeline/comparison_output/qualitative_pack_100cases_20260417/ablation/softtoys_0013/ours_full_diagnostics.json,,,False,288,1.0,0.003472222222222222,0.05555555555555555,,,0.0,1,16,288,,True,False,True
ablation,softtoys_0014,ours_base,/home/tdc/img2build_pipeline/comparison_output/qualitative_pack_100cases_20260417/ablation/softtoys_0014/summary.json,/home/tdc/img2build_pipeline/comparison_output/qualitative_pack_100cases_20260417/ablation/softtoys_0014/ours_base_mesh.glb,/home/tdc/img2build_pipeline/comparison_output/qualitative_pack_100cases_20260417/ablation/softtoys_0014/ours_base_structure.json,/home/tdc/img2build_pipeline/comparison_output/qualitative_pack_100cases_20260417/ablation/softtoys_0014/ours_base_diagnostics.json,,,False,74,0.972972972972973,0.06756756756756757,0.2972972972972973,,,0.02702702702702703,5,22,74,,True,False,True
ablation,softtoys_0014,ours_ft,/home/tdc/img2build_pipeline/comparison_output/qualitative_pack_100cases_20260417/ablation/softtoys_0014/summary.json,/home/tdc/img2build_pipeline/comparison_output/qualitative_pack_100cases_20260417/ablation/softtoys_0014/ours_ft_mesh.glb,/home/tdc/img2build_pipeline/comparison_output/qualitative_pack_100cases_20260417/ablation/softtoys_0014/ours_ft_structure.json,/home/tdc/img2build_pipeline/comparison_output/qualitative_pack_100cases_20260417/ablation/softtoys_0014/ours_ft_diagnostics.json,,,False,94,1.0,0.10638297872340426,0.2765957446808511,,,0.0,10,26,94,,True,False,True
ablation,softtoys_0014,ours_full,/home/tdc/img2build_pipeline/comparison_output/qualitative_pack_100cases_20260417/ablation/softtoys_0014/summary.json,/home/tdc/img2build_pipeline/comparison_output/qualitative_pack_100cases_20260417/ablation/softtoys_0014/ours_full_mesh.glb,/home/tdc/img2build_pipeline/comparison_output/qualitative_pack_100cases_20260417/ablation/softtoys_0014/ours_full_structure.json,/home/tdc/img2build_pipeline/comparison_output/qualitative_pack_100cases_20260417/ablation/softtoys_0014/ours_full_diagnostics.json,,,False,91,1.0,0.0989010989010989,0.2857142857142857,,,0.0,9,26,91,,True,False,True
ablation,softtoys_0016,ours_base,/home/tdc/img2build_pipeline/comparison_output/qualitative_pack_100cases_20260417/ablation/softtoys_0016/summary.json,/home/tdc/img2build_pipeline/comparison_output/qualitative_pack_100cases_20260417/ablation/softtoys_0016/ours_base_mesh.glb,/home/tdc/img2build_pipeline/comparison_output/qualitative_pack_100cases_20260417/ablation/softtoys_0016/ours_base_structure.json,/home/tdc/img2build_pipeline/comparison_output/qualitative_pack_100cases_20260417/ablation/softtoys_0016/ours_base_diagnostics.json,,,False,140,1.0,0.02142857142857143,0.14285714285714285,,,0.0,3,20,140,,True,False,True
ablation,softtoys_0016,ours_ft,/home/tdc/img2build_pipeline/comparison_output/qualitative_pack_100cases_20260417/ablation/softtoys_0016/summary.json,/home/tdc/img2build_pipeline/comparison_output/qualitative_pack_100cases_20260417/ablation/softtoys_0016/ours_ft_mesh.glb,/home/tdc/img2build_pipeline/comparison_output/qualitative_pack_100cases_20260417/ablation/softtoys_0016/ours_ft_structure.json,/home/tdc/img2build_pipeline/comparison_output/qualitative_pack_100cases_20260417/ablation/softtoys_0016/ours_ft_diagnostics.json,,,False,208,1.0,0.03365384615384615,0.125,,,0.0,7,26,208,,True,False,True
ablation,softtoys_0016,ours_full,/home/tdc/img2build_pipeline/comparison_output/qualitative_pack_100cases_20260417/ablation/softtoys_0016/summary.json,/home/tdc/img2build_pipeline/comparison_output/qualitative_pack_100cases_20260417/ablation/softtoys_0016/ours_full_mesh.glb,/home/tdc/img2build_pipeline/comparison_output/qualitative_pack_100cases_20260417/ablation/softtoys_0016/ours_full_structure.json,/home/tdc/img2build_pipeline/comparison_output/qualitative_pack_100cases_20260417/ablation/softtoys_0016/ours_full_diagnostics.json,,,False,209,1.0,0.019138755980861243,0.14354066985645933,,,0.0,4,30,209,,True,False,True
ablation,softtoys_0017,ours_base,/home/tdc/img2build_pipeline/comparison_output/qualitative_pack_100cases_20260417/ablation/softtoys_0017/summary.json,/home/tdc/img2build_pipeline/comparison_output/qualitative_pack_100cases_20260417/ablation/softtoys_0017/ours_base_mesh.glb,/home/tdc/img2build_pipeline/comparison_output/qualitative_pack_100cases_20260417/ablation/softtoys_0017/ours_base_structure.json,/home/tdc/img2build_pipeline/comparison_output/qualitative_pack_100cases_20260417/ablation/softtoys_0017/ours_base_diagnostics.json,,,False,182,1.0,0.016483516483516484,0.15934065934065933,,,0.0,3,29,182,,True,False,True
ablation,softtoys_0017,ours_ft,/home/tdc/img2build_pipeline/comparison_output/qualitative_pack_100cases_20260417/ablation/softtoys_0017/summary.json,/home/tdc/img2build_pipeline/comparison_output/qualitative_pack_100cases_20260417/ablation/softtoys_0017/ours_ft_mesh.glb,/home/tdc/img2build_pipeline/comparison_output/qualitative_pack_100cases_20260417/ablation/softtoys_0017/ours_ft_structure.json,/home/tdc/img2build_pipeline/comparison_output/qualitative_pack_100cases_20260417/ablation/softtoys_0017/ours_ft_diagnostics.json,,,False,223,1.0,0.013452914798206279,0.14798206278026907,,,0.0,3,33,223,,True,False,True
ablation,softtoys_0017,ours_full,/home/tdc/img2build_pipeline/comparison_output/qualitative_pack_100cases_20260417/ablation/softtoys_0017/summary.json,/home/tdc/img2build_pipeline/comparison_output/qualitative_pack_100cases_20260417/ablation/softtoys_0017/ours_full_mesh.glb,/home/tdc/img2build_pipeline/comparison_output/qualitative_pack_100cases_20260417/ablation/softtoys_0017/ours_full_structure.json,/home/tdc/img2build_pipeline/comparison_output/qualitative_pack_100cases_20260417/ablation/softtoys_0017/ours_full_diagnostics.json,,,False,237,1.0,0.008438818565400843,0.1518987341772152,,,0.0,2,36,237,,True,False,True
ablation,softtoys_0019,ours_base,/home/tdc/img2build_pipeline/comparison_output/qualitative_pack_100cases_20260417/ablation/softtoys_0019/summary.json,/home/tdc/img2build_pipeline/comparison_output/qualitative_pack_100cases_20260417/ablation/softtoys_0019/ours_base_mesh.glb,/home/tdc/img2build_pipeline/comparison_output/qualitative_pack_100cases_20260417/ablation/softtoys_0019/ours_base_structure.json,/home/tdc/img2build_pipeline/comparison_output/qualitative_pack_100cases_20260417/ablation/softtoys_0019/ours_base_diagnostics.json,,,False,391,1.0,0.005115089514066497,0.0741687979539642,,,0.0,2,29,391,,True,False,True
ablation,softtoys_0019,ours_ft,/home/tdc/img2build_pipeline/comparison_output/qualitative_pack_100cases_20260417/ablation/softtoys_0019/summary.json,/home/tdc/img2build_pipeline/comparison_output/qualitative_pack_100cases_20260417/ablation/softtoys_0019/ours_ft_mesh.glb,/home/tdc/img2build_pipeline/comparison_output/qualitative_pack_100cases_20260417/ablation/softtoys_0019/ours_ft_structure.json,/home/tdc/img2build_pipeline/comparison_output/qualitative_pack_100cases_20260417/ablation/softtoys_0019/ours_ft_diagnostics.json,,,False,309,1.0,0.019417475728155338,0.07119741100323625,,,0.0,6,22,309,,True,False,True
ablation,softtoys_0019,ours_full,/home/tdc/img2build_pipeline/comparison_output/qualitative_pack_100cases_20260417/ablation/softtoys_0019/summary.json,/home/tdc/img2build_pipeline/comparison_output/qualitative_pack_100cases_20260417/ablation/softtoys_0019/ours_full_mesh.glb,/home/tdc/img2build_pipeline/comparison_output/qualitative_pack_100cases_20260417/ablation/softtoys_0019/ours_full_structure.json,/home/tdc/img2build_pipeline/comparison_output/qualitative_pack_100cases_20260417/ablation/softtoys_0019/ours_full_diagnostics.json,,,False,317,1.0,0.0031545741324921135,0.07886435331230283,,,0.0,1,25,317,,True,False,True
ablation,softtoys_0021,ours_base,/home/tdc/img2build_pipeline/comparison_output/qualitative_pack_100cases_20260417/ablation/softtoys_0021/summary.json,/home/tdc/img2build_pipeline/comparison_output/qualitative_pack_100cases_20260417/ablation/softtoys_0021/ours_base_mesh.glb,/home/tdc/img2build_pipeline/comparison_output/qualitative_pack_100cases_20260417/ablation/softtoys_0021/ours_base_structure.json,/home/tdc/img2build_pipeline/comparison_output/qualitative_pack_100cases_20260417/ablation/softtoys_0021/ours_base_diagnostics.json,,,False,170,1.0,0.01764705882352941,0.23529411764705882,,,0.0,3,40,170,,True,False,True
ablation,softtoys_0021,ours_ft,/home/tdc/img2build_pipeline/comparison_output/qualitative_pack_100cases_20260417/ablation/softtoys_0021/summary.json,/home/tdc/img2build_pipeline/comparison_output/qualitative_pack_100cases_20260417/ablation/softtoys_0021/ours_ft_mesh.glb,/home/tdc/img2build_pipeline/comparison_output/qualitative_pack_100cases_20260417/ablation/softtoys_0021/ours_ft_structure.json,/home/tdc/img2build_pipeline/comparison_output/qualitative_pack_100cases_20260417/ablation/softtoys_0021/ours_ft_diagnostics.json,,,False,206,1.0,0.009708737864077669,0.11650485436893204,,,0.0,2,24,206,,True,False,True
ablation,softtoys_0021,ours_full,/home/tdc/img2build_pipeline/comparison_output/qualitative_pack_100cases_20260417/ablation/softtoys_0021/summary.json,/home/tdc/img2build_pipeline/comparison_output/qualitative_pack_100cases_20260417/ablation/softtoys_0021/ours_full_mesh.glb,/home/tdc/img2build_pipeline/comparison_output/qualitative_pack_100cases_20260417/ablation/softtoys_0021/ours_full_structure.json,/home/tdc/img2build_pipeline/comparison_output/qualitative_pack_100cases_20260417/ablation/softtoys_0021/ours_full_diagnostics.json,,,False,191,1.0,0.010471204188481676,0.11518324607329843,,,0.0,2,22,191,,True,False,True
ablation,softtoys_0024,ours_base,/home/tdc/img2build_pipeline/comparison_output/qualitative_pack_100cases_20260417/ablation/softtoys_0024/summary.json,/home/tdc/img2build_pipeline/comparison_output/qualitative_pack_100cases_20260417/ablation/softtoys_0024/ours_base_mesh.glb,/home/tdc/img2build_pipeline/comparison_output/qualitative_pack_100cases_20260417/ablation/softtoys_0024/ours_base_structure.json,/home/tdc/img2build_pipeline/comparison_output/qualitative_pack_100cases_20260417/ablation/softtoys_0024/ours_base_diagnostics.json,,,False,53,1.0,0.05660377358490566,0.37735849056603776,,,0.0,3,20,53,,True,False,True
ablation,softtoys_0024,ours_ft,/home/tdc/img2build_pipeline/comparison_output/qualitative_pack_100cases_20260417/ablation/softtoys_0024/summary.json,/home/tdc/img2build_pipeline/comparison_output/qualitative_pack_100cases_20260417/ablation/softtoys_0024/ours_ft_mesh.glb,/home/tdc/img2build_pipeline/comparison_output/qualitative_pack_100cases_20260417/ablation/softtoys_0024/ours_ft_structure.json,/home/tdc/img2build_pipeline/comparison_output/qualitative_pack_100cases_20260417/ablation/softtoys_0024/ours_ft_diagnostics.json,,,False,93,1.0,0.03225806451612903,0.24731182795698925,,,0.0,3,23,93,,True,False,True
ablation,softtoys_0024,ours_full,/home/tdc/img2build_pipeline/comparison_output/qualitative_pack_100cases_20260417/ablation/softtoys_0024/summary.json,/home/tdc/img2build_pipeline/comparison_output/qualitative_pack_100cases_20260417/ablation/softtoys_0024/ours_full_mesh.glb,/home/tdc/img2build_pipeline/comparison_output/qualitative_pack_100cases_20260417/ablation/softtoys_0024/ours_full_structure.json,/home/tdc/img2build_pipeline/comparison_output/qualitative_pack_100cases_20260417/ablation/softtoys_0024/ours_full_diagnostics.json,,,False,78,1.0,0.0,0.3333333333333333,,,0.0,0,26,78,,True,False,True
ablation,softtoys_0026,ours_base,/home/tdc/img2build_pipeline/comparison_output/qualitative_pack_100cases_20260417/ablation/softtoys_0026/summary.json,/home/tdc/img2build_pipeline/comparison_output/qualitative_pack_100cases_20260417/ablation/softtoys_0026/ours_base_mesh.glb,/home/tdc/img2build_pipeline/comparison_output/qualitative_pack_100cases_20260417/ablation/softtoys_0026/ours_base_structure.json,/home/tdc/img2build_pipeline/comparison_output/qualitative_pack_100cases_20260417/ablation/softtoys_0026/ours_base_diagnostics.json,,,False,346,1.0,0.017341040462427744,0.09826589595375723,,,0.0,6,34,346,,True,False,True
ablation,softtoys_0026,ours_ft,/home/tdc/img2build_pipeline/comparison_output/qualitative_pack_100cases_20260417/ablation/softtoys_0026/summary.json,/home/tdc/img2build_pipeline/comparison_output/qualitative_pack_100cases_20260417/ablation/softtoys_0026/ours_ft_mesh.glb,/home/tdc/img2build_pipeline/comparison_output/qualitative_pack_100cases_20260417/ablation/softtoys_0026/ours_ft_structure.json,/home/tdc/img2build_pipeline/comparison_output/qualitative_pack_100cases_20260417/ablation/softtoys_0026/ours_ft_diagnostics.json,,,False,233,1.0,0.02575107296137339,0.19313304721030042,,,0.0,6,45,233,,True,False,True
ablation,softtoys_0026,ours_full,/home/tdc/img2build_pipeline/comparison_output/qualitative_pack_100cases_20260417/ablation/softtoys_0026/summary.json,/home/tdc/img2build_pipeline/comparison_output/qualitative_pack_100cases_20260417/ablation/softtoys_0026/ours_full_mesh.glb,/home/tdc/img2build_pipeline/comparison_output/qualitative_pack_100cases_20260417/ablation/softtoys_0026/ours_full_structure.json,/home/tdc/img2build_pipeline/comparison_output/qualitative_pack_100cases_20260417/ablation/softtoys_0026/ours_full_diagnostics.json,,,False,232,1.0,0.034482758620689655,0.16810344827586207,,,0.0,8,39,232,,True,False,True
ablation,softtoys_0028,ours_base,/home/tdc/img2build_pipeline/comparison_output/qualitative_pack_100cases_20260417/ablation/softtoys_0028/summary.json,/home/tdc/img2build_pipeline/comparison_output/qualitative_pack_100cases_20260417/ablation/softtoys_0028/ours_base_mesh.glb,/home/tdc/img2build_pipeline/comparison_output/qualitative_pack_100cases_20260417/ablation/softtoys_0028/ours_base_structure.json,/home/tdc/img2build_pipeline/comparison_output/qualitative_pack_100cases_20260417/ablation/softtoys_0028/ours_base_diagnostics.json,,,False,118,0.3898305084745763,0.0,0.2288135593220339,,,0.0,0,27,118,,True,False,True
ablation,softtoys_0028,ours_ft,/home/tdc/img2build_pipeline/comparison_output/qualitative_pack_100cases_20260417/ablation/softtoys_0028/summary.json,/home/tdc/img2build_pipeline/comparison_output/qualitative_pack_100cases_20260417/ablation/softtoys_0028/ours_ft_mesh.glb,/home/tdc/img2build_pipeline/comparison_output/qualitative_pack_100cases_20260417/ablation/softtoys_0028/ours_ft_structure.json,/home/tdc/img2build_pipeline/comparison_output/qualitative_pack_100cases_20260417/ablation/softtoys_0028/ours_ft_diagnostics.json,,,False,99,0.6767676767676768,0.050505050505050504,0.2828282828282828,,,0.0,5,28,99,,True,False,True
ablation,softtoys_0028,ours_full,/home/tdc/img2build_pipeline/comparison_output/qualitative_pack_100cases_20260417/ablation/softtoys_0028/summary.json,/home/tdc/img2build_pipeline/comparison_output/qualitative_pack_100cases_20260417/ablation/softtoys_0028/ours_full_mesh.glb,/home/tdc/img2build_pipeline/comparison_output/qualitative_pack_100cases_20260417/ablation/softtoys_0028/ours_full_structure.json,/home/tdc/img2build_pipeline/comparison_output/qualitative_pack_100cases_20260417/ablation/softtoys_0028/ours_full_diagnostics.json,,,False,101,0.6732673267326733,0.019801980198019802,0.22772277227722773,,,0.0,2,23,101,,True,False,True
ablation,softtoys_0030,ours_base,/home/tdc/img2build_pipeline/comparison_output/qualitative_pack_100cases_20260417/ablation/softtoys_0030/summary.json,/home/tdc/img2build_pipeline/comparison_output/qualitative_pack_100cases_20260417/ablation/softtoys_0030/ours_base_mesh.glb,/home/tdc/img2build_pipeline/comparison_output/qualitative_pack_100cases_20260417/ablation/softtoys_0030/ours_base_structure.json,/home/tdc/img2build_pipeline/comparison_output/qualitative_pack_100cases_20260417/ablation/softtoys_0030/ours_base_diagnostics.json,,,False,424,1.0,0.01650943396226415,0.09669811320754718,,,0.0,7,41,424,,True,False,True
ablation,softtoys_0030,ours_ft,/home/tdc/img2build_pipeline/comparison_output/qualitative_pack_100cases_20260417/ablation/softtoys_0030/summary.json,/home/tdc/img2build_pipeline/comparison_output/qualitative_pack_100cases_20260417/ablation/softtoys_0030/ours_ft_mesh.glb,/home/tdc/img2build_pipeline/comparison_output/qualitative_pack_100cases_20260417/ablation/softtoys_0030/ours_ft_structure.json,/home/tdc/img2build_pipeline/comparison_output/qualitative_pack_100cases_20260417/ablation/softtoys_0030/ours_ft_diagnostics.json,,,False,205,1.0,0.024390243902439025,0.16585365853658537,,,0.0,5,34,205,,True,False,True
ablation,softtoys_0030,ours_full,/home/tdc/img2build_pipeline/comparison_output/qualitative_pack_100cases_20260417/ablation/softtoys_0030/summary.json,/home/tdc/img2build_pipeline/comparison_output/qualitative_pack_100cases_20260417/ablation/softtoys_0030/ours_full_mesh.glb,/home/tdc/img2build_pipeline/comparison_output/qualitative_pack_100cases_20260417/ablation/softtoys_0030/ours_full_structure.json,/home/tdc/img2build_pipeline/comparison_output/qualitative_pack_100cases_20260417/ablation/softtoys_0030/ours_full_diagnostics.json,,,False,202,1.0,0.034653465346534656,0.15346534653465346,,,0.0,7,31,202,,True,False,True
ablation,softtoys_0035,ours_base,/home/tdc/img2build_pipeline/comparison_output/qualitative_pack_100cases_20260417/ablation/softtoys_0035/summary.json,/home/tdc/img2build_pipeline/comparison_output/qualitative_pack_100cases_20260417/ablation/softtoys_0035/ours_base_mesh.glb,/home/tdc/img2build_pipeline/comparison_output/qualitative_pack_100cases_20260417/ablation/softtoys_0035/ours_base_structure.json,/home/tdc/img2build_pipeline/comparison_output/qualitative_pack_100cases_20260417/ablation/softtoys_0035/ours_base_diagnostics.json,,,False,319,1.0,0.0219435736677116,0.12225705329153605,,,0.0,7,39,319,,True,False,True
ablation,softtoys_0035,ours_ft,/home/tdc/img2build_pipeline/comparison_output/qualitative_pack_100cases_20260417/ablation/softtoys_0035/summary.json,/home/tdc/img2build_pipeline/comparison_output/qualitative_pack_100cases_20260417/ablation/softtoys_0035/ours_ft_mesh.glb,/home/tdc/img2build_pipeline/comparison_output/qualitative_pack_100cases_20260417/ablation/softtoys_0035/ours_ft_structure.json,/home/tdc/img2build_pipeline/comparison_output/qualitative_pack_100cases_20260417/ablation/softtoys_0035/ours_ft_diagnostics.json,,,False,242,1.0,0.004132231404958678,0.12396694214876033,,,0.0,1,30,242,,True,False,True
ablation,softtoys_0035,ours_full,/home/tdc/img2build_pipeline/comparison_output/qualitative_pack_100cases_20260417/ablation/softtoys_0035/summary.json,/home/tdc/img2build_pipeline/comparison_output/qualitative_pack_100cases_20260417/ablation/softtoys_0035/ours_full_mesh.glb,/home/tdc/img2build_pipeline/comparison_output/qualitative_pack_100cases_20260417/ablation/softtoys_0035/ours_full_structure.json,/home/tdc/img2build_pipeline/comparison_output/qualitative_pack_100cases_20260417/ablation/softtoys_0035/ours_full_diagnostics.json,,,False,233,1.0,0.012875536480686695,0.12446351931330472,,,0.0,3,29,233,,True,False,True
ablation,softtoys_0036,ours_base,/home/tdc/img2build_pipeline/comparison_output/qualitative_pack_100cases_20260417/ablation/softtoys_0036/summary.json,/home/tdc/img2build_pipeline/comparison_output/qualitative_pack_100cases_20260417/ablation/softtoys_0036/ours_base_mesh.glb,/home/tdc/img2build_pipeline/comparison_output/qualitative_pack_100cases_20260417/ablation/softtoys_0036/ours_base_structure.json,/home/tdc/img2build_pipeline/comparison_output/qualitative_pack_100cases_20260417/ablation/softtoys_0036/ours_base_diagnostics.json,,,False,134,1.0,0.022388059701492536,0.1791044776119403,,,0.0,3,24,134,,True,False,True
ablation,softtoys_0036,ours_ft,/home/tdc/img2build_pipeline/comparison_output/qualitative_pack_100cases_20260417/ablation/softtoys_0036/summary.json,/home/tdc/img2build_pipeline/comparison_output/qualitative_pack_100cases_20260417/ablation/softtoys_0036/ours_ft_mesh.glb,/home/tdc/img2build_pipeline/comparison_output/qualitative_pack_100cases_20260417/ablation/softtoys_0036/ours_ft_structure.json,/home/tdc/img2build_pipeline/comparison_output/qualitative_pack_100cases_20260417/ablation/softtoys_0036/ours_ft_diagnostics.json,,,False,127,1.0,0.03937007874015748,0.1889763779527559,,,0.0,5,24,127,,True,False,True
ablation,softtoys_0036,ours_full,/home/tdc/img2build_pipeline/comparison_output/qualitative_pack_100cases_20260417/ablation/softtoys_0036/summary.json,/home/tdc/img2build_pipeline/comparison_output/qualitative_pack_100cases_20260417/ablation/softtoys_0036/ours_full_mesh.glb,/home/tdc/img2build_pipeline/comparison_output/qualitative_pack_100cases_20260417/ablation/softtoys_0036/ours_full_structure.json,/home/tdc/img2build_pipeline/comparison_output/qualitative_pack_100cases_20260417/ablation/softtoys_0036/ours_full_diagnostics.json,,,False,126,1.0,0.007936507936507936,0.14285714285714285,,,0.0,1,18,126,,True,False,True
ablation,taps_0007,ours_base,/home/tdc/img2build_pipeline/comparison_output/qualitative_pack_100cases_20260417/ablation/taps_0007/summary.json,/home/tdc/img2build_pipeline/comparison_output/qualitative_pack_100cases_20260417/ablation/taps_0007/ours_base_mesh.glb,/home/tdc/img2build_pipeline/comparison_output/qualitative_pack_100cases_20260417/ablation/taps_0007/ours_base_structure.json,/home/tdc/img2build_pipeline/comparison_output/qualitative_pack_100cases_20260417/ablation/taps_0007/ours_base_diagnostics.json,,,False,97,1.0,0.041237113402061855,0.17525773195876287,,,0.0,4,17,97,,True,False,True
ablation,taps_0007,ours_ft,/home/tdc/img2build_pipeline/comparison_output/qualitative_pack_100cases_20260417/ablation/taps_0007/summary.json,/home/tdc/img2build_pipeline/comparison_output/qualitative_pack_100cases_20260417/ablation/taps_0007/ours_ft_mesh.glb,/home/tdc/img2build_pipeline/comparison_output/qualitative_pack_100cases_20260417/ablation/taps_0007/ours_ft_structure.json,/home/tdc/img2build_pipeline/comparison_output/qualitative_pack_100cases_20260417/ablation/taps_0007/ours_ft_diagnostics.json,,,False,68,1.0,0.0,0.22058823529411764,,,0.0,0,15,68,,True,False,True
ablation,taps_0007,ours_full,/home/tdc/img2build_pipeline/comparison_output/qualitative_pack_100cases_20260417/ablation/taps_0007/summary.json,/home/tdc/img2build_pipeline/comparison_output/qualitative_pack_100cases_20260417/ablation/taps_0007/ours_full_mesh.glb,/home/tdc/img2build_pipeline/comparison_output/qualitative_pack_100cases_20260417/ablation/taps_0007/ours_full_structure.json,/home/tdc/img2build_pipeline/comparison_output/qualitative_pack_100cases_20260417/ablation/taps_0007/ours_full_diagnostics.json,,,False,59,1.0,0.0,0.22033898305084745,,,0.0,0,13,59,,True,False,True
ablation,taps_0009,ours_base,/home/tdc/img2build_pipeline/comparison_output/qualitative_pack_100cases_20260417/ablation/taps_0009/summary.json,/home/tdc/img2build_pipeline/comparison_output/qualitative_pack_100cases_20260417/ablation/taps_0009/ours_base_mesh.glb,/home/tdc/img2build_pipeline/comparison_output/qualitative_pack_100cases_20260417/ablation/taps_0009/ours_base_structure.json,/home/tdc/img2build_pipeline/comparison_output/qualitative_pack_100cases_20260417/ablation/taps_0009/ours_base_diagnostics.json,,,False,136,1.0,0.029411764705882353,0.25,,,0.0,4,34,136,,True,False,True
ablation,taps_0009,ours_ft,/home/tdc/img2build_pipeline/comparison_output/qualitative_pack_100cases_20260417/ablation/taps_0009/summary.json,/home/tdc/img2build_pipeline/comparison_output/qualitative_pack_100cases_20260417/ablation/taps_0009/ours_ft_mesh.glb,/home/tdc/img2build_pipeline/comparison_output/qualitative_pack_100cases_20260417/ablation/taps_0009/ours_ft_structure.json,/home/tdc/img2build_pipeline/comparison_output/qualitative_pack_100cases_20260417/ablation/taps_0009/ours_ft_diagnostics.json,,,False,115,0.991304347826087,0.10434782608695652,0.3391304347826087,,,0.008695652173913044,12,39,115,,True,False,True
ablation,taps_0009,ours_full,/home/tdc/img2build_pipeline/comparison_output/qualitative_pack_100cases_20260417/ablation/taps_0009/summary.json,/home/tdc/img2build_pipeline/comparison_output/qualitative_pack_100cases_20260417/ablation/taps_0009/ours_full_mesh.glb,/home/tdc/img2build_pipeline/comparison_output/qualitative_pack_100cases_20260417/ablation/taps_0009/ours_full_structure.json,/home/tdc/img2build_pipeline/comparison_output/qualitative_pack_100cases_20260417/ablation/taps_0009/ours_full_diagnostics.json,,,False,116,1.0,0.0603448275862069,0.28448275862068967,,,0.0,7,33,116,,True,False,True
ablation,taps_0017,ours_base,/home/tdc/img2build_pipeline/comparison_output/qualitative_pack_100cases_20260417/ablation/taps_0017/summary.json,/home/tdc/img2build_pipeline/comparison_output/qualitative_pack_100cases_20260417/ablation/taps_0017/ours_base_mesh.glb,/home/tdc/img2build_pipeline/comparison_output/qualitative_pack_100cases_20260417/ablation/taps_0017/ours_base_structure.json,/home/tdc/img2build_pipeline/comparison_output/qualitative_pack_100cases_20260417/ablation/taps_0017/ours_base_diagnostics.json,,,False,98,1.0,0.01020408163265306,0.20408163265306123,,,0.0,1,20,98,,True,False,True
ablation,taps_0017,ours_ft,/home/tdc/img2build_pipeline/comparison_output/qualitative_pack_100cases_20260417/ablation/taps_0017/summary.json,/home/tdc/img2build_pipeline/comparison_output/qualitative_pack_100cases_20260417/ablation/taps_0017/ours_ft_mesh.glb,/home/tdc/img2build_pipeline/comparison_output/qualitative_pack_100cases_20260417/ablation/taps_0017/ours_ft_structure.json,/home/tdc/img2build_pipeline/comparison_output/qualitative_pack_100cases_20260417/ablation/taps_0017/ours_ft_diagnostics.json,,,False,60,1.0,0.0,0.23333333333333334,,,0.0,0,14,60,,True,False,True
ablation,taps_0017,ours_full,/home/tdc/img2build_pipeline/comparison_output/qualitative_pack_100cases_20260417/ablation/taps_0017/summary.json,/home/tdc/img2build_pipeline/comparison_output/qualitative_pack_100cases_20260417/ablation/taps_0017/ours_full_mesh.glb,/home/tdc/img2build_pipeline/comparison_output/qualitative_pack_100cases_20260417/ablation/taps_0017/ours_full_structure.json,/home/tdc/img2build_pipeline/comparison_output/qualitative_pack_100cases_20260417/ablation/taps_0017/ours_full_diagnostics.json,,,False,58,1.0,0.0,0.2413793103448276,,,0.0,0,14,58,,True,False,True
image_compare,adult_beds_0006,ours_full,/home/tdc/img2build_pipeline/comparison_output/qualitative_pack_100cases_20260417/image_compare/adult_beds_0006/summary.json,/home/tdc/img2build_pipeline/comparison_output/qualitative_pack_100cases_20260417/image_compare/adult_beds_0006/ours_full_mesh.glb,/home/tdc/img2build_pipeline/comparison_output/qualitative_pack_100cases_20260417/image_compare/adult_beds_0006/ours_full_structure.json,/home/tdc/img2build_pipeline/comparison_output/qualitative_pack_100cases_20260417/image_compare/adult_beds_0006/ours_full_diagnostics.json,/home/tdc/img2build_pipeline/output/lego_style_dataset_v1/samples/adult_beds_0006_s00_rotate_x,/home/tdc/img2build_pipeline/output/lego_style_dataset_v1/samples/adult_beds_0006_s00_rotate_x/target_mesh.glb,True,156,1.0,0.0,0.057692307692307696,0.30264623631470955,0.07430853045607913,0.0,0,9,156,,True,True,True
image_compare,adult_beds_0006,instantmesh,/home/tdc/img2build_pipeline/comparison_output/qualitative_pack_100cases_20260417/image_compare/adult_beds_0006/summary.json,/home/tdc/img2build_pipeline/comparison_output/qualitative_pack_100cases_20260417/image_compare/adult_beds_0006/instantmesh_mesh.obj,/home/tdc/img2build_pipeline/comparison_output/qualitative_pack_100cases_20260417/image_compare/adult_beds_0006/instantmesh_structure.json,/home/tdc/img2build_pipeline/comparison_output/qualitative_pack_100cases_20260417/image_compare/adult_beds_0006/instantmesh_diagnostics.json,/home/tdc/img2build_pipeline/output/lego_style_dataset_v1/samples/adult_beds_0006_s00_rotate_x,/home/tdc/img2build_pipeline/output/lego_style_dataset_v1/samples/adult_beds_0006_s00_rotate_x/target_mesh.glb,True,172,0.9941860465116279,0.029069767441860465,0.12790697674418605,0.11706756659166728,0.007976255208003866,0.005813953488372093,5,22,172,,True,True,True
image_compare,adult_beds_0006,triposr,/home/tdc/img2build_pipeline/comparison_output/qualitative_pack_100cases_20260417/image_compare/adult_beds_0006/summary.json,/home/tdc/img2build_pipeline/comparison_output/qualitative_pack_100cases_20260417/image_compare/adult_beds_0006/triposr_mesh.glb,/home/tdc/img2build_pipeline/comparison_output/qualitative_pack_100cases_20260417/image_compare/adult_beds_0006/triposr_structure.json,/home/tdc/img2build_pipeline/comparison_output/qualitative_pack_100cases_20260417/image_compare/adult_beds_0006/triposr_diagnostics.json,/home/tdc/img2build_pipeline/output/lego_style_dataset_v1/samples/adult_beds_0006_s00_rotate_x,/home/tdc/img2build_pipeline/output/lego_style_dataset_v1/samples/adult_beds_0006_s00_rotate_x/target_mesh.glb,True,245,1.0,0.0326530612244898,0.13877551020408163,0.16329873694776237,0.020237260973085973,0.0,8,34,245,,True,True,True
image_compare,adult_beds_0006,stable3dgen,/home/tdc/img2build_pipeline/comparison_output/qualitative_pack_100cases_20260417/image_compare/adult_beds_0006/summary.json,/home/tdc/img2build_pipeline/comparison_output/qualitative_pack_100cases_20260417/image_compare/adult_beds_0006/stable3dgen_mesh.glb,/home/tdc/img2build_pipeline/comparison_output/qualitative_pack_100cases_20260417/image_compare/adult_beds_0006/stable3dgen_structure.json,/home/tdc/img2build_pipeline/comparison_output/qualitative_pack_100cases_20260417/image_compare/adult_beds_0006/stable3dgen_diagnostics.json,/home/tdc/img2build_pipeline/output/lego_style_dataset_v1/samples/adult_beds_0006_s00_rotate_x,/home/tdc/img2build_pipeline/output/lego_style_dataset_v1/samples/adult_beds_0006_s00_rotate_x/target_mesh.glb,True,211,1.0,0.004739336492890996,0.1943127962085308,0.2740777355855992,0.06996618702142067,0.0,1,41,211,,True,True,True
image_compare,adult_beds_0014,ours_full,/home/tdc/img2build_pipeline/comparison_output/qualitative_pack_100cases_20260417/image_compare/adult_beds_0014/summary.json,/home/tdc/img2build_pipeline/comparison_output/qualitative_pack_100cases_20260417/image_compare/adult_beds_0014/ours_full_mesh.glb,/home/tdc/img2build_pipeline/comparison_output/qualitative_pack_100cases_20260417/image_compare/adult_beds_0014/ours_full_structure.json,/home/tdc/img2build_pipeline/comparison_output/qualitative_pack_100cases_20260417/image_compare/adult_beds_0014/ours_full_diagnostics.json,/home/tdc/img2build_pipeline/output/lego_style_dataset_v1/samples/adult_beds_0014_s00_rotate_x,/home/tdc/img2build_pipeline/output/lego_style_dataset_v1/samples/adult_beds_0014_s00_rotate_x/target_mesh.glb,True,149,1.0,0.0,0.10067114093959731,0.3159230125105977,0.08382036500720558,0.0,0,15,149,,True,True,True
image_compare,adult_beds_0014,instantmesh,/home/tdc/img2build_pipeline/comparison_output/qualitative_pack_100cases_20260417/image_compare/adult_beds_0014/summary.json,/home/tdc/img2build_pipeline/comparison_output/qualitative_pack_100cases_20260417/image_compare/adult_beds_0014/instantmesh_mesh.obj,/home/tdc/img2build_pipeline/comparison_output/qualitative_pack_100cases_20260417/image_compare/adult_beds_0014/instantmesh_structure.json,/home/tdc/img2build_pipeline/comparison_output/qualitative_pack_100cases_20260417/image_compare/adult_beds_0014/instantmesh_diagnostics.json,/home/tdc/img2build_pipeline/output/lego_style_dataset_v1/samples/adult_beds_0014_s00_rotate_x,/home/tdc/img2build_pipeline/output/lego_style_dataset_v1/samples/adult_beds_0014_s00_rotate_x/target_mesh.glb,True,165,1.0,0.012121212121212121,0.22424242424242424,0.14157273979507318,0.012321246241535045,0.0,2,37,165,,True,True,True
image_compare,adult_beds_0014,triposr,/home/tdc/img2build_pipeline/comparison_output/qualitative_pack_100cases_20260417/image_compare/adult_beds_0014/summary.json,/home/tdc/img2build_pipeline/comparison_output/qualitative_pack_100cases_20260417/image_compare/adult_beds_0014/triposr_mesh.glb,/home/tdc/img2build_pipeline/comparison_output/qualitative_pack_100cases_20260417/image_compare/adult_beds_0014/triposr_structure.json,/home/tdc/img2build_pipeline/comparison_output/qualitative_pack_100cases_20260417/image_compare/adult_beds_0014/triposr_diagnostics.json,/home/tdc/img2build_pipeline/output/lego_style_dataset_v1/samples/adult_beds_0014_s00_rotate_x,/home/tdc/img2build_pipeline/output/lego_style_dataset_v1/samples/adult_beds_0014_s00_rotate_x/target_mesh.glb,True,218,1.0,0.03669724770642202,0.12385321100917432,0.16177062637794262,0.023871461541909167,0.0,8,27,218,,True,True,True
image_compare,adult_beds_0014,stable3dgen,/home/tdc/img2build_pipeline/comparison_output/qualitative_pack_100cases_20260417/image_compare/adult_beds_0014/summary.json,/home/tdc/img2build_pipeline/comparison_output/qualitative_pack_100cases_20260417/image_compare/adult_beds_0014/stable3dgen_mesh.glb,/home/tdc/img2build_pipeline/comparison_output/qualitative_pack_100cases_20260417/image_compare/adult_beds_0014/stable3dgen_structure.json,/home/tdc/img2build_pipeline/comparison_output/qualitative_pack_100cases_20260417/image_compare/adult_beds_0014/stable3dgen_diagnostics.json,/home/tdc/img2build_pipeline/output/lego_style_dataset_v1/samples/adult_beds_0014_s00_rotate_x,/home/tdc/img2build_pipeline/output/lego_style_dataset_v1/samples/adult_beds_0014_s00_rotate_x/target_mesh.glb,True,176,1.0,0.0,0.13068181818181818,0.28963814667554943,0.08028049486192909,0.0,0,23,176,,True,True,True
image_compare,adult_beds_0029,ours_full,/home/tdc/img2build_pipeline/comparison_output/qualitative_pack_100cases_20260417/image_compare/adult_beds_0029/summary.json,/home/tdc/img2build_pipeline/comparison_output/qualitative_pack_100cases_20260417/image_compare/adult_beds_0029/ours_full_mesh.glb,/home/tdc/img2build_pipeline/comparison_output/qualitative_pack_100cases_20260417/image_compare/adult_beds_0029/ours_full_structure.json,/home/tdc/img2build_pipeline/comparison_output/qualitative_pack_100cases_20260417/image_compare/adult_beds_0029/ours_full_diagnostics.json,/home/tdc/img2build_pipeline/output/lego_style_dataset_v1/samples/adult_beds_0029_s00_rotate_x,/home/tdc/img2build_pipeline/output/lego_style_dataset_v1/samples/adult_beds_0029_s00_rotate_x/target_mesh.glb,True,118,1.0,0.0,0.1271186440677966,0.3227965726731389,0.10220040647383011,0.0,0,15,118,,True,True,True
image_compare,adult_beds_0029,instantmesh,/home/tdc/img2build_pipeline/comparison_output/qualitative_pack_100cases_20260417/image_compare/adult_beds_0029/summary.json,/home/tdc/img2build_pipeline/comparison_output/qualitative_pack_100cases_20260417/image_compare/adult_beds_0029/instantmesh_mesh.obj,/home/tdc/img2build_pipeline/comparison_output/qualitative_pack_100cases_20260417/image_compare/adult_beds_0029/instantmesh_structure.json,/home/tdc/img2build_pipeline/comparison_output/qualitative_pack_100cases_20260417/image_compare/adult_beds_0029/instantmesh_diagnostics.json,/home/tdc/img2build_pipeline/output/lego_style_dataset_v1/samples/adult_beds_0029_s00_rotate_x,/home/tdc/img2build_pipeline/output/lego_style_dataset_v1/samples/adult_beds_0029_s00_rotate_x/target_mesh.glb,True,112,1.0,0.044642857142857144,0.33035714285714285,0.1515872090495365,0.016670922905366925,0.0,5,37,112,,True,True,True
image_compare,adult_beds_0029,triposr,/home/tdc/img2build_pipeline/comparison_output/qualitative_pack_100cases_20260417/image_compare/adult_beds_0029/summary.json,/home/tdc/img2build_pipeline/comparison_output/qualitative_pack_100cases_20260417/image_compare/adult_beds_0029/triposr_mesh.glb,/home/tdc/img2build_pipeline/comparison_output/qualitative_pack_100cases_20260417/image_compare/adult_beds_0029/triposr_structure.json,/home/tdc/img2build_pipeline/comparison_output/qualitative_pack_100cases_20260417/image_compare/adult_beds_0029/triposr_diagnostics.json,/home/tdc/img2build_pipeline/output/lego_style_dataset_v1/samples/adult_beds_0029_s00_rotate_x,/home/tdc/img2build_pipeline/output/lego_style_dataset_v1/samples/adult_beds_0029_s00_rotate_x/target_mesh.glb,True,118,1.0,0.0,0.13559322033898305,0.16990195505051317,0.026552313243538104,0.0,0,16,118,,True,True,True
image_compare,adult_beds_0029,stable3dgen,/home/tdc/img2build_pipeline/comparison_output/qualitative_pack_100cases_20260417/image_compare/adult_beds_0029/summary.json,/home/tdc/img2build_pipeline/comparison_output/qualitative_pack_100cases_20260417/image_compare/adult_beds_0029/stable3dgen_mesh.glb,/home/tdc/img2build_pipeline/comparison_output/qualitative_pack_100cases_20260417/image_compare/adult_beds_0029/stable3dgen_structure.json,/home/tdc/img2build_pipeline/comparison_output/qualitative_pack_100cases_20260417/image_compare/adult_beds_0029/stable3dgen_diagnostics.json,/home/tdc/img2build_pipeline/output/lego_style_dataset_v1/samples/adult_beds_0029_s00_rotate_x,/home/tdc/img2build_pipeline/output/lego_style_dataset_v1/samples/adult_beds_0029_s00_rotate_x/target_mesh.glb,True,140,1.0,0.0,0.1,0.3040831819205605,0.10544569180472277,0.0,0,14,140,,True,True,True
image_compare,bathroomsinks_0004,ours_full,/home/tdc/img2build_pipeline/comparison_output/qualitative_pack_100cases_20260417/image_compare/bathroomsinks_0004/summary.json,/home/tdc/img2build_pipeline/comparison_output/qualitative_pack_100cases_20260417/image_compare/bathroomsinks_0004/ours_full_mesh.glb,/home/tdc/img2build_pipeline/comparison_output/qualitative_pack_100cases_20260417/image_compare/bathroomsinks_0004/ours_full_structure.json,/home/tdc/img2build_pipeline/comparison_output/qualitative_pack_100cases_20260417/image_compare/bathroomsinks_0004/ours_full_diagnostics.json,/home/tdc/img2build_pipeline/output/lego_style_dataset_v1/samples/bathroomsinks_0004_s00_rotate_x,/home/tdc/img2build_pipeline/output/lego_style_dataset_v1/samples/bathroomsinks_0004_s00_rotate_x/target_mesh.glb,True,170,1.0,0.0,0.12352941176470589,0.2846160259925533,0.06330827581779155,0.0,0,21,170,,True,True,True
image_compare,bathroomsinks_0004,instantmesh,/home/tdc/img2build_pipeline/comparison_output/qualitative_pack_100cases_20260417/image_compare/bathroomsinks_0004/summary.json,/home/tdc/img2build_pipeline/comparison_output/qualitative_pack_100cases_20260417/image_compare/bathroomsinks_0004/instantmesh_mesh.obj,/home/tdc/img2build_pipeline/comparison_output/qualitative_pack_100cases_20260417/image_compare/bathroomsinks_0004/instantmesh_structure.json,/home/tdc/img2build_pipeline/comparison_output/qualitative_pack_100cases_20260417/image_compare/bathroomsinks_0004/instantmesh_diagnostics.json,/home/tdc/img2build_pipeline/output/lego_style_dataset_v1/samples/bathroomsinks_0004_s00_rotate_x,/home/tdc/img2build_pipeline/output/lego_style_dataset_v1/samples/bathroomsinks_0004_s00_rotate_x/target_mesh.glb,True,108,1.0,0.037037037037037035,0.1388888888888889,0.13517174095003634,0.012848449431894822,0.0,4,15,108,,True,True,True
image_compare,bathroomsinks_0004,triposr,/home/tdc/img2build_pipeline/comparison_output/qualitative_pack_100cases_20260417/image_compare/bathroomsinks_0004/summary.json,/home/tdc/img2build_pipeline/comparison_output/qualitative_pack_100cases_20260417/image_compare/bathroomsinks_0004/triposr_mesh.glb,/home/tdc/img2build_pipeline/comparison_output/qualitative_pack_100cases_20260417/image_compare/bathroomsinks_0004/triposr_structure.json,/home/tdc/img2build_pipeline/comparison_output/qualitative_pack_100cases_20260417/image_compare/bathroomsinks_0004/triposr_diagnostics.json,/home/tdc/img2build_pipeline/output/lego_style_dataset_v1/samples/bathroomsinks_0004_s00_rotate_x,/home/tdc/img2build_pipeline/output/lego_style_dataset_v1/samples/bathroomsinks_0004_s00_rotate_x/target_mesh.glb,True,240,1.0,0.0375,0.14166666666666666,0.20438141117504915,0.03248537497187805,0.0,9,34,240,,True,True,True
image_compare,bathroomsinks_0004,stable3dgen,/home/tdc/img2build_pipeline/comparison_output/qualitative_pack_100cases_20260417/image_compare/bathroomsinks_0004/summary.json,/home/tdc/img2build_pipeline/comparison_output/qualitative_pack_100cases_20260417/image_compare/bathroomsinks_0004/stable3dgen_mesh.glb,/home/tdc/img2build_pipeline/comparison_output/qualitative_pack_100cases_20260417/image_compare/bathroomsinks_0004/stable3dgen_structure.json,/home/tdc/img2build_pipeline/comparison_output/qualitative_pack_100cases_20260417/image_compare/bathroomsinks_0004/stable3dgen_diagnostics.json,/home/tdc/img2build_pipeline/output/lego_style_dataset_v1/samples/bathroomsinks_0004_s00_rotate_x,/home/tdc/img2build_pipeline/output/lego_style_dataset_v1/samples/bathroomsinks_0004_s00_rotate_x/target_mesh.glb,True,268,1.0,0.033582089552238806,0.15298507462686567,0.2825561417691747,0.061363759937562865,0.0,9,41,268,,True,True,True
image_compare,bathroomsinks_0022,ours_full,/home/tdc/img2build_pipeline/comparison_output/qualitative_pack_100cases_20260417/image_compare/bathroomsinks_0022/summary.json,/home/tdc/img2build_pipeline/comparison_output/qualitative_pack_100cases_20260417/image_compare/bathroomsinks_0022/ours_full_mesh.glb,/home/tdc/img2build_pipeline/comparison_output/qualitative_pack_100cases_20260417/image_compare/bathroomsinks_0022/ours_full_structure.json,/home/tdc/img2build_pipeline/comparison_output/qualitative_pack_100cases_20260417/image_compare/bathroomsinks_0022/ours_full_diagnostics.json,/home/tdc/img2build_pipeline/output/lego_style_dataset_v1/samples/bathroomsinks_0022_s00_rotate_x,/home/tdc/img2build_pipeline/output/lego_style_dataset_v1/samples/bathroomsinks_0022_s00_rotate_x/target_mesh.glb,True,59,1.0,0.0,0.23728813559322035,0.2565227416288549,0.07830079134135272,0.0,0,14,59,,True,True,True
image_compare,bathroomsinks_0022,instantmesh,/home/tdc/img2build_pipeline/comparison_output/qualitative_pack_100cases_20260417/image_compare/bathroomsinks_0022/summary.json,/home/tdc/img2build_pipeline/comparison_output/qualitative_pack_100cases_20260417/image_compare/bathroomsinks_0022/instantmesh_mesh.obj,/home/tdc/img2build_pipeline/comparison_output/qualitative_pack_100cases_20260417/image_compare/bathroomsinks_0022/instantmesh_structure.json,/home/tdc/img2build_pipeline/comparison_output/qualitative_pack_100cases_20260417/image_compare/bathroomsinks_0022/instantmesh_diagnostics.json,/home/tdc/img2build_pipeline/output/lego_style_dataset_v1/samples/bathroomsinks_0022_s00_rotate_x,/home/tdc/img2build_pipeline/output/lego_style_dataset_v1/samples/bathroomsinks_0022_s00_rotate_x/target_mesh.glb,True,64,1.0,0.046875,0.28125,0.10354228842966032,0.01258041298275601,0.0,3,18,64,,True,True,True
image_compare,bathroomsinks_0022,triposr,/home/tdc/img2build_pipeline/comparison_output/qualitative_pack_100cases_20260417/image_compare/bathroomsinks_0022/summary.json,/home/tdc/img2build_pipeline/comparison_output/qualitative_pack_100cases_20260417/image_compare/bathroomsinks_0022/triposr_mesh.glb,/home/tdc/img2build_pipeline/comparison_output/qualitative_pack_100cases_20260417/image_compare/bathroomsinks_0022/triposr_structure.json,/home/tdc/img2build_pipeline/comparison_output/qualitative_pack_100cases_20260417/image_compare/bathroomsinks_0022/triposr_diagnostics.json,/home/tdc/img2build_pipeline/output/lego_style_dataset_v1/samples/bathroomsinks_0022_s00_rotate_x,/home/tdc/img2build_pipeline/output/lego_style_dataset_v1/samples/bathroomsinks_0022_s00_rotate_x/target_mesh.glb,True,161,1.0,0.043478260869565216,0.18012422360248448,0.16491194383017632,0.029000427251768806,0.0,7,29,161,,True,True,True
image_compare,bathroomsinks_0022,stable3dgen,/home/tdc/img2build_pipeline/comparison_output/qualitative_pack_100cases_20260417/image_compare/bathroomsinks_0022/summary.json,/home/tdc/img2build_pipeline/comparison_output/qualitative_pack_100cases_20260417/image_compare/bathroomsinks_0022/stable3dgen_mesh.glb,/home/tdc/img2build_pipeline/comparison_output/qualitative_pack_100cases_20260417/image_compare/bathroomsinks_0022/stable3dgen_structure.json,/home/tdc/img2build_pipeline/comparison_output/qualitative_pack_100cases_20260417/image_compare/bathroomsinks_0022/stable3dgen_diagnostics.json,/home/tdc/img2build_pipeline/output/lego_style_dataset_v1/samples/bathroomsinks_0022_s00_rotate_x,/home/tdc/img2build_pipeline/output/lego_style_dataset_v1/samples/bathroomsinks_0022_s00_rotate_x/target_mesh.glb,True,105,1.0,0.0761904761904762,0.5714285714285714,0.3432912928581471,0.13283156660753703,0.0,8,60,105,,True,True,True
image_compare,bathroomsinks_0025,ours_full,/home/tdc/img2build_pipeline/comparison_output/qualitative_pack_100cases_20260417/image_compare/bathroomsinks_0025/summary.json,/home/tdc/img2build_pipeline/comparison_output/qualitative_pack_100cases_20260417/image_compare/bathroomsinks_0025/ours_full_mesh.glb,/home/tdc/img2build_pipeline/comparison_output/qualitative_pack_100cases_20260417/image_compare/bathroomsinks_0025/ours_full_structure.json,/home/tdc/img2build_pipeline/comparison_output/qualitative_pack_100cases_20260417/image_compare/bathroomsinks_0025/ours_full_diagnostics.json,/home/tdc/img2build_pipeline/output/lego_style_dataset_v1/samples/bathroomsinks_0025_s00_rotate_x,/home/tdc/img2build_pipeline/output/lego_style_dataset_v1/samples/bathroomsinks_0025_s00_rotate_x/target_mesh.glb,True,143,1.0,0.006993006993006993,0.16783216783216784,0.22814689025810495,0.0330394175948924,0.0,1,24,143,,True,True,True
image_compare,bathroomsinks_0025,instantmesh,/home/tdc/img2build_pipeline/comparison_output/qualitative_pack_100cases_20260417/image_compare/bathroomsinks_0025/summary.json,/home/tdc/img2build_pipeline/comparison_output/qualitative_pack_100cases_20260417/image_compare/bathroomsinks_0025/instantmesh_mesh.obj,/home/tdc/img2build_pipeline/comparison_output/qualitative_pack_100cases_20260417/image_compare/bathroomsinks_0025/instantmesh_structure.json,/home/tdc/img2build_pipeline/comparison_output/qualitative_pack_100cases_20260417/image_compare/bathroomsinks_0025/instantmesh_diagnostics.json,/home/tdc/img2build_pipeline/output/lego_style_dataset_v1/samples/bathroomsinks_0025_s00_rotate_x,/home/tdc/img2build_pipeline/output/lego_style_dataset_v1/samples/bathroomsinks_0025_s00_rotate_x/target_mesh.glb,True,206,1.0,0.0048543689320388345,0.16019417475728157,0.22197331254221195,0.03183098859031997,0.0,1,33,206,,True,True,True
image_compare,bathroomsinks_0025,triposr,/home/tdc/img2build_pipeline/comparison_output/qualitative_pack_100cases_20260417/image_compare/bathroomsinks_0025/summary.json,/home/tdc/img2build_pipeline/comparison_output/qualitative_pack_100cases_20260417/image_compare/bathroomsinks_0025/triposr_mesh.glb,/home/tdc/img2build_pipeline/comparison_output/qualitative_pack_100cases_20260417/image_compare/bathroomsinks_0025/triposr_structure.json,/home/tdc/img2build_pipeline/comparison_output/qualitative_pack_100cases_20260417/image_compare/bathroomsinks_0025/triposr_diagnostics.json,/home/tdc/img2build_pipeline/output/lego_style_dataset_v1/samples/bathroomsinks_0025_s00_rotate_x,/home/tdc/img2build_pipeline/output/lego_style_dataset_v1/samples/bathroomsinks_0025_s00_rotate_x/target_mesh.glb,True,294,1.0,0.013605442176870748,0.09523809523809523,0.18964506537509287,0.019091779323188486,0.0,4,28,294,,True,True,True
image_compare,bathroomsinks_0025,stable3dgen,/home/tdc/img2build_pipeline/comparison_output/qualitative_pack_100cases_20260417/image_compare/bathroomsinks_0025/summary.json,/home/tdc/img2build_pipeline/comparison_output/qualitative_pack_100cases_20260417/image_compare/bathroomsinks_0025/stable3dgen_mesh.glb,/home/tdc/img2build_pipeline/comparison_output/qualitative_pack_100cases_20260417/image_compare/bathroomsinks_0025/stable3dgen_structure.json,/home/tdc/img2build_pipeline/comparison_output/qualitative_pack_100cases_20260417/image_compare/bathroomsinks_0025/stable3dgen_diagnostics.json,/home/tdc/img2build_pipeline/output/lego_style_dataset_v1/samples/bathroomsinks_0025_s00_rotate_x,/home/tdc/img2build_pipeline/output/lego_style_dataset_v1/samples/bathroomsinks_0025_s00_rotate_x/target_mesh.glb,True,263,1.0,0.011406844106463879,0.1596958174904943,0.2293323396589392,0.031583836003944744,0.0,3,42,263,,True,True,True
image_compare,chair_0002,ours_full,/home/tdc/img2build_pipeline/comparison_output/qualitative_pack_100cases_20260417/image_compare/chair_0002/summary.json,/home/tdc/img2build_pipeline/comparison_output/qualitative_pack_100cases_20260417/image_compare/chair_0002/ours_full_mesh.glb,/home/tdc/img2build_pipeline/comparison_output/qualitative_pack_100cases_20260417/image_compare/chair_0002/ours_full_structure.json,/home/tdc/img2build_pipeline/comparison_output/qualitative_pack_100cases_20260417/image_compare/chair_0002/ours_full_diagnostics.json,/home/tdc/img2build_pipeline/output/lego_style_dataset_v1/samples/chair_0002_s00_rotate_x,/home/tdc/img2build_pipeline/output/lego_style_dataset_v1/samples/chair_0002_s00_rotate_x/target_mesh.glb,True,109,1.0,0.009174311926605505,0.3119266055045872,0.1914124716834698,0.030822992116786768,0.0,1,34,109,,True,True,True
image_compare,chair_0002,instantmesh,/home/tdc/img2build_pipeline/comparison_output/qualitative_pack_100cases_20260417/image_compare/chair_0002/summary.json,/home/tdc/img2build_pipeline/comparison_output/qualitative_pack_100cases_20260417/image_compare/chair_0002/instantmesh_mesh.obj,/home/tdc/img2build_pipeline/comparison_output/qualitative_pack_100cases_20260417/image_compare/chair_0002/instantmesh_structure.json,/home/tdc/img2build_pipeline/comparison_output/qualitative_pack_100cases_20260417/image_compare/chair_0002/instantmesh_diagnostics.json,/home/tdc/img2build_pipeline/output/lego_style_dataset_v1/samples/chair_0002_s00_rotate_x,/home/tdc/img2build_pipeline/output/lego_style_dataset_v1/samples/chair_0002_s00_rotate_x/target_mesh.glb,True,101,0.9504950495049505,0.1188118811881188,0.42574257425742573,0.1310994334977566,0.012645599695146711,0.04950495049504951,12,43,101,,True,True,True
image_compare,chair_0002,triposr,/home/tdc/img2build_pipeline/comparison_output/qualitative_pack_100cases_20260417/image_compare/chair_0002/summary.json,/home/tdc/img2build_pipeline/comparison_output/qualitative_pack_100cases_20260417/image_compare/chair_0002/triposr_mesh.glb,/home/tdc/img2build_pipeline/comparison_output/qualitative_pack_100cases_20260417/image_compare/chair_0002/triposr_structure.json,/home/tdc/img2build_pipeline/comparison_output/qualitative_pack_100cases_20260417/image_compare/chair_0002/triposr_diagnostics.json,/home/tdc/img2build_pipeline/output/lego_style_dataset_v1/samples/chair_0002_s00_rotate_x,/home/tdc/img2build_pipeline/output/lego_style_dataset_v1/samples/chair_0002_s00_rotate_x/target_mesh.glb,True,111,0.8558558558558559,0.11711711711711711,0.3963963963963964,0.16324378689431873,0.01859041755277973,0.02702702702702703,13,44,111,,True,True,True
image_compare,chair_0002,stable3dgen,/home/tdc/img2build_pipeline/comparison_output/qualitative_pack_100cases_20260417/image_compare/chair_0002/summary.json,/home/tdc/img2build_pipeline/comparison_output/qualitative_pack_100cases_20260417/image_compare/chair_0002/stable3dgen_mesh.glb,/home/tdc/img2build_pipeline/comparison_output/qualitative_pack_100cases_20260417/image_compare/chair_0002/stable3dgen_structure.json,/home/tdc/img2build_pipeline/comparison_output/qualitative_pack_100cases_20260417/image_compare/chair_0002/stable3dgen_diagnostics.json,/home/tdc/img2build_pipeline/output/lego_style_dataset_v1/samples/chair_0002_s00_rotate_x,/home/tdc/img2build_pipeline/output/lego_style_dataset_v1/samples/chair_0002_s00_rotate_x/target_mesh.glb,True,78,1.0,0.02564102564102564,0.3974358974358974,0.18798542560624396,0.028556994243831898,0.0,2,31,78,,True,True,True
image_compare,chair_0005,ours_full,/home/tdc/img2build_pipeline/comparison_output/qualitative_pack_100cases_20260417/image_compare/chair_0005/summary.json,/home/tdc/img2build_pipeline/comparison_output/qualitative_pack_100cases_20260417/image_compare/chair_0005/ours_full_mesh.glb,/home/tdc/img2build_pipeline/comparison_output/qualitative_pack_100cases_20260417/image_compare/chair_0005/ours_full_structure.json,/home/tdc/img2build_pipeline/comparison_output/qualitative_pack_100cases_20260417/image_compare/chair_0005/ours_full_diagnostics.json,/home/tdc/img2build_pipeline/output/lego_style_dataset_v1/samples/chair_0005_s00_rotate_x,/home/tdc/img2build_pipeline/output/lego_style_dataset_v1/samples/chair_0005_s00_rotate_x/target_mesh.glb,True,128,1.0,0.03125,0.21875,0.17752957158207744,0.03369001492646051,0.0,4,28,128,,True,True,True
image_compare,chair_0005,instantmesh,/home/tdc/img2build_pipeline/comparison_output/qualitative_pack_100cases_20260417/image_compare/chair_0005/summary.json,/home/tdc/img2build_pipeline/comparison_output/qualitative_pack_100cases_20260417/image_compare/chair_0005/instantmesh_mesh.obj,/home/tdc/img2build_pipeline/comparison_output/qualitative_pack_100cases_20260417/image_compare/chair_0005/instantmesh_structure.json,/home/tdc/img2build_pipeline/comparison_output/qualitative_pack_100cases_20260417/image_compare/chair_0005/instantmesh_diagnostics.json,/home/tdc/img2build_pipeline/output/lego_style_dataset_v1/samples/chair_0005_s00_rotate_x,/home/tdc/img2build_pipeline/output/lego_style_dataset_v1/samples/chair_0005_s00_rotate_x/target_mesh.glb,True,129,0.9844961240310077,0.08527131782945736,0.5813953488372093,0.15903145522792705,0.017349623404562056,0.015503875968992248,11,75,129,,True,True,True
image_compare,chair_0005,triposr,/home/tdc/img2build_pipeline/comparison_output/qualitative_pack_100cases_20260417/image_compare/chair_0005/summary.json,/home/tdc/img2build_pipeline/comparison_output/qualitative_pack_100cases_20260417/image_compare/chair_0005/triposr_mesh.glb,/home/tdc/img2build_pipeline/comparison_output/qualitative_pack_100cases_20260417/image_compare/chair_0005/triposr_structure.json,/home/tdc/img2build_pipeline/comparison_output/qualitative_pack_100cases_20260417/image_compare/chair_0005/triposr_diagnostics.json,/home/tdc/img2build_pipeline/output/lego_style_dataset_v1/samples/chair_0005_s00_rotate_x,/home/tdc/img2build_pipeline/output/lego_style_dataset_v1/samples/chair_0005_s00_rotate_x/target_mesh.glb,True,153,0.9869281045751634,0.05228758169934641,0.3202614379084967,0.1547304587644206,0.01733810607919871,0.013071895424836602,8,49,153,,True,True,True
image_compare,chair_0005,stable3dgen,/home/tdc/img2build_pipeline/comparison_output/qualitative_pack_100cases_20260417/image_compare/chair_0005/summary.json,/home/tdc/img2build_pipeline/comparison_output/qualitative_pack_100cases_20260417/image_compare/chair_0005/stable3dgen_mesh.glb,/home/tdc/img2build_pipeline/comparison_output/qualitative_pack_100cases_20260417/image_compare/chair_0005/stable3dgen_structure.json,/home/tdc/img2build_pipeline/comparison_output/qualitative_pack_100cases_20260417/image_compare/chair_0005/stable3dgen_diagnostics.json,/home/tdc/img2build_pipeline/output/lego_style_dataset_v1/samples/chair_0005_s00_rotate_x,/home/tdc/img2build_pipeline/output/lego_style_dataset_v1/samples/chair_0005_s00_rotate_x/target_mesh.glb,True,117,1.0,0.042735042735042736,0.28205128205128205,0.16585661094057855,0.028151286763825036,0.0,5,33,117,,True,True,True
image_compare,chair_0016,ours_full,/home/tdc/img2build_pipeline/comparison_output/qualitative_pack_100cases_20260417/image_compare/chair_0016/summary.json,/home/tdc/img2build_pipeline/comparison_output/qualitative_pack_100cases_20260417/image_compare/chair_0016/ours_full_mesh.glb,/home/tdc/img2build_pipeline/comparison_output/qualitative_pack_100cases_20260417/image_compare/chair_0016/ours_full_structure.json,/home/tdc/img2build_pipeline/comparison_output/qualitative_pack_100cases_20260417/image_compare/chair_0016/ours_full_diagnostics.json,/home/tdc/img2build_pipeline/output/lego_style_dataset_v1/samples/chair_0016_s00_rotate_x,/home/tdc/img2build_pipeline/output/lego_style_dataset_v1/samples/chair_0016_s00_rotate_x/target_mesh.glb,True,75,0.9866666666666667,0.013333333333333334,0.44,0.1767634490827034,0.027566101711691306,0.013333333333333334,1,33,75,,True,True,True
image_compare,chair_0016,instantmesh,/home/tdc/img2build_pipeline/comparison_output/qualitative_pack_100cases_20260417/image_compare/chair_0016/summary.json,/home/tdc/img2build_pipeline/comparison_output/qualitative_pack_100cases_20260417/image_compare/chair_0016/instantmesh_mesh.obj,/home/tdc/img2build_pipeline/comparison_output/qualitative_pack_100cases_20260417/image_compare/chair_0016/instantmesh_structure.json,/home/tdc/img2build_pipeline/comparison_output/qualitative_pack_100cases_20260417/image_compare/chair_0016/instantmesh_diagnostics.json,/home/tdc/img2build_pipeline/output/lego_style_dataset_v1/samples/chair_0016_s00_rotate_x,/home/tdc/img2build_pipeline/output/lego_style_dataset_v1/samples/chair_0016_s00_rotate_x/target_mesh.glb,True,100,0.75,0.22,0.53,0.17520014443441173,0.018199712118980506,0.12,22,53,100,,True,True,True
image_compare,chair_0016,triposr,/home/tdc/img2build_pipeline/comparison_output/qualitative_pack_100cases_20260417/image_compare/chair_0016/summary.json,/home/tdc/img2build_pipeline/comparison_output/qualitative_pack_100cases_20260417/image_compare/chair_0016/triposr_mesh.glb,/home/tdc/img2build_pipeline/comparison_output/qualitative_pack_100cases_20260417/image_compare/chair_0016/triposr_structure.json,/home/tdc/img2build_pipeline/comparison_output/qualitative_pack_100cases_20260417/image_compare/chair_0016/triposr_diagnostics.json,/home/tdc/img2build_pipeline/output/lego_style_dataset_v1/samples/chair_0016_s00_rotate_x,/home/tdc/img2build_pipeline/output/lego_style_dataset_v1/samples/chair_0016_s00_rotate_x/target_mesh.glb,True,95,0.8,0.17894736842105263,0.4842105263157895,0.20865549315598,0.026348229776482365,0.12631578947368421,17,46,95,,True,True,True
image_compare,chair_0016,stable3dgen,/home/tdc/img2build_pipeline/comparison_output/qualitative_pack_100cases_20260417/image_compare/chair_0016/summary.json,/home/tdc/img2build_pipeline/comparison_output/qualitative_pack_100cases_20260417/image_compare/chair_0016/stable3dgen_mesh.glb,/home/tdc/img2build_pipeline/comparison_output/qualitative_pack_100cases_20260417/image_compare/chair_0016/stable3dgen_structure.json,/home/tdc/img2build_pipeline/comparison_output/qualitative_pack_100cases_20260417/image_compare/chair_0016/stable3dgen_diagnostics.json,/home/tdc/img2build_pipeline/output/lego_style_dataset_v1/samples/chair_0016_s00_rotate_x,/home/tdc/img2build_pipeline/output/lego_style_dataset_v1/samples/chair_0016_s00_rotate_x/target_mesh.glb,True,60,1.0,0.016666666666666666,0.6,0.15742283702656307,0.02890070473078754,0.0,1,36,60,,True,True,True
image_compare,chair_0018,ours_full,/home/tdc/img2build_pipeline/comparison_output/qualitative_pack_100cases_20260417/image_compare/chair_0018/summary.json,/home/tdc/img2build_pipeline/comparison_output/qualitative_pack_100cases_20260417/image_compare/chair_0018/ours_full_mesh.glb,/home/tdc/img2build_pipeline/comparison_output/qualitative_pack_100cases_20260417/image_compare/chair_0018/ours_full_structure.json,/home/tdc/img2build_pipeline/comparison_output/qualitative_pack_100cases_20260417/image_compare/chair_0018/ours_full_diagnostics.json,/home/tdc/img2build_pipeline/output/lego_style_dataset_v1/samples/chair_0018_s00_rotate_x,/home/tdc/img2build_pipeline/output/lego_style_dataset_v1/samples/chair_0018_s00_rotate_x/target_mesh.glb,True,155,1.0,0.0,0.03225806451612903,0.3147984352155406,0.052779732613275766,0.0,0,5,155,,True,True,True
image_compare,chair_0018,instantmesh,/home/tdc/img2build_pipeline/comparison_output/qualitative_pack_100cases_20260417/image_compare/chair_0018/summary.json,/home/tdc/img2build_pipeline/comparison_output/qualitative_pack_100cases_20260417/image_compare/chair_0018/instantmesh_mesh.obj,/home/tdc/img2build_pipeline/comparison_output/qualitative_pack_100cases_20260417/image_compare/chair_0018/instantmesh_structure.json,/home/tdc/img2build_pipeline/comparison_output/qualitative_pack_100cases_20260417/image_compare/chair_0018/instantmesh_diagnostics.json,/home/tdc/img2build_pipeline/output/lego_style_dataset_v1/samples/chair_0018_s00_rotate_x,/home/tdc/img2build_pipeline/output/lego_style_dataset_v1/samples/chair_0018_s00_rotate_x/target_mesh.glb,True,194,1.0,0.020618556701030927,0.16494845360824742,0.12606316048426705,0.011322731163486519,0.0,4,32,194,,True,True,True
image_compare,chair_0018,triposr,/home/tdc/img2build_pipeline/comparison_output/qualitative_pack_100cases_20260417/image_compare/chair_0018/summary.json,/home/tdc/img2build_pipeline/comparison_output/qualitative_pack_100cases_20260417/image_compare/chair_0018/triposr_mesh.glb,/home/tdc/img2build_pipeline/comparison_output/qualitative_pack_100cases_20260417/image_compare/chair_0018/triposr_structure.json,/home/tdc/img2build_pipeline/comparison_output/qualitative_pack_100cases_20260417/image_compare/chair_0018/triposr_diagnostics.json,/home/tdc/img2build_pipeline/output/lego_style_dataset_v1/samples/chair_0018_s00_rotate_x,/home/tdc/img2build_pipeline/output/lego_style_dataset_v1/samples/chair_0018_s00_rotate_x/target_mesh.glb,True,224,1.0,0.022321428571428572,0.16964285714285715,0.2593352938947134,0.04701374534927397,0.0,5,38,224,,True,True,True
image_compare,chair_0018,stable3dgen,/home/tdc/img2build_pipeline/comparison_output/qualitative_pack_100cases_20260417/image_compare/chair_0018/summary.json,/home/tdc/img2build_pipeline/comparison_output/qualitative_pack_100cases_20260417/image_compare/chair_0018/stable3dgen_mesh.glb,/home/tdc/img2build_pipeline/comparison_output/qualitative_pack_100cases_20260417/image_compare/chair_0018/stable3dgen_structure.json,/home/tdc/img2build_pipeline/comparison_output/qualitative_pack_100cases_20260417/image_compare/chair_0018/stable3dgen_diagnostics.json,/home/tdc/img2build_pipeline/output/lego_style_dataset_v1/samples/chair_0018_s00_rotate_x,/home/tdc/img2build_pipeline/output/lego_style_dataset_v1/samples/chair_0018_s00_rotate_x/target_mesh.glb,True,188,1.0,0.0,0.09042553191489362,0.27658431592808647,0.03828496620432932,0.0,0,17,188,,True,True,True
image_compare,chair_0023,ours_full,/home/tdc/img2build_pipeline/comparison_output/qualitative_pack_100cases_20260417/image_compare/chair_0023/summary.json,/home/tdc/img2build_pipeline/comparison_output/qualitative_pack_100cases_20260417/image_compare/chair_0023/ours_full_mesh.glb,/home/tdc/img2build_pipeline/comparison_output/qualitative_pack_100cases_20260417/image_compare/chair_0023/ours_full_structure.json,/home/tdc/img2build_pipeline/comparison_output/qualitative_pack_100cases_20260417/image_compare/chair_0023/ours_full_diagnostics.json,/home/tdc/img2build_pipeline/output/lego_style_dataset_v1/samples/chair_0023_s00_rotate_x,/home/tdc/img2build_pipeline/output/lego_style_dataset_v1/samples/chair_0023_s00_rotate_x/target_mesh.glb,True,103,1.0,0.05825242718446602,0.2912621359223301,0.19846639870999216,0.044987844637902646,0.0,6,30,103,,True,True,True
image_compare,chair_0023,instantmesh,/home/tdc/img2build_pipeline/comparison_output/qualitative_pack_100cases_20260417/image_compare/chair_0023/summary.json,/home/tdc/img2build_pipeline/comparison_output/qualitative_pack_100cases_20260417/image_compare/chair_0023/instantmesh_mesh.obj,/home/tdc/img2build_pipeline/comparison_output/qualitative_pack_100cases_20260417/image_compare/chair_0023/instantmesh_structure.json,/home/tdc/img2build_pipeline/comparison_output/qualitative_pack_100cases_20260417/image_compare/chair_0023/instantmesh_diagnostics.json,/home/tdc/img2build_pipeline/output/lego_style_dataset_v1/samples/chair_0023_s00_rotate_x,/home/tdc/img2build_pipeline/output/lego_style_dataset_v1/samples/chair_0023_s00_rotate_x/target_mesh.glb,True,110,0.6818181818181818,0.15454545454545454,0.6454545454545455,0.149728965053397,0.018451989320850994,0.09090909090909091,17,71,110,,True,True,True
image_compare,chair_0023,triposr,/home/tdc/img2build_pipeline/comparison_output/qualitative_pack_100cases_20260417/image_compare/chair_0023/summary.json,/home/tdc/img2build_pipeline/comparison_output/qualitative_pack_100cases_20260417/image_compare/chair_0023/triposr_mesh.glb,/home/tdc/img2build_pipeline/comparison_output/qualitative_pack_100cases_20260417/image_compare/chair_0023/triposr_structure.json,/home/tdc/img2build_pipeline/comparison_output/qualitative_pack_100cases_20260417/image_compare/chair_0023/triposr_diagnostics.json,/home/tdc/img2build_pipeline/output/lego_style_dataset_v1/samples/chair_0023_s00_rotate_x,/home/tdc/img2build_pipeline/output/lego_style_dataset_v1/samples/chair_0023_s00_rotate_x/target_mesh.glb,True,115,0.7652173913043478,0.08695652173913043,0.4956521739130435,0.16365537501654664,0.02447690433005707,0.034782608695652174,10,57,115,,True,True,True
image_compare,chair_0023,stable3dgen,/home/tdc/img2build_pipeline/comparison_output/qualitative_pack_100cases_20260417/image_compare/chair_0023/summary.json,/home/tdc/img2build_pipeline/comparison_output/qualitative_pack_100cases_20260417/image_compare/chair_0023/stable3dgen_mesh.glb,/home/tdc/img2build_pipeline/comparison_output/qualitative_pack_100cases_20260417/image_compare/chair_0023/stable3dgen_structure.json,/home/tdc/img2build_pipeline/comparison_output/qualitative_pack_100cases_20260417/image_compare/chair_0023/stable3dgen_diagnostics.json,/home/tdc/img2build_pipeline/output/lego_style_dataset_v1/samples/chair_0023_s00_rotate_x,/home/tdc/img2build_pipeline/output/lego_style_dataset_v1/samples/chair_0023_s00_rotate_x/target_mesh.glb,True,102,1.0,0.0392156862745098,0.38235294117647056,0.187798632667192,0.040872350573247326,0.0,4,39,102,,True,True,True
image_compare,chair_0034,ours_full,/home/tdc/img2build_pipeline/comparison_output/qualitative_pack_100cases_20260417/image_compare/chair_0034/summary.json,/home/tdc/img2build_pipeline/comparison_output/qualitative_pack_100cases_20260417/image_compare/chair_0034/ours_full_mesh.glb,/home/tdc/img2build_pipeline/comparison_output/qualitative_pack_100cases_20260417/image_compare/chair_0034/ours_full_structure.json,/home/tdc/img2build_pipeline/comparison_output/qualitative_pack_100cases_20260417/image_compare/chair_0034/ours_full_diagnostics.json,/home/tdc/img2build_pipeline/output/lego_style_dataset_v1/samples/chair_0034_s00_rotate_x,/home/tdc/img2build_pipeline/output/lego_style_dataset_v1/samples/chair_0034_s00_rotate_x/target_mesh.glb,True,127,1.0,0.007874015748031496,0.2992125984251969,0.1770038165881198,0.023789954068397106,0.0,1,38,127,,True,True,True
image_compare,chair_0034,instantmesh,/home/tdc/img2build_pipeline/comparison_output/qualitative_pack_100cases_20260417/image_compare/chair_0034/summary.json,/home/tdc/img2build_pipeline/comparison_output/qualitative_pack_100cases_20260417/image_compare/chair_0034/instantmesh_mesh.obj,/home/tdc/img2build_pipeline/comparison_output/qualitative_pack_100cases_20260417/image_compare/chair_0034/instantmesh_structure.json,/home/tdc/img2build_pipeline/comparison_output/qualitative_pack_100cases_20260417/image_compare/chair_0034/instantmesh_diagnostics.json,/home/tdc/img2build_pipeline/output/lego_style_dataset_v1/samples/chair_0034_s00_rotate_x,/home/tdc/img2build_pipeline/output/lego_style_dataset_v1/samples/chair_0034_s00_rotate_x/target_mesh.glb,True,120,0.7666666666666667,0.11666666666666667,0.43333333333333335,0.16949744816238077,0.010564429199206086,0.041666666666666664,14,52,120,,True,True,True
image_compare,chair_0034,triposr,/home/tdc/img2build_pipeline/comparison_output/qualitative_pack_100cases_20260417/image_compare/chair_0034/summary.json,/home/tdc/img2build_pipeline/comparison_output/qualitative_pack_100cases_20260417/image_compare/chair_0034/triposr_mesh.glb,/home/tdc/img2build_pipeline/comparison_output/qualitative_pack_100cases_20260417/image_compare/chair_0034/triposr_structure.json,/home/tdc/img2build_pipeline/comparison_output/qualitative_pack_100cases_20260417/image_compare/chair_0034/triposr_diagnostics.json,/home/tdc/img2build_pipeline/output/lego_style_dataset_v1/samples/chair_0034_s00_rotate_x,/home/tdc/img2build_pipeline/output/lego_style_dataset_v1/samples/chair_0034_s00_rotate_x/target_mesh.glb,True,134,0.8582089552238806,0.11194029850746269,0.34328358208955223,0.26521697452300685,0.029128285012259135,0.04477611940298507,15,46,134,,True,True,True
image_compare,chair_0034,stable3dgen,/home/tdc/img2build_pipeline/comparison_output/qualitative_pack_100cases_20260417/image_compare/chair_0034/summary.json,/home/tdc/img2build_pipeline/comparison_output/qualitative_pack_100cases_20260417/image_compare/chair_0034/stable3dgen_mesh.glb,/home/tdc/img2build_pipeline/comparison_output/qualitative_pack_100cases_20260417/image_compare/chair_0034/stable3dgen_structure.json,/home/tdc/img2build_pipeline/comparison_output/qualitative_pack_100cases_20260417/image_compare/chair_0034/stable3dgen_diagnostics.json,/home/tdc/img2build_pipeline/output/lego_style_dataset_v1/samples/chair_0034_s00_rotate_x,/home/tdc/img2build_pipeline/output/lego_style_dataset_v1/samples/chair_0034_s00_rotate_x/target_mesh.glb,True,102,1.0,0.029411764705882353,0.4117647058823529,0.16399642893465632,0.024946853188118442,0.0,3,42,102,,True,True,True
image_compare,chair_0035,ours_full,/home/tdc/img2build_pipeline/comparison_output/qualitative_pack_100cases_20260417/image_compare/chair_0035/summary.json,/home/tdc/img2build_pipeline/comparison_output/qualitative_pack_100cases_20260417/image_compare/chair_0035/ours_full_mesh.glb,/home/tdc/img2build_pipeline/comparison_output/qualitative_pack_100cases_20260417/image_compare/chair_0035/ours_full_structure.json,/home/tdc/img2build_pipeline/comparison_output/qualitative_pack_100cases_20260417/image_compare/chair_0035/ours_full_diagnostics.json,/home/tdc/img2build_pipeline/output/lego_style_dataset_v1/samples/chair_0035_s00_rotate_x,/home/tdc/img2build_pipeline/output/lego_style_dataset_v1/samples/chair_0035_s00_rotate_x/target_mesh.glb,True,114,1.0,0.017543859649122806,0.3684210526315789,0.30288604874943004,0.0487410413446173,0.0,2,42,114,,True,True,True
image_compare,chair_0035,instantmesh,/home/tdc/img2build_pipeline/comparison_output/qualitative_pack_100cases_20260417/image_compare/chair_0035/summary.json,/home/tdc/img2build_pipeline/comparison_output/qualitative_pack_100cases_20260417/image_compare/chair_0035/instantmesh_mesh.obj,/home/tdc/img2build_pipeline/comparison_output/qualitative_pack_100cases_20260417/image_compare/chair_0035/instantmesh_structure.json,/home/tdc/img2build_pipeline/comparison_output/qualitative_pack_100cases_20260417/image_compare/chair_0035/instantmesh_diagnostics.json,/home/tdc/img2build_pipeline/output/lego_style_dataset_v1/samples/chair_0035_s00_rotate_x,/home/tdc/img2build_pipeline/output/lego_style_dataset_v1/samples/chair_0035_s00_rotate_x/target_mesh.glb,True,141,0.7943262411347518,0.15602836879432624,0.375886524822695,0.30628403897268736,0.05514420487015393,0.07092198581560284,22,53,141,,True,True,True
image_compare,chair_0035,triposr,/home/tdc/img2build_pipeline/comparison_output/qualitative_pack_100cases_20260417/image_compare/chair_0035/summary.json,/home/tdc/img2build_pipeline/comparison_output/qualitative_pack_100cases_20260417/image_compare/chair_0035/triposr_mesh.glb,/home/tdc/img2build_pipeline/comparison_output/qualitative_pack_100cases_20260417/image_compare/chair_0035/triposr_structure.json,/home/tdc/img2build_pipeline/comparison_output/qualitative_pack_100cases_20260417/image_compare/chair_0035/triposr_diagnostics.json,/home/tdc/img2build_pipeline/output/lego_style_dataset_v1/samples/chair_0035_s00_rotate_x,/home/tdc/img2build_pipeline/output/lego_style_dataset_v1/samples/chair_0035_s00_rotate_x/target_mesh.glb,True,148,0.8783783783783784,0.07432432432432433,0.32432432432432434,0.22342434327726882,0.04817064109197296,0.04054054054054054,11,48,148,,True,True,True
image_compare,chair_0035,stable3dgen,/home/tdc/img2build_pipeline/comparison_output/qualitative_pack_100cases_20260417/image_compare/chair_0035/summary.json,/home/tdc/img2build_pipeline/comparison_output/qualitative_pack_100cases_20260417/image_compare/chair_0035/stable3dgen_mesh.glb,/home/tdc/img2build_pipeline/comparison_output/qualitative_pack_100cases_20260417/image_compare/chair_0035/stable3dgen_structure.json,/home/tdc/img2build_pipeline/comparison_output/qualitative_pack_100cases_20260417/image_compare/chair_0035/stable3dgen_diagnostics.json,/home/tdc/img2build_pipeline/output/lego_style_dataset_v1/samples/chair_0035_s00_rotate_x,/home/tdc/img2build_pipeline/output/lego_style_dataset_v1/samples/chair_0035_s00_rotate_x/target_mesh.glb,True,106,1.0,0.018867924528301886,0.41509433962264153,0.263099141192371,0.04433574559686312,0.0,2,44,106,,True,True,True
image_compare,chair_0036,ours_full,/home/tdc/img2build_pipeline/comparison_output/qualitative_pack_100cases_20260417/image_compare/chair_0036/summary.json,/home/tdc/img2build_pipeline/comparison_output/qualitative_pack_100cases_20260417/image_compare/chair_0036/ours_full_mesh.glb,/home/tdc/img2build_pipeline/comparison_output/qualitative_pack_100cases_20260417/image_compare/chair_0036/ours_full_structure.json,/home/tdc/img2build_pipeline/comparison_output/qualitative_pack_100cases_20260417/image_compare/chair_0036/ours_full_diagnostics.json,/home/tdc/img2build_pipeline/output/lego_style_dataset_v1/samples/chair_0036_s00_rotate_x,/home/tdc/img2build_pipeline/output/lego_style_dataset_v1/samples/chair_0036_s00_rotate_x/target_mesh.glb,True,150,1.0,0.0,0.06,0.27136290777320027,0.0447872375326297,0.0,0,9,150,,True,True,True
image_compare,chair_0036,instantmesh,/home/tdc/img2build_pipeline/comparison_output/qualitative_pack_100cases_20260417/image_compare/chair_0036/summary.json,/home/tdc/img2build_pipeline/comparison_output/qualitative_pack_100cases_20260417/image_compare/chair_0036/instantmesh_mesh.obj,/home/tdc/img2build_pipeline/comparison_output/qualitative_pack_100cases_20260417/image_compare/chair_0036/instantmesh_structure.json,/home/tdc/img2build_pipeline/comparison_output/qualitative_pack_100cases_20260417/image_compare/chair_0036/instantmesh_diagnostics.json,/home/tdc/img2build_pipeline/output/lego_style_dataset_v1/samples/chair_0036_s00_rotate_x,/home/tdc/img2build_pipeline/output/lego_style_dataset_v1/samples/chair_0036_s00_rotate_x/target_mesh.glb,True,198,1.0,0.020202020202020204,0.15656565656565657,0.13170404924903847,0.011093336433771094,0.0,4,31,198,,True,True,True
image_compare,chair_0036,triposr,/home/tdc/img2build_pipeline/comparison_output/qualitative_pack_100cases_20260417/image_compare/chair_0036/summary.json,/home/tdc/img2build_pipeline/comparison_output/qualitative_pack_100cases_20260417/image_compare/chair_0036/triposr_mesh.glb,/home/tdc/img2build_pipeline/comparison_output/qualitative_pack_100cases_20260417/image_compare/chair_0036/triposr_structure.json,/home/tdc/img2build_pipeline/comparison_output/qualitative_pack_100cases_20260417/image_compare/chair_0036/triposr_diagnostics.json,/home/tdc/img2build_pipeline/output/lego_style_dataset_v1/samples/chair_0036_s00_rotate_x,/home/tdc/img2build_pipeline/output/lego_style_dataset_v1/samples/chair_0036_s00_rotate_x/target_mesh.glb,True,223,1.0,0.017937219730941704,0.12556053811659193,0.24575877417176478,0.03774319580335431,0.0,4,28,223,,True,True,True
image_compare,chair_0036,stable3dgen,/home/tdc/img2build_pipeline/comparison_output/qualitative_pack_100cases_20260417/image_compare/chair_0036/summary.json,/home/tdc/img2build_pipeline/comparison_output/qualitative_pack_100cases_20260417/image_compare/chair_0036/stable3dgen_mesh.glb,/home/tdc/img2build_pipeline/comparison_output/qualitative_pack_100cases_20260417/image_compare/chair_0036/stable3dgen_structure.json,/home/tdc/img2build_pipeline/comparison_output/qualitative_pack_100cases_20260417/image_compare/chair_0036/stable3dgen_diagnostics.json,/home/tdc/img2build_pipeline/output/lego_style_dataset_v1/samples/chair_0036_s00_rotate_x,/home/tdc/img2build_pipeline/output/lego_style_dataset_v1/samples/chair_0036_s00_rotate_x/target_mesh.glb,True,196,1.0,0.01020408163265306,0.11734693877551021,0.2657564395931959,0.04257404868421844,0.0,2,23,196,,True,True,True
image_compare,chair_0041,ours_full,/home/tdc/img2build_pipeline/comparison_output/qualitative_pack_100cases_20260417/image_compare/chair_0041/summary.json,/home/tdc/img2build_pipeline/comparison_output/qualitative_pack_100cases_20260417/image_compare/chair_0041/ours_full_mesh.glb,/home/tdc/img2build_pipeline/comparison_output/qualitative_pack_100cases_20260417/image_compare/chair_0041/ours_full_structure.json,/home/tdc/img2build_pipeline/comparison_output/qualitative_pack_100cases_20260417/image_compare/chair_0041/ours_full_diagnostics.json,/home/tdc/img2build_pipeline/output/lego_style_dataset_v1/samples/chair_0041_s00_rotate_x,/home/tdc/img2build_pipeline/output/lego_style_dataset_v1/samples/chair_0041_s00_rotate_x/target_mesh.glb,True,119,0.9747899159663865,0.058823529411764705,0.3277310924369748,0.17974926944181577,0.02474359657497111,0.025210084033613446,7,39,119,,True,True,True
image_compare,chair_0041,instantmesh,/home/tdc/img2build_pipeline/comparison_output/qualitative_pack_100cases_20260417/image_compare/chair_0041/summary.json,/home/tdc/img2build_pipeline/comparison_output/qualitative_pack_100cases_20260417/image_compare/chair_0041/instantmesh_mesh.obj,/home/tdc/img2build_pipeline/comparison_output/qualitative_pack_100cases_20260417/image_compare/chair_0041/instantmesh_structure.json,/home/tdc/img2build_pipeline/comparison_output/qualitative_pack_100cases_20260417/image_compare/chair_0041/instantmesh_diagnostics.json,/home/tdc/img2build_pipeline/output/lego_style_dataset_v1/samples/chair_0041_s00_rotate_x,/home/tdc/img2build_pipeline/output/lego_style_dataset_v1/samples/chair_0041_s00_rotate_x/target_mesh.glb,True,129,0.7364341085271318,0.20155038759689922,0.5193798449612403,0.16836574484268857,0.012681142150461396,0.06976744186046512,26,67,129,,True,True,True
image_compare,chair_0041,triposr,/home/tdc/img2build_pipeline/comparison_output/qualitative_pack_100cases_20260417/image_compare/chair_0041/summary.json,/home/tdc/img2build_pipeline/comparison_output/qualitative_pack_100cases_20260417/image_compare/chair_0041/triposr_mesh.glb,/home/tdc/img2build_pipeline/comparison_output/qualitative_pack_100cases_20260417/image_compare/chair_0041/triposr_structure.json,/home/tdc/img2build_pipeline/comparison_output/qualitative_pack_100cases_20260417/image_compare/chair_0041/triposr_diagnostics.json,/home/tdc/img2build_pipeline/output/lego_style_dataset_v1/samples/chair_0041_s00_rotate_x,/home/tdc/img2build_pipeline/output/lego_style_dataset_v1/samples/chair_0041_s00_rotate_x/target_mesh.glb,True,106,0.8773584905660378,0.1792452830188679,0.4811320754716981,0.2485527989906145,0.030259801137907008,0.09433962264150944,19,51,106,,True,True,True
image_compare,chair_0041,stable3dgen,/home/tdc/img2build_pipeline/comparison_output/qualitative_pack_100cases_20260417/image_compare/chair_0041/summary.json,/home/tdc/img2build_pipeline/comparison_output/qualitative_pack_100cases_20260417/image_compare/chair_0041/stable3dgen_mesh.glb,/home/tdc/img2build_pipeline/comparison_output/qualitative_pack_100cases_20260417/image_compare/chair_0041/stable3dgen_structure.json,/home/tdc/img2build_pipeline/comparison_output/qualitative_pack_100cases_20260417/image_compare/chair_0041/stable3dgen_diagnostics.json,/home/tdc/img2build_pipeline/output/lego_style_dataset_v1/samples/chair_0041_s00_rotate_x,/home/tdc/img2build_pipeline/output/lego_style_dataset_v1/samples/chair_0041_s00_rotate_x/target_mesh.glb,True,96,0.9583333333333334,0.08333333333333333,0.3958333333333333,0.16440477955366822,0.0264857575922954,0.041666666666666664,8,38,96,,True,True,True
image_compare,chair_0042,ours_full,/home/tdc/img2build_pipeline/comparison_output/qualitative_pack_100cases_20260417/image_compare/chair_0042/summary.json,/home/tdc/img2build_pipeline/comparison_output/qualitative_pack_100cases_20260417/image_compare/chair_0042/ours_full_mesh.glb,/home/tdc/img2build_pipeline/comparison_output/qualitative_pack_100cases_20260417/image_compare/chair_0042/ours_full_structure.json,/home/tdc/img2build_pipeline/comparison_output/qualitative_pack_100cases_20260417/image_compare/chair_0042/ours_full_diagnostics.json,/home/tdc/img2build_pipeline/output/lego_style_dataset_v1/samples/chair_0042_s00_rotate_x,/home/tdc/img2build_pipeline/output/lego_style_dataset_v1/samples/chair_0042_s00_rotate_x/target_mesh.glb,True,87,1.0,0.0,0.22988505747126436,0.1702923030002151,0.025107397663024632,0.0,0,20,87,,True,True,True
image_compare,chair_0042,instantmesh,/home/tdc/img2build_pipeline/comparison_output/qualitative_pack_100cases_20260417/image_compare/chair_0042/summary.json,/home/tdc/img2build_pipeline/comparison_output/qualitative_pack_100cases_20260417/image_compare/chair_0042/instantmesh_mesh.obj,/home/tdc/img2build_pipeline/comparison_output/qualitative_pack_100cases_20260417/image_compare/chair_0042/instantmesh_structure.json,/home/tdc/img2build_pipeline/comparison_output/qualitative_pack_100cases_20260417/image_compare/chair_0042/instantmesh_diagnostics.json,/home/tdc/img2build_pipeline/output/lego_style_dataset_v1/samples/chair_0042_s00_rotate_x,/home/tdc/img2build_pipeline/output/lego_style_dataset_v1/samples/chair_0042_s00_rotate_x/target_mesh.glb,True,133,0.9473684210526315,0.05263157894736842,0.3533834586466165,0.19375998032925426,0.048334276204886256,0.03007518796992481,7,47,133,,True,True,True
image_compare,chair_0042,triposr,/home/tdc/img2build_pipeline/comparison_output/qualitative_pack_100cases_20260417/image_compare/chair_0042/summary.json,/home/tdc/img2build_pipeline/comparison_output/qualitative_pack_100cases_20260417/image_compare/chair_0042/triposr_mesh.glb,/home/tdc/img2build_pipeline/comparison_output/qualitative_pack_100cases_20260417/image_compare/chair_0042/triposr_structure.json,/home/tdc/img2build_pipeline/comparison_output/qualitative_pack_100cases_20260417/image_compare/chair_0042/triposr_diagnostics.json,/home/tdc/img2build_pipeline/output/lego_style_dataset_v1/samples/chair_0042_s00_rotate_x,/home/tdc/img2build_pipeline/output/lego_style_dataset_v1/samples/chair_0042_s00_rotate_x/target_mesh.glb,True,121,0.9917355371900827,0.049586776859504134,0.32231404958677684,0.152659804328297,0.022018516196364083,0.008264462809917356,6,39,121,,True,True,True
image_compare,chair_0042,stable3dgen,/home/tdc/img2build_pipeline/comparison_output/qualitative_pack_100cases_20260417/image_compare/chair_0042/summary.json,/home/tdc/img2build_pipeline/comparison_output/qualitative_pack_100cases_20260417/image_compare/chair_0042/stable3dgen_mesh.glb,/home/tdc/img2build_pipeline/comparison_output/qualitative_pack_100cases_20260417/image_compare/chair_0042/stable3dgen_structure.json,/home/tdc/img2build_pipeline/comparison_output/qualitative_pack_100cases_20260417/image_compare/chair_0042/stable3dgen_diagnostics.json,/home/tdc/img2build_pipeline/output/lego_style_dataset_v1/samples/chair_0042_s00_rotate_x,/home/tdc/img2build_pipeline/output/lego_style_dataset_v1/samples/chair_0042_s00_rotate_x/target_mesh.glb,True,70,1.0,0.05714285714285714,0.44285714285714284,0.16980264887726176,0.028267841775378534,0.0,4,31,70,,True,True,True
image_compare,chair_0043,ours_full,/home/tdc/img2build_pipeline/comparison_output/qualitative_pack_100cases_20260417/image_compare/chair_0043/summary.json,/home/tdc/img2build_pipeline/comparison_output/qualitative_pack_100cases_20260417/image_compare/chair_0043/ours_full_mesh.glb,/home/tdc/img2build_pipeline/comparison_output/qualitative_pack_100cases_20260417/image_compare/chair_0043/ours_full_structure.json,/home/tdc/img2build_pipeline/comparison_output/qualitative_pack_100cases_20260417/image_compare/chair_0043/ours_full_diagnostics.json,/home/tdc/img2build_pipeline/output/lego_style_dataset_v1/samples/chair_0043_s00_rotate_x,/home/tdc/img2build_pipeline/output/lego_style_dataset_v1/samples/chair_0043_s00_rotate_x/target_mesh.glb,True,103,0.941747572815534,0.009708737864077669,0.30097087378640774,0.16558087567155688,0.025167770637700457,0.05825242718446602,1,31,103,,True,True,True
image_compare,chair_0043,instantmesh,/home/tdc/img2build_pipeline/comparison_output/qualitative_pack_100cases_20260417/image_compare/chair_0043/summary.json,/home/tdc/img2build_pipeline/comparison_output/qualitative_pack_100cases_20260417/image_compare/chair_0043/instantmesh_mesh.obj,/home/tdc/img2build_pipeline/comparison_output/qualitative_pack_100cases_20260417/image_compare/chair_0043/instantmesh_structure.json,/home/tdc/img2build_pipeline/comparison_output/qualitative_pack_100cases_20260417/image_compare/chair_0043/instantmesh_diagnostics.json,/home/tdc/img2build_pipeline/output/lego_style_dataset_v1/samples/chair_0043_s00_rotate_x,/home/tdc/img2build_pipeline/output/lego_style_dataset_v1/samples/chair_0043_s00_rotate_x/target_mesh.glb,True,131,0.7022900763358778,0.15267175572519084,0.4961832061068702,0.16696237241983797,0.019202944387396108,0.10687022900763359,20,65,131,,True,True,True
image_compare,chair_0043,triposr,/home/tdc/img2build_pipeline/comparison_output/qualitative_pack_100cases_20260417/image_compare/chair_0043/summary.json,/home/tdc/img2build_pipeline/comparison_output/qualitative_pack_100cases_20260417/image_compare/chair_0043/triposr_mesh.glb,/home/tdc/img2build_pipeline/comparison_output/qualitative_pack_100cases_20260417/image_compare/chair_0043/triposr_structure.json,/home/tdc/img2build_pipeline/comparison_output/qualitative_pack_100cases_20260417/image_compare/chair_0043/triposr_diagnostics.json,/home/tdc/img2build_pipeline/output/lego_style_dataset_v1/samples/chair_0043_s00_rotate_x,/home/tdc/img2build_pipeline/output/lego_style_dataset_v1/samples/chair_0043_s00_rotate_x/target_mesh.glb,True,155,0.832258064516129,0.0967741935483871,0.3096774193548387,0.2327943585216135,0.03503595397160324,0.03870967741935484,15,48,155,,True,True,True
image_compare,chair_0043,stable3dgen,/home/tdc/img2build_pipeline/comparison_output/qualitative_pack_100cases_20260417/image_compare/chair_0043/summary.json,/home/tdc/img2build_pipeline/comparison_output/qualitative_pack_100cases_20260417/image_compare/chair_0043/stable3dgen_mesh.glb,/home/tdc/img2build_pipeline/comparison_output/qualitative_pack_100cases_20260417/image_compare/chair_0043/stable3dgen_structure.json,/home/tdc/img2build_pipeline/comparison_output/qualitative_pack_100cases_20260417/image_compare/chair_0043/stable3dgen_diagnostics.json,/home/tdc/img2build_pipeline/output/lego_style_dataset_v1/samples/chair_0043_s00_rotate_x,/home/tdc/img2build_pipeline/output/lego_style_dataset_v1/samples/chair_0043_s00_rotate_x/target_mesh.glb,True,84,0.9523809523809523,0.05952380952380952,0.44047619047619047,0.16007599570652686,0.02510394298902975,0.047619047619047616,5,37,84,,True,True,True
image_compare,chair_0044,ours_full,/home/tdc/img2build_pipeline/comparison_output/qualitative_pack_100cases_20260417/image_compare/chair_0044/summary.json,/home/tdc/img2build_pipeline/comparison_output/qualitative_pack_100cases_20260417/image_compare/chair_0044/ours_full_mesh.glb,/home/tdc/img2build_pipeline/comparison_output/qualitative_pack_100cases_20260417/image_compare/chair_0044/ours_full_structure.json,/home/tdc/img2build_pipeline/comparison_output/qualitative_pack_100cases_20260417/image_compare/chair_0044/ours_full_diagnostics.json,/home/tdc/img2build_pipeline/output/lego_style_dataset_v1/samples/chair_0044_s00_rotate_x,/home/tdc/img2build_pipeline/output/lego_style_dataset_v1/samples/chair_0044_s00_rotate_x/target_mesh.glb,True,112,0.9642857142857143,0.044642857142857144,0.29464285714285715,0.1758747462992411,0.024729038846477265,0.03571428571428571,5,33,112,,True,True,True
image_compare,chair_0044,instantmesh,/home/tdc/img2build_pipeline/comparison_output/qualitative_pack_100cases_20260417/image_compare/chair_0044/summary.json,/home/tdc/img2build_pipeline/comparison_output/qualitative_pack_100cases_20260417/image_compare/chair_0044/instantmesh_mesh.obj,/home/tdc/img2build_pipeline/comparison_output/qualitative_pack_100cases_20260417/image_compare/chair_0044/instantmesh_structure.json,/home/tdc/img2build_pipeline/comparison_output/qualitative_pack_100cases_20260417/image_compare/chair_0044/instantmesh_diagnostics.json,/home/tdc/img2build_pipeline/output/lego_style_dataset_v1/samples/chair_0044_s00_rotate_x,/home/tdc/img2build_pipeline/output/lego_style_dataset_v1/samples/chair_0044_s00_rotate_x/target_mesh.glb,True,113,0.6902654867256637,0.23008849557522124,0.49557522123893805,0.1956147154525017,0.020310223060184623,0.12389380530973451,26,56,113,,True,True,True
image_compare,chair_0044,triposr,/home/tdc/img2build_pipeline/comparison_output/qualitative_pack_100cases_20260417/image_compare/chair_0044/summary.json,/home/tdc/img2build_pipeline/comparison_output/qualitative_pack_100cases_20260417/image_compare/chair_0044/triposr_mesh.glb,/home/tdc/img2build_pipeline/comparison_output/qualitative_pack_100cases_20260417/image_compare/chair_0044/triposr_structure.json,/home/tdc/img2build_pipeline/comparison_output/qualitative_pack_100cases_20260417/image_compare/chair_0044/triposr_diagnostics.json,/home/tdc/img2build_pipeline/output/lego_style_dataset_v1/samples/chair_0044_s00_rotate_x,/home/tdc/img2build_pipeline/output/lego_style_dataset_v1/samples/chair_0044_s00_rotate_x/target_mesh.glb,True,142,0.7816901408450704,0.1267605633802817,0.4295774647887324,0.25116858731114,0.03990951548643429,0.04929577464788732,18,61,142,,True,True,True
image_compare,chair_0044,stable3dgen,/home/tdc/img2build_pipeline/comparison_output/qualitative_pack_100cases_20260417/image_compare/chair_0044/summary.json,/home/tdc/img2build_pipeline/comparison_output/qualitative_pack_100cases_20260417/image_compare/chair_0044/stable3dgen_mesh.glb,/home/tdc/img2build_pipeline/comparison_output/qualitative_pack_100cases_20260417/image_compare/chair_0044/stable3dgen_structure.json,/home/tdc/img2build_pipeline/comparison_output/qualitative_pack_100cases_20260417/image_compare/chair_0044/stable3dgen_diagnostics.json,/home/tdc/img2build_pipeline/output/lego_style_dataset_v1/samples/chair_0044_s00_rotate_x,/home/tdc/img2build_pipeline/output/lego_style_dataset_v1/samples/chair_0044_s00_rotate_x/target_mesh.glb,True,79,0.9493670886075949,0.0759493670886076,0.4810126582278481,0.17256170874174345,0.026538679380165575,0.05063291139240506,6,38,79,,True,True,True
image_compare,chair_0047,ours_full,/home/tdc/img2build_pipeline/comparison_output/qualitative_pack_100cases_20260417/image_compare/chair_0047/summary.json,/home/tdc/img2build_pipeline/comparison_output/qualitative_pack_100cases_20260417/image_compare/chair_0047/ours_full_mesh.glb,/home/tdc/img2build_pipeline/comparison_output/qualitative_pack_100cases_20260417/image_compare/chair_0047/ours_full_structure.json,/home/tdc/img2build_pipeline/comparison_output/qualitative_pack_100cases_20260417/image_compare/chair_0047/ours_full_diagnostics.json,/home/tdc/img2build_pipeline/output/lego_style_dataset_v1/samples/chair_0047_s00_rotate_x,/home/tdc/img2build_pipeline/output/lego_style_dataset_v1/samples/chair_0047_s00_rotate_x/target_mesh.glb,True,133,1.0,0.0,0.08270676691729323,0.2748072645965204,0.045820698062698006,0.0,0,11,133,,True,True,True
image_compare,chair_0047,instantmesh,/home/tdc/img2build_pipeline/comparison_output/qualitative_pack_100cases_20260417/image_compare/chair_0047/summary.json,/home/tdc/img2build_pipeline/comparison_output/qualitative_pack_100cases_20260417/image_compare/chair_0047/instantmesh_mesh.obj,/home/tdc/img2build_pipeline/comparison_output/qualitative_pack_100cases_20260417/image_compare/chair_0047/instantmesh_structure.json,/home/tdc/img2build_pipeline/comparison_output/qualitative_pack_100cases_20260417/image_compare/chair_0047/instantmesh_diagnostics.json,/home/tdc/img2build_pipeline/output/lego_style_dataset_v1/samples/chair_0047_s00_rotate_x,/home/tdc/img2build_pipeline/output/lego_style_dataset_v1/samples/chair_0047_s00_rotate_x/target_mesh.glb,True,227,1.0,0.01762114537444934,0.17180616740088106,0.13770458475445024,0.010420857608773308,0.0,4,39,227,,True,True,True
image_compare,chair_0047,triposr,/home/tdc/img2build_pipeline/comparison_output/qualitative_pack_100cases_20260417/image_compare/chair_0047/summary.json,/home/tdc/img2build_pipeline/comparison_output/qualitative_pack_100cases_20260417/image_compare/chair_0047/triposr_mesh.glb,/home/tdc/img2build_pipeline/comparison_output/qualitative_pack_100cases_20260417/image_compare/chair_0047/triposr_structure.json,/home/tdc/img2build_pipeline/comparison_output/qualitative_pack_100cases_20260417/image_compare/chair_0047/triposr_diagnostics.json,/home/tdc/img2build_pipeline/output/lego_style_dataset_v1/samples/chair_0047_s00_rotate_x,/home/tdc/img2build_pipeline/output/lego_style_dataset_v1/samples/chair_0047_s00_rotate_x/target_mesh.glb,True,253,1.0,0.0,0.08695652173913043,0.24899646679398774,0.037137464726238655,0.0,0,22,253,,True,True,True
image_compare,chair_0047,stable3dgen,/home/tdc/img2build_pipeline/comparison_output/qualitative_pack_100cases_20260417/image_compare/chair_0047/summary.json,/home/tdc/img2build_pipeline/comparison_output/qualitative_pack_100cases_20260417/image_compare/chair_0047/stable3dgen_mesh.glb,/home/tdc/img2build_pipeline/comparison_output/qualitative_pack_100cases_20260417/image_compare/chair_0047/stable3dgen_structure.json,/home/tdc/img2build_pipeline/comparison_output/qualitative_pack_100cases_20260417/image_compare/chair_0047/stable3dgen_diagnostics.json,/home/tdc/img2build_pipeline/output/lego_style_dataset_v1/samples/chair_0047_s00_rotate_x,/home/tdc/img2build_pipeline/output/lego_style_dataset_v1/samples/chair_0047_s00_rotate_x/target_mesh.glb,True,209,1.0,0.009569377990430622,0.10526315789473684,0.26237523636575844,0.03725010135487152,0.0,2,22,209,,True,True,True
image_compare,chair_0052,ours_full,/home/tdc/img2build_pipeline/comparison_output/qualitative_pack_100cases_20260417/image_compare/chair_0052/summary.json,/home/tdc/img2build_pipeline/comparison_output/qualitative_pack_100cases_20260417/image_compare/chair_0052/ours_full_mesh.glb,/home/tdc/img2build_pipeline/comparison_output/qualitative_pack_100cases_20260417/image_compare/chair_0052/ours_full_structure.json,/home/tdc/img2build_pipeline/comparison_output/qualitative_pack_100cases_20260417/image_compare/chair_0052/ours_full_diagnostics.json,/home/tdc/img2build_pipeline/output/lego_style_dataset_v1/samples/chair_0052_s00_rotate_x,/home/tdc/img2build_pipeline/output/lego_style_dataset_v1/samples/chair_0052_s00_rotate_x/target_mesh.glb,True,80,1.0,0.0125,0.4375,0.275001091247927,0.06177861623434701,0.0,1,35,80,,True,True,True
image_compare,chair_0052,instantmesh,/home/tdc/img2build_pipeline/comparison_output/qualitative_pack_100cases_20260417/image_compare/chair_0052/summary.json,/home/tdc/img2build_pipeline/comparison_output/qualitative_pack_100cases_20260417/image_compare/chair_0052/instantmesh_mesh.obj,/home/tdc/img2build_pipeline/comparison_output/qualitative_pack_100cases_20260417/image_compare/chair_0052/instantmesh_structure.json,/home/tdc/img2build_pipeline/comparison_output/qualitative_pack_100cases_20260417/image_compare/chair_0052/instantmesh_diagnostics.json,/home/tdc/img2build_pipeline/output/lego_style_dataset_v1/samples/chair_0052_s00_rotate_x,/home/tdc/img2build_pipeline/output/lego_style_dataset_v1/samples/chair_0052_s00_rotate_x/target_mesh.glb,True,100,0.71,0.21,0.56,0.2786100105878342,0.06675014251486147,0.12,21,56,100,,True,True,True
image_compare,chair_0052,triposr,/home/tdc/img2build_pipeline/comparison_output/qualitative_pack_100cases_20260417/image_compare/chair_0052/summary.json,/home/tdc/img2build_pipeline/comparison_output/qualitative_pack_100cases_20260417/image_compare/chair_0052/triposr_mesh.glb,/home/tdc/img2build_pipeline/comparison_output/qualitative_pack_100cases_20260417/image_compare/chair_0052/triposr_structure.json,/home/tdc/img2build_pipeline/comparison_output/qualitative_pack_100cases_20260417/image_compare/chair_0052/triposr_diagnostics.json,/home/tdc/img2build_pipeline/output/lego_style_dataset_v1/samples/chair_0052_s00_rotate_x,/home/tdc/img2build_pipeline/output/lego_style_dataset_v1/samples/chair_0052_s00_rotate_x/target_mesh.glb,True,111,0.8468468468468469,0.15315315315315314,0.44144144144144143,0.2413538079886834,0.06495689633859482,0.09009009009009009,17,49,111,,True,True,True
image_compare,chair_0052,stable3dgen,/home/tdc/img2build_pipeline/comparison_output/qualitative_pack_100cases_20260417/image_compare/chair_0052/summary.json,/home/tdc/img2build_pipeline/comparison_output/qualitative_pack_100cases_20260417/image_compare/chair_0052/stable3dgen_mesh.glb,/home/tdc/img2build_pipeline/comparison_output/qualitative_pack_100cases_20260417/image_compare/chair_0052/stable3dgen_structure.json,/home/tdc/img2build_pipeline/comparison_output/qualitative_pack_100cases_20260417/image_compare/chair_0052/stable3dgen_diagnostics.json,/home/tdc/img2build_pipeline/output/lego_style_dataset_v1/samples/chair_0052_s00_rotate_x,/home/tdc/img2build_pipeline/output/lego_style_dataset_v1/samples/chair_0052_s00_rotate_x/target_mesh.glb,True,89,1.0,0.0,0.5280898876404494,0.24980928263445631,0.06364429801548467,0.0,0,47,89,,True,True,True
image_compare,chair_0058,ours_full,/home/tdc/img2build_pipeline/comparison_output/qualitative_pack_100cases_20260417/image_compare/chair_0058/summary.json,/home/tdc/img2build_pipeline/comparison_output/qualitative_pack_100cases_20260417/image_compare/chair_0058/ours_full_mesh.glb,/home/tdc/img2build_pipeline/comparison_output/qualitative_pack_100cases_20260417/image_compare/chair_0058/ours_full_structure.json,/home/tdc/img2build_pipeline/comparison_output/qualitative_pack_100cases_20260417/image_compare/chair_0058/ours_full_diagnostics.json,/home/tdc/img2build_pipeline/output/lego_style_dataset_v1/samples/chair_0058_s00_rotate_x,/home/tdc/img2build_pipeline/output/lego_style_dataset_v1/samples/chair_0058_s00_rotate_x/target_mesh.glb,True,87,1.0,0.011494252873563218,0.3793103448275862,0.26274311364222985,0.062070851526414964,0.0,1,33,87,,True,True,True
image_compare,chair_0058,instantmesh,/home/tdc/img2build_pipeline/comparison_output/qualitative_pack_100cases_20260417/image_compare/chair_0058/summary.json,/home/tdc/img2build_pipeline/comparison_output/qualitative_pack_100cases_20260417/image_compare/chair_0058/instantmesh_mesh.obj,/home/tdc/img2build_pipeline/comparison_output/qualitative_pack_100cases_20260417/image_compare/chair_0058/instantmesh_structure.json,/home/tdc/img2build_pipeline/comparison_output/qualitative_pack_100cases_20260417/image_compare/chair_0058/instantmesh_diagnostics.json,/home/tdc/img2build_pipeline/output/lego_style_dataset_v1/samples/chair_0058_s00_rotate_x,/home/tdc/img2build_pipeline/output/lego_style_dataset_v1/samples/chair_0058_s00_rotate_x/target_mesh.glb,True,121,1.0,0.06611570247933884,0.4462809917355372,0.3117698464163717,0.07226405512331056,0.0,8,54,121,,True,True,True
image_compare,chair_0058,triposr,/home/tdc/img2build_pipeline/comparison_output/qualitative_pack_100cases_20260417/image_compare/chair_0058/summary.json,/home/tdc/img2build_pipeline/comparison_output/qualitative_pack_100cases_20260417/image_compare/chair_0058/triposr_mesh.glb,/home/tdc/img2build_pipeline/comparison_output/qualitative_pack_100cases_20260417/image_compare/chair_0058/triposr_structure.json,/home/tdc/img2build_pipeline/comparison_output/qualitative_pack_100cases_20260417/image_compare/chair_0058/triposr_diagnostics.json,/home/tdc/img2build_pipeline/output/lego_style_dataset_v1/samples/chair_0058_s00_rotate_x,/home/tdc/img2build_pipeline/output/lego_style_dataset_v1/samples/chair_0058_s00_rotate_x/target_mesh.glb,True,134,0.9253731343283582,0.06716417910447761,0.34328358208955223,0.21010753234075613,0.05126453024118653,0.022388059701492536,9,46,134,,True,True,True
image_compare,chair_0058,stable3dgen,/home/tdc/img2build_pipeline/comparison_output/qualitative_pack_100cases_20260417/image_compare/chair_0058/summary.json,/home/tdc/img2build_pipeline/comparison_output/qualitative_pack_100cases_20260417/image_compare/chair_0058/stable3dgen_mesh.glb,/home/tdc/img2build_pipeline/comparison_output/qualitative_pack_100cases_20260417/image_compare/chair_0058/stable3dgen_structure.json,/home/tdc/img2build_pipeline/comparison_output/qualitative_pack_100cases_20260417/image_compare/chair_0058/stable3dgen_diagnostics.json,/home/tdc/img2build_pipeline/output/lego_style_dataset_v1/samples/chair_0058_s00_rotate_x,/home/tdc/img2build_pipeline/output/lego_style_dataset_v1/samples/chair_0058_s00_rotate_x/target_mesh.glb,True,96,1.0,0.0625,0.4375,0.25268061819622956,0.061611066968494846,0.0,6,42,96,,True,True,True
image_compare,chair_0061,ours_full,/home/tdc/img2build_pipeline/comparison_output/qualitative_pack_100cases_20260417/image_compare/chair_0061/summary.json,/home/tdc/img2build_pipeline/comparison_output/qualitative_pack_100cases_20260417/image_compare/chair_0061/ours_full_mesh.glb,/home/tdc/img2build_pipeline/comparison_output/qualitative_pack_100cases_20260417/image_compare/chair_0061/ours_full_structure.json,/home/tdc/img2build_pipeline/comparison_output/qualitative_pack_100cases_20260417/image_compare/chair_0061/ours_full_diagnostics.json,/home/tdc/img2build_pipeline/output/lego_style_dataset_v1/samples/chair_0061_s00_rotate_x,/home/tdc/img2build_pipeline/output/lego_style_dataset_v1/samples/chair_0061_s00_rotate_x/target_mesh.glb,True,106,1.0,0.018867924528301886,0.29245283018867924,0.2030299819825463,0.04875984550282994,0.0,2,31,106,,True,True,True
image_compare,chair_0061,instantmesh,/home/tdc/img2build_pipeline/comparison_output/qualitative_pack_100cases_20260417/image_compare/chair_0061/summary.json,/home/tdc/img2build_pipeline/comparison_output/qualitative_pack_100cases_20260417/image_compare/chair_0061/instantmesh_mesh.obj,/home/tdc/img2build_pipeline/comparison_output/qualitative_pack_100cases_20260417/image_compare/chair_0061/instantmesh_structure.json,/home/tdc/img2build_pipeline/comparison_output/qualitative_pack_100cases_20260417/image_compare/chair_0061/instantmesh_diagnostics.json,/home/tdc/img2build_pipeline/output/lego_style_dataset_v1/samples/chair_0061_s00_rotate_x,/home/tdc/img2build_pipeline/output/lego_style_dataset_v1/samples/chair_0061_s00_rotate_x/target_mesh.glb,True,109,0.6972477064220184,0.21100917431192662,0.6330275229357798,0.16018072621713045,0.01934028774472928,0.08256880733944955,23,69,109,,True,True,True
image_compare,chair_0061,triposr,/home/tdc/img2build_pipeline/comparison_output/qualitative_pack_100cases_20260417/image_compare/chair_0061/summary.json,/home/tdc/img2build_pipeline/comparison_output/qualitative_pack_100cases_20260417/image_compare/chair_0061/triposr_mesh.glb,/home/tdc/img2build_pipeline/comparison_output/qualitative_pack_100cases_20260417/image_compare/chair_0061/triposr_structure.json,/home/tdc/img2build_pipeline/comparison_output/qualitative_pack_100cases_20260417/image_compare/chair_0061/triposr_diagnostics.json,/home/tdc/img2build_pipeline/output/lego_style_dataset_v1/samples/chair_0061_s00_rotate_x,/home/tdc/img2build_pipeline/output/lego_style_dataset_v1/samples/chair_0061_s00_rotate_x/target_mesh.glb,True,113,0.4778761061946903,0.10619469026548672,0.4690265486725664,0.20827588462102664,0.02371350092369747,0.02654867256637168,12,53,113,,True,True,True
image_compare,chair_0061,stable3dgen,/home/tdc/img2build_pipeline/comparison_output/qualitative_pack_100cases_20260417/image_compare/chair_0061/summary.json,/home/tdc/img2build_pipeline/comparison_output/qualitative_pack_100cases_20260417/image_compare/chair_0061/stable3dgen_mesh.glb,/home/tdc/img2build_pipeline/comparison_output/qualitative_pack_100cases_20260417/image_compare/chair_0061/stable3dgen_structure.json,/home/tdc/img2build_pipeline/comparison_output/qualitative_pack_100cases_20260417/image_compare/chair_0061/stable3dgen_diagnostics.json,/home/tdc/img2build_pipeline/output/lego_style_dataset_v1/samples/chair_0061_s00_rotate_x,/home/tdc/img2build_pipeline/output/lego_style_dataset_v1/samples/chair_0061_s00_rotate_x/target_mesh.glb,True,108,1.0,0.0,0.2777777777777778,0.1926052834653227,0.045175030728181916,0.0,0,30,108,,True,True,True
image_compare,chair_0068,ours_full,/home/tdc/img2build_pipeline/comparison_output/qualitative_pack_100cases_20260417/image_compare/chair_0068/summary.json,/home/tdc/img2build_pipeline/comparison_output/qualitative_pack_100cases_20260417/image_compare/chair_0068/ours_full_mesh.glb,/home/tdc/img2build_pipeline/comparison_output/qualitative_pack_100cases_20260417/image_compare/chair_0068/ours_full_structure.json,/home/tdc/img2build_pipeline/comparison_output/qualitative_pack_100cases_20260417/image_compare/chair_0068/ours_full_diagnostics.json,/home/tdc/img2build_pipeline/output/lego_style_dataset_v1/samples/chair_0068_s00_rotate_x,/home/tdc/img2build_pipeline/output/lego_style_dataset_v1/samples/chair_0068_s00_rotate_x/target_mesh.glb,True,80,1.0,0.0125,0.35,0.17318665424425,0.024837037439976145,0.0,1,28,80,,True,True,True
image_compare,chair_0068,instantmesh,/home/tdc/img2build_pipeline/comparison_output/qualitative_pack_100cases_20260417/image_compare/chair_0068/summary.json,/home/tdc/img2build_pipeline/comparison_output/qualitative_pack_100cases_20260417/image_compare/chair_0068/instantmesh_mesh.obj,/home/tdc/img2build_pipeline/comparison_output/qualitative_pack_100cases_20260417/image_compare/chair_0068/instantmesh_structure.json,/home/tdc/img2build_pipeline/comparison_output/qualitative_pack_100cases_20260417/image_compare/chair_0068/instantmesh_diagnostics.json,/home/tdc/img2build_pipeline/output/lego_style_dataset_v1/samples/chair_0068_s00_rotate_x,/home/tdc/img2build_pipeline/output/lego_style_dataset_v1/samples/chair_0068_s00_rotate_x/target_mesh.glb,True,121,0.7603305785123967,0.21487603305785125,0.48760330578512395,0.17355720924070345,0.019810031444391474,0.10743801652892562,26,59,121,,True,True,True
image_compare,chair_0068,triposr,/home/tdc/img2build_pipeline/comparison_output/qualitative_pack_100cases_20260417/image_compare/chair_0068/summary.json,/home/tdc/img2build_pipeline/comparison_output/qualitative_pack_100cases_20260417/image_compare/chair_0068/triposr_mesh.glb,/home/tdc/img2build_pipeline/comparison_output/qualitative_pack_100cases_20260417/image_compare/chair_0068/triposr_structure.json,/home/tdc/img2build_pipeline/comparison_output/qualitative_pack_100cases_20260417/image_compare/chair_0068/triposr_diagnostics.json,/home/tdc/img2build_pipeline/output/lego_style_dataset_v1/samples/chair_0068_s00_rotate_x,/home/tdc/img2build_pipeline/output/lego_style_dataset_v1/samples/chair_0068_s00_rotate_x/target_mesh.glb,True,140,0.85,0.11428571428571428,0.37142857142857144,0.25647462049049863,0.030496787166228626,0.03571428571428571,16,52,140,,True,True,True
image_compare,chair_0068,stable3dgen,/home/tdc/img2build_pipeline/comparison_output/qualitative_pack_100cases_20260417/image_compare/chair_0068/summary.json,/home/tdc/img2build_pipeline/comparison_output/qualitative_pack_100cases_20260417/image_compare/chair_0068/stable3dgen_mesh.glb,/home/tdc/img2build_pipeline/comparison_output/qualitative_pack_100cases_20260417/image_compare/chair_0068/stable3dgen_structure.json,/home/tdc/img2build_pipeline/comparison_output/qualitative_pack_100cases_20260417/image_compare/chair_0068/stable3dgen_diagnostics.json,/home/tdc/img2build_pipeline/output/lego_style_dataset_v1/samples/chair_0068_s00_rotate_x,/home/tdc/img2build_pipeline/output/lego_style_dataset_v1/samples/chair_0068_s00_rotate_x/target_mesh.glb,True,93,1.0,0.021505376344086023,0.3010752688172043,0.16260522914155956,0.02304798189474074,0.0,2,28,93,,True,True,True
image_compare,chair_0071,ours_full,/home/tdc/img2build_pipeline/comparison_output/qualitative_pack_100cases_20260417/image_compare/chair_0071/summary.json,/home/tdc/img2build_pipeline/comparison_output/qualitative_pack_100cases_20260417/image_compare/chair_0071/ours_full_mesh.glb,/home/tdc/img2build_pipeline/comparison_output/qualitative_pack_100cases_20260417/image_compare/chair_0071/ours_full_structure.json,/home/tdc/img2build_pipeline/comparison_output/qualitative_pack_100cases_20260417/image_compare/chair_0071/ours_full_diagnostics.json,/home/tdc/img2build_pipeline/output/lego_style_dataset_v1/samples/chair_0071_s00_rotate_x,/home/tdc/img2build_pipeline/output/lego_style_dataset_v1/samples/chair_0071_s00_rotate_x/target_mesh.glb,True,116,1.0,0.02586206896551724,0.25862068965517243,0.1629828071824329,0.030639879906642485,0.0,3,30,116,,True,True,True
image_compare,chair_0071,instantmesh,/home/tdc/img2build_pipeline/comparison_output/qualitative_pack_100cases_20260417/image_compare/chair_0071/summary.json,/home/tdc/img2build_pipeline/comparison_output/qualitative_pack_100cases_20260417/image_compare/chair_0071/instantmesh_mesh.obj,/home/tdc/img2build_pipeline/comparison_output/qualitative_pack_100cases_20260417/image_compare/chair_0071/instantmesh_structure.json,/home/tdc/img2build_pipeline/comparison_output/qualitative_pack_100cases_20260417/image_compare/chair_0071/instantmesh_diagnostics.json,/home/tdc/img2build_pipeline/output/lego_style_dataset_v1/samples/chair_0071_s00_rotate_x,/home/tdc/img2build_pipeline/output/lego_style_dataset_v1/samples/chair_0071_s00_rotate_x/target_mesh.glb,True,136,0.9926470588235294,0.051470588235294115,0.5367647058823529,0.15553538024642355,0.01624851172037238,0.007352941176470588,7,73,136,,True,True,True
image_compare,chair_0071,triposr,/home/tdc/img2build_pipeline/comparison_output/qualitative_pack_100cases_20260417/image_compare/chair_0071/summary.json,/home/tdc/img2build_pipeline/comparison_output/qualitative_pack_100cases_20260417/image_compare/chair_0071/triposr_mesh.glb,/home/tdc/img2build_pipeline/comparison_output/qualitative_pack_100cases_20260417/image_compare/chair_0071/triposr_structure.json,/home/tdc/img2build_pipeline/comparison_output/qualitative_pack_100cases_20260417/image_compare/chair_0071/triposr_diagnostics.json,/home/tdc/img2build_pipeline/output/lego_style_dataset_v1/samples/chair_0071_s00_rotate_x,/home/tdc/img2build_pipeline/output/lego_style_dataset_v1/samples/chair_0071_s00_rotate_x/target_mesh.glb,True,133,0.9849624060150376,0.05263157894736842,0.42857142857142855,0.1466347986319057,0.01947545678308494,0.015037593984962405,7,57,133,,True,True,True
image_compare,chair_0071,stable3dgen,/home/tdc/img2build_pipeline/comparison_output/qualitative_pack_100cases_20260417/image_compare/chair_0071/summary.json,/home/tdc/img2build_pipeline/comparison_output/qualitative_pack_100cases_20260417/image_compare/chair_0071/stable3dgen_mesh.glb,/home/tdc/img2build_pipeline/comparison_output/qualitative_pack_100cases_20260417/image_compare/chair_0071/stable3dgen_structure.json,/home/tdc/img2build_pipeline/comparison_output/qualitative_pack_100cases_20260417/image_compare/chair_0071/stable3dgen_diagnostics.json,/home/tdc/img2build_pipeline/output/lego_style_dataset_v1/samples/chair_0071_s00_rotate_x,/home/tdc/img2build_pipeline/output/lego_style_dataset_v1/samples/chair_0071_s00_rotate_x/target_mesh.glb,True,110,1.0,0.02727272727272727,0.3090909090909091,0.1587448134852779,0.027420843447905196,0.0,3,34,110,,True,True,True
image_compare,chair_0077,ours_full,/home/tdc/img2build_pipeline/comparison_output/qualitative_pack_100cases_20260417/image_compare/chair_0077/summary.json,/home/tdc/img2build_pipeline/comparison_output/qualitative_pack_100cases_20260417/image_compare/chair_0077/ours_full_mesh.glb,/home/tdc/img2build_pipeline/comparison_output/qualitative_pack_100cases_20260417/image_compare/chair_0077/ours_full_structure.json,/home/tdc/img2build_pipeline/comparison_output/qualitative_pack_100cases_20260417/image_compare/chair_0077/ours_full_diagnostics.json,/home/tdc/img2build_pipeline/output/lego_style_dataset_v1/samples/chair_0077_s00_rotate_x,/home/tdc/img2build_pipeline/output/lego_style_dataset_v1/samples/chair_0077_s00_rotate_x/target_mesh.glb,True,70,1.0,0.0,0.38571428571428573,0.20232488105789886,0.03290322707433026,0.0,0,27,70,,True,True,True
image_compare,chair_0077,instantmesh,/home/tdc/img2build_pipeline/comparison_output/qualitative_pack_100cases_20260417/image_compare/chair_0077/summary.json,/home/tdc/img2build_pipeline/comparison_output/qualitative_pack_100cases_20260417/image_compare/chair_0077/instantmesh_mesh.obj,/home/tdc/img2build_pipeline/comparison_output/qualitative_pack_100cases_20260417/image_compare/chair_0077/instantmesh_structure.json,/home/tdc/img2build_pipeline/comparison_output/qualitative_pack_100cases_20260417/image_compare/chair_0077/instantmesh_diagnostics.json,/home/tdc/img2build_pipeline/output/lego_style_dataset_v1/samples/chair_0077_s00_rotate_x,/home/tdc/img2build_pipeline/output/lego_style_dataset_v1/samples/chair_0077_s00_rotate_x/target_mesh.glb,True,91,1.0,0.0989010989010989,0.45054945054945056,0.12877138039447186,0.015194055288815466,0.0,9,41,91,,True,True,True
image_compare,chair_0077,triposr,/home/tdc/img2build_pipeline/comparison_output/qualitative_pack_100cases_20260417/image_compare/chair_0077/summary.json,/home/tdc/img2build_pipeline/comparison_output/qualitative_pack_100cases_20260417/image_compare/chair_0077/triposr_mesh.glb,/home/tdc/img2build_pipeline/comparison_output/qualitative_pack_100cases_20260417/image_compare/chair_0077/triposr_structure.json,/home/tdc/img2build_pipeline/comparison_output/qualitative_pack_100cases_20260417/image_compare/chair_0077/triposr_diagnostics.json,/home/tdc/img2build_pipeline/output/lego_style_dataset_v1/samples/chair_0077_s00_rotate_x,/home/tdc/img2build_pipeline/output/lego_style_dataset_v1/samples/chair_0077_s00_rotate_x/target_mesh.glb,True,112,1.0,0.08035714285714286,0.36607142857142855,0.1423825304450353,0.017903521509278736,0.0,9,41,112,,True,True,True
image_compare,chair_0077,stable3dgen,/home/tdc/img2build_pipeline/comparison_output/qualitative_pack_100cases_20260417/image_compare/chair_0077/summary.json,/home/tdc/img2build_pipeline/comparison_output/qualitative_pack_100cases_20260417/image_compare/chair_0077/stable3dgen_mesh.glb,/home/tdc/img2build_pipeline/comparison_output/qualitative_pack_100cases_20260417/image_compare/chair_0077/stable3dgen_structure.json,/home/tdc/img2build_pipeline/comparison_output/qualitative_pack_100cases_20260417/image_compare/chair_0077/stable3dgen_diagnostics.json,/home/tdc/img2build_pipeline/output/lego_style_dataset_v1/samples/chair_0077_s00_rotate_x,/home/tdc/img2build_pipeline/output/lego_style_dataset_v1/samples/chair_0077_s00_rotate_x/target_mesh.glb,True,129,1.0,0.015503875968992248,0.20930232558139536,0.19402073580959533,0.030607213587823215,0.0,2,27,129,,True,True,True
image_compare,chair_0086,ours_full,/home/tdc/img2build_pipeline/comparison_output/qualitative_pack_100cases_20260417/image_compare/chair_0086/summary.json,/home/tdc/img2build_pipeline/comparison_output/qualitative_pack_100cases_20260417/image_compare/chair_0086/ours_full_mesh.glb,/home/tdc/img2build_pipeline/comparison_output/qualitative_pack_100cases_20260417/image_compare/chair_0086/ours_full_structure.json,/home/tdc/img2build_pipeline/comparison_output/qualitative_pack_100cases_20260417/image_compare/chair_0086/ours_full_diagnostics.json,/home/tdc/img2build_pipeline/output/lego_style_dataset_v1/samples/chair_0086_s00_rotate_x,/home/tdc/img2build_pipeline/output/lego_style_dataset_v1/samples/chair_0086_s00_rotate_x/target_mesh.glb,True,76,1.0,0.013157894736842105,0.4473684210526316,0.17916302724004196,0.026133813395954778,0.0,1,34,76,,True,True,True
image_compare,chair_0086,instantmesh,/home/tdc/img2build_pipeline/comparison_output/qualitative_pack_100cases_20260417/image_compare/chair_0086/summary.json,/home/tdc/img2build_pipeline/comparison_output/qualitative_pack_100cases_20260417/image_compare/chair_0086/instantmesh_mesh.obj,/home/tdc/img2build_pipeline/comparison_output/qualitative_pack_100cases_20260417/image_compare/chair_0086/instantmesh_structure.json,/home/tdc/img2build_pipeline/comparison_output/qualitative_pack_100cases_20260417/image_compare/chair_0086/instantmesh_diagnostics.json,/home/tdc/img2build_pipeline/output/lego_style_dataset_v1/samples/chair_0086_s00_rotate_x,/home/tdc/img2build_pipeline/output/lego_style_dataset_v1/samples/chair_0086_s00_rotate_x/target_mesh.glb,True,118,0.8050847457627118,0.1864406779661017,0.5,0.1767719808260359,0.020770524334975594,0.0847457627118644,22,59,118,,True,True,True
image_compare,chair_0086,triposr,/home/tdc/img2build_pipeline/comparison_output/qualitative_pack_100cases_20260417/image_compare/chair_0086/summary.json,/home/tdc/img2build_pipeline/comparison_output/qualitative_pack_100cases_20260417/image_compare/chair_0086/triposr_mesh.glb,/home/tdc/img2build_pipeline/comparison_output/qualitative_pack_100cases_20260417/image_compare/chair_0086/triposr_structure.json,/home/tdc/img2build_pipeline/comparison_output/qualitative_pack_100cases_20260417/image_compare/chair_0086/triposr_diagnostics.json,/home/tdc/img2build_pipeline/output/lego_style_dataset_v1/samples/chair_0086_s00_rotate_x,/home/tdc/img2build_pipeline/output/lego_style_dataset_v1/samples/chair_0086_s00_rotate_x/target_mesh.glb,True,123,0.8617886178861789,0.13008130081300814,0.3902439024390244,0.23983476636696746,0.03162612120199472,0.08130081300813008,16,48,123,,True,True,True
image_compare,chair_0086,stable3dgen,/home/tdc/img2build_pipeline/comparison_output/qualitative_pack_100cases_20260417/image_compare/chair_0086/summary.json,/home/tdc/img2build_pipeline/comparison_output/qualitative_pack_100cases_20260417/image_compare/chair_0086/stable3dgen_mesh.glb,/home/tdc/img2build_pipeline/comparison_output/qualitative_pack_100cases_20260417/image_compare/chair_0086/stable3dgen_structure.json,/home/tdc/img2build_pipeline/comparison_output/qualitative_pack_100cases_20260417/image_compare/chair_0086/stable3dgen_diagnostics.json,/home/tdc/img2build_pipeline/output/lego_style_dataset_v1/samples/chair_0086_s00_rotate_x,/home/tdc/img2build_pipeline/output/lego_style_dataset_v1/samples/chair_0086_s00_rotate_x/target_mesh.glb,True,96,1.0,0.041666666666666664,0.40625,0.16996872757636355,0.025526151368203447,0.0,4,39,96,,True,True,True
image_compare,chair_0088,ours_full,/home/tdc/img2build_pipeline/comparison_output/qualitative_pack_100cases_20260417/image_compare/chair_0088/summary.json,/home/tdc/img2build_pipeline/comparison_output/qualitative_pack_100cases_20260417/image_compare/chair_0088/ours_full_mesh.glb,/home/tdc/img2build_pipeline/comparison_output/qualitative_pack_100cases_20260417/image_compare/chair_0088/ours_full_structure.json,/home/tdc/img2build_pipeline/comparison_output/qualitative_pack_100cases_20260417/image_compare/chair_0088/ours_full_diagnostics.json,/home/tdc/img2build_pipeline/output/lego_style_dataset_v1/samples/chair_0088_s00_rotate_x,/home/tdc/img2build_pipeline/output/lego_style_dataset_v1/samples/chair_0088_s00_rotate_x/target_mesh.glb,True,94,0.9148936170212766,0.031914893617021274,0.3191489361702128,0.17481326033320166,0.027500771847822313,0.0851063829787234,3,30,94,,True,True,True
image_compare,chair_0088,instantmesh,/home/tdc/img2build_pipeline/comparison_output/qualitative_pack_100cases_20260417/image_compare/chair_0088/summary.json,/home/tdc/img2build_pipeline/comparison_output/qualitative_pack_100cases_20260417/image_compare/chair_0088/instantmesh_mesh.obj,/home/tdc/img2build_pipeline/comparison_output/qualitative_pack_100cases_20260417/image_compare/chair_0088/instantmesh_structure.json,/home/tdc/img2build_pipeline/comparison_output/qualitative_pack_100cases_20260417/image_compare/chair_0088/instantmesh_diagnostics.json,/home/tdc/img2build_pipeline/output/lego_style_dataset_v1/samples/chair_0088_s00_rotate_x,/home/tdc/img2build_pipeline/output/lego_style_dataset_v1/samples/chair_0088_s00_rotate_x/target_mesh.glb,True,127,0.7086614173228346,0.14173228346456693,0.47244094488188976,0.18251856017452583,0.020465814931397465,0.08661417322834646,18,60,127,,True,True,True
image_compare,chair_0088,triposr,/home/tdc/img2build_pipeline/comparison_output/qualitative_pack_100cases_20260417/image_compare/chair_0088/summary.json,/home/tdc/img2build_pipeline/comparison_output/qualitative_pack_100cases_20260417/image_compare/chair_0088/triposr_mesh.glb,/home/tdc/img2build_pipeline/comparison_output/qualitative_pack_100cases_20260417/image_compare/chair_0088/triposr_structure.json,/home/tdc/img2build_pipeline/comparison_output/qualitative_pack_100cases_20260417/image_compare/chair_0088/triposr_diagnostics.json,/home/tdc/img2build_pipeline/output/lego_style_dataset_v1/samples/chair_0088_s00_rotate_x,/home/tdc/img2build_pipeline/output/lego_style_dataset_v1/samples/chair_0088_s00_rotate_x/target_mesh.glb,True,142,0.7887323943661971,0.11971830985915492,0.39436619718309857,0.25621206586576273,0.04179159963977554,0.04929577464788732,17,56,142,,True,True,True
image_compare,chair_0088,stable3dgen,/home/tdc/img2build_pipeline/comparison_output/qualitative_pack_100cases_20260417/image_compare/chair_0088/summary.json,/home/tdc/img2build_pipeline/comparison_output/qualitative_pack_100cases_20260417/image_compare/chair_0088/stable3dgen_mesh.glb,/home/tdc/img2build_pipeline/comparison_output/qualitative_pack_100cases_20260417/image_compare/chair_0088/stable3dgen_structure.json,/home/tdc/img2build_pipeline/comparison_output/qualitative_pack_100cases_20260417/image_compare/chair_0088/stable3dgen_diagnostics.json,/home/tdc/img2build_pipeline/output/lego_style_dataset_v1/samples/chair_0088_s00_rotate_x,/home/tdc/img2build_pipeline/output/lego_style_dataset_v1/samples/chair_0088_s00_rotate_x/target_mesh.glb,True,93,0.956989247311828,0.10752688172043011,0.3978494623655914,0.18723824011901635,0.030953547387930484,0.043010752688172046,10,37,93,,True,True,True
image_compare,chair_0089,ours_full,/home/tdc/img2build_pipeline/comparison_output/qualitative_pack_100cases_20260417/image_compare/chair_0089/summary.json,/home/tdc/img2build_pipeline/comparison_output/qualitative_pack_100cases_20260417/image_compare/chair_0089/ours_full_mesh.glb,/home/tdc/img2build_pipeline/comparison_output/qualitative_pack_100cases_20260417/image_compare/chair_0089/ours_full_structure.json,/home/tdc/img2build_pipeline/comparison_output/qualitative_pack_100cases_20260417/image_compare/chair_0089/ours_full_diagnostics.json,/home/tdc/img2build_pipeline/output/lego_style_dataset_v1/samples/chair_0089_s00_rotate_x,/home/tdc/img2build_pipeline/output/lego_style_dataset_v1/samples/chair_0089_s00_rotate_x/target_mesh.glb,True,119,1.0,0.0,0.42016806722689076,0.16009855602032635,0.024284869963578183,0.0,0,50,119,,True,True,True
image_compare,chair_0089,instantmesh,/home/tdc/img2build_pipeline/comparison_output/qualitative_pack_100cases_20260417/image_compare/chair_0089/summary.json,/home/tdc/img2build_pipeline/comparison_output/qualitative_pack_100cases_20260417/image_compare/chair_0089/instantmesh_mesh.obj,/home/tdc/img2build_pipeline/comparison_output/qualitative_pack_100cases_20260417/image_compare/chair_0089/instantmesh_structure.json,/home/tdc/img2build_pipeline/comparison_output/qualitative_pack_100cases_20260417/image_compare/chair_0089/instantmesh_diagnostics.json,/home/tdc/img2build_pipeline/output/lego_style_dataset_v1/samples/chair_0089_s00_rotate_x,/home/tdc/img2build_pipeline/output/lego_style_dataset_v1/samples/chair_0089_s00_rotate_x/target_mesh.glb,True,132,0.9015151515151515,0.08333333333333333,0.3939393939393939,0.13141831228911727,0.015567398341799384,0.03787878787878788,11,52,132,,True,True,True
image_compare,chair_0089,triposr,/home/tdc/img2build_pipeline/comparison_output/qualitative_pack_100cases_20260417/image_compare/chair_0089/summary.json,/home/tdc/img2build_pipeline/comparison_output/qualitative_pack_100cases_20260417/image_compare/chair_0089/triposr_mesh.glb,/home/tdc/img2build_pipeline/comparison_output/qualitative_pack_100cases_20260417/image_compare/chair_0089/triposr_structure.json,/home/tdc/img2build_pipeline/comparison_output/qualitative_pack_100cases_20260417/image_compare/chair_0089/triposr_diagnostics.json,/home/tdc/img2build_pipeline/output/lego_style_dataset_v1/samples/chair_0089_s00_rotate_x,/home/tdc/img2build_pipeline/output/lego_style_dataset_v1/samples/chair_0089_s00_rotate_x/target_mesh.glb,True,177,0.9830508474576272,0.04519774011299435,0.3220338983050847,0.1512538803753474,0.0172209165390484,0.0,8,57,177,,True,True,True
image_compare,chair_0089,stable3dgen,/home/tdc/img2build_pipeline/comparison_output/qualitative_pack_100cases_20260417/image_compare/chair_0089/summary.json,/home/tdc/img2build_pipeline/comparison_output/qualitative_pack_100cases_20260417/image_compare/chair_0089/stable3dgen_mesh.glb,/home/tdc/img2build_pipeline/comparison_output/qualitative_pack_100cases_20260417/image_compare/chair_0089/stable3dgen_structure.json,/home/tdc/img2build_pipeline/comparison_output/qualitative_pack_100cases_20260417/image_compare/chair_0089/stable3dgen_diagnostics.json,/home/tdc/img2build_pipeline/output/lego_style_dataset_v1/samples/chair_0089_s00_rotate_x,/home/tdc/img2build_pipeline/output/lego_style_dataset_v1/samples/chair_0089_s00_rotate_x/target_mesh.glb,True,118,1.0,0.03389830508474576,0.3644067796610169,0.1646737467144588,0.023197877815456246,0.0,4,43,118,,True,True,True
image_compare,chair_0093,ours_full,/home/tdc/img2build_pipeline/comparison_output/qualitative_pack_100cases_20260417/image_compare/chair_0093/summary.json,/home/tdc/img2build_pipeline/comparison_output/qualitative_pack_100cases_20260417/image_compare/chair_0093/ours_full_mesh.glb,/home/tdc/img2build_pipeline/comparison_output/qualitative_pack_100cases_20260417/image_compare/chair_0093/ours_full_structure.json,/home/tdc/img2build_pipeline/comparison_output/qualitative_pack_100cases_20260417/image_compare/chair_0093/ours_full_diagnostics.json,/home/tdc/img2build_pipeline/output/lego_style_dataset_v1/samples/chair_0093_s00_rotate_x,/home/tdc/img2build_pipeline/output/lego_style_dataset_v1/samples/chair_0093_s00_rotate_x/target_mesh.glb,True,71,1.0,0.028169014084507043,0.4084507042253521,0.14258165626482938,0.01854432215255132,0.0,2,29,71,,True,True,True
image_compare,chair_0093,instantmesh,/home/tdc/img2build_pipeline/comparison_output/qualitative_pack_100cases_20260417/image_compare/chair_0093/summary.json,/home/tdc/img2build_pipeline/comparison_output/qualitative_pack_100cases_20260417/image_compare/chair_0093/instantmesh_mesh.obj,/home/tdc/img2build_pipeline/comparison_output/qualitative_pack_100cases_20260417/image_compare/chair_0093/instantmesh_structure.json,/home/tdc/img2build_pipeline/comparison_output/qualitative_pack_100cases_20260417/image_compare/chair_0093/instantmesh_diagnostics.json,/home/tdc/img2build_pipeline/output/lego_style_dataset_v1/samples/chair_0093_s00_rotate_x,/home/tdc/img2build_pipeline/output/lego_style_dataset_v1/samples/chair_0093_s00_rotate_x/target_mesh.glb,True,126,0.9206349206349206,0.07936507936507936,0.3412698412698413,0.15495795722900924,0.016680549711293173,0.007936507936507936,10,43,126,,True,True,True
image_compare,chair_0093,triposr,/home/tdc/img2build_pipeline/comparison_output/qualitative_pack_100cases_20260417/image_compare/chair_0093/summary.json,/home/tdc/img2build_pipeline/comparison_output/qualitative_pack_100cases_20260417/image_compare/chair_0093/triposr_mesh.glb,/home/tdc/img2build_pipeline/comparison_output/qualitative_pack_100cases_20260417/image_compare/chair_0093/triposr_structure.json,/home/tdc/img2build_pipeline/comparison_output/qualitative_pack_100cases_20260417/image_compare/chair_0093/triposr_diagnostics.json,/home/tdc/img2build_pipeline/output/lego_style_dataset_v1/samples/chair_0093_s00_rotate_x,/home/tdc/img2build_pipeline/output/lego_style_dataset_v1/samples/chair_0093_s00_rotate_x/target_mesh.glb,True,136,0.9191176470588235,0.051470588235294115,0.3014705882352941,0.21938984871120878,0.021343107470365483,0.014705882352941176,7,41,136,,True,True,True
image_compare,chair_0093,stable3dgen,/home/tdc/img2build_pipeline/comparison_output/qualitative_pack_100cases_20260417/image_compare/chair_0093/summary.json,/home/tdc/img2build_pipeline/comparison_output/qualitative_pack_100cases_20260417/image_compare/chair_0093/stable3dgen_mesh.glb,/home/tdc/img2build_pipeline/comparison_output/qualitative_pack_100cases_20260417/image_compare/chair_0093/stable3dgen_structure.json,/home/tdc/img2build_pipeline/comparison_output/qualitative_pack_100cases_20260417/image_compare/chair_0093/stable3dgen_diagnostics.json,/home/tdc/img2build_pipeline/output/lego_style_dataset_v1/samples/chair_0093_s00_rotate_x,/home/tdc/img2build_pipeline/output/lego_style_dataset_v1/samples/chair_0093_s00_rotate_x/target_mesh.glb,True,90,1.0,0.06666666666666667,0.4666666666666667,0.13695352797350824,0.020646784504299995,0.0,6,42,90,,True,True,True
image_compare,chair_0098,ours_full,/home/tdc/img2build_pipeline/comparison_output/qualitative_pack_100cases_20260417/image_compare/chair_0098/summary.json,/home/tdc/img2build_pipeline/comparison_output/qualitative_pack_100cases_20260417/image_compare/chair_0098/ours_full_mesh.glb,/home/tdc/img2build_pipeline/comparison_output/qualitative_pack_100cases_20260417/image_compare/chair_0098/ours_full_structure.json,/home/tdc/img2build_pipeline/comparison_output/qualitative_pack_100cases_20260417/image_compare/chair_0098/ours_full_diagnostics.json,/home/tdc/img2build_pipeline/output/lego_style_dataset_v1/samples/chair_0098_s00_rotate_x,/home/tdc/img2build_pipeline/output/lego_style_dataset_v1/samples/chair_0098_s00_rotate_x/target_mesh.glb,True,81,1.0,0.0,0.2222222222222222,0.17967389794518107,0.023957764634101417,0.0,0,18,81,,True,True,True
image_compare,chair_0098,instantmesh,/home/tdc/img2build_pipeline/comparison_output/qualitative_pack_100cases_20260417/image_compare/chair_0098/summary.json,/home/tdc/img2build_pipeline/comparison_output/qualitative_pack_100cases_20260417/image_compare/chair_0098/instantmesh_mesh.obj,/home/tdc/img2build_pipeline/comparison_output/qualitative_pack_100cases_20260417/image_compare/chair_0098/instantmesh_structure.json,/home/tdc/img2build_pipeline/comparison_output/qualitative_pack_100cases_20260417/image_compare/chair_0098/instantmesh_diagnostics.json,/home/tdc/img2build_pipeline/output/lego_style_dataset_v1/samples/chair_0098_s00_rotate_x,/home/tdc/img2build_pipeline/output/lego_style_dataset_v1/samples/chair_0098_s00_rotate_x/target_mesh.glb,True,115,0.9826086956521739,0.08695652173913043,0.3130434782608696,0.13086920025779192,0.014302214757911746,0.017391304347826087,10,36,115,,True,True,True
image_compare,chair_0098,triposr,/home/tdc/img2build_pipeline/comparison_output/qualitative_pack_100cases_20260417/image_compare/chair_0098/summary.json,/home/tdc/img2build_pipeline/comparison_output/qualitative_pack_100cases_20260417/image_compare/chair_0098/triposr_mesh.glb,/home/tdc/img2build_pipeline/comparison_output/qualitative_pack_100cases_20260417/image_compare/chair_0098/triposr_structure.json,/home/tdc/img2build_pipeline/comparison_output/qualitative_pack_100cases_20260417/image_compare/chair_0098/triposr_diagnostics.json,/home/tdc/img2build_pipeline/output/lego_style_dataset_v1/samples/chair_0098_s00_rotate_x,/home/tdc/img2build_pipeline/output/lego_style_dataset_v1/samples/chair_0098_s00_rotate_x/target_mesh.glb,True,114,1.0,0.043859649122807015,0.3684210526315789,0.15634451096791385,0.023080488852265758,0.0,5,42,114,,True,True,True
image_compare,chair_0098,stable3dgen,/home/tdc/img2build_pipeline/comparison_output/qualitative_pack_100cases_20260417/image_compare/chair_0098/summary.json,/home/tdc/img2build_pipeline/comparison_output/qualitative_pack_100cases_20260417/image_compare/chair_0098/stable3dgen_mesh.glb,/home/tdc/img2build_pipeline/comparison_output/qualitative_pack_100cases_20260417/image_compare/chair_0098/stable3dgen_structure.json,/home/tdc/img2build_pipeline/comparison_output/qualitative_pack_100cases_20260417/image_compare/chair_0098/stable3dgen_diagnostics.json,/home/tdc/img2build_pipeline/output/lego_style_dataset_v1/samples/chair_0098_s00_rotate_x,/home/tdc/img2build_pipeline/output/lego_style_dataset_v1/samples/chair_0098_s00_rotate_x/target_mesh.glb,True,89,1.0,0.02247191011235955,0.24719101123595505,0.17605175441827114,0.023138128960630812,0.0,2,22,89,,True,True,True
image_compare,chair_0113,ours_full,/home/tdc/img2build_pipeline/comparison_output/qualitative_pack_100cases_20260417/image_compare/chair_0113/summary.json,/home/tdc/img2build_pipeline/comparison_output/qualitative_pack_100cases_20260417/image_compare/chair_0113/ours_full_mesh.glb,/home/tdc/img2build_pipeline/comparison_output/qualitative_pack_100cases_20260417/image_compare/chair_0113/ours_full_structure.json,/home/tdc/img2build_pipeline/comparison_output/qualitative_pack_100cases_20260417/image_compare/chair_0113/ours_full_diagnostics.json,/home/tdc/img2build_pipeline/output/lego_style_dataset_v1/samples/chair_0113_s00_rotate_x,/home/tdc/img2build_pipeline/output/lego_style_dataset_v1/samples/chair_0113_s00_rotate_x/target_mesh.glb,True,79,1.0,0.05063291139240506,0.3670886075949367,0.15749900445340798,0.02094205085461144,0.0,4,29,79,,True,True,True
image_compare,chair_0113,instantmesh,/home/tdc/img2build_pipeline/comparison_output/qualitative_pack_100cases_20260417/image_compare/chair_0113/summary.json,/home/tdc/img2build_pipeline/comparison_output/qualitative_pack_100cases_20260417/image_compare/chair_0113/instantmesh_mesh.obj,/home/tdc/img2build_pipeline/comparison_output/qualitative_pack_100cases_20260417/image_compare/chair_0113/instantmesh_structure.json,/home/tdc/img2build_pipeline/comparison_output/qualitative_pack_100cases_20260417/image_compare/chair_0113/instantmesh_diagnostics.json,/home/tdc/img2build_pipeline/output/lego_style_dataset_v1/samples/chair_0113_s00_rotate_x,/home/tdc/img2build_pipeline/output/lego_style_dataset_v1/samples/chair_0113_s00_rotate_x/target_mesh.glb,True,129,0.9147286821705426,0.06976744186046512,0.4418604651162791,0.15745590496406878,0.016115416033602288,0.015503875968992248,9,57,129,,True,True,True
image_compare,chair_0113,triposr,/home/tdc/img2build_pipeline/comparison_output/qualitative_pack_100cases_20260417/image_compare/chair_0113/summary.json,/home/tdc/img2build_pipeline/comparison_output/qualitative_pack_100cases_20260417/image_compare/chair_0113/triposr_mesh.glb,/home/tdc/img2build_pipeline/comparison_output/qualitative_pack_100cases_20260417/image_compare/chair_0113/triposr_structure.json,/home/tdc/img2build_pipeline/comparison_output/qualitative_pack_100cases_20260417/image_compare/chair_0113/triposr_diagnostics.json,/home/tdc/img2build_pipeline/output/lego_style_dataset_v1/samples/chair_0113_s00_rotate_x,/home/tdc/img2build_pipeline/output/lego_style_dataset_v1/samples/chair_0113_s00_rotate_x/target_mesh.glb,True,114,0.9736842105263158,0.07894736842105263,0.45614035087719296,0.18496913969248036,0.023115430860044698,0.02631578947368421,9,52,114,,True,True,True
image_compare,chair_0113,stable3dgen,/home/tdc/img2build_pipeline/comparison_output/qualitative_pack_100cases_20260417/image_compare/chair_0113/summary.json,/home/tdc/img2build_pipeline/comparison_output/qualitative_pack_100cases_20260417/image_compare/chair_0113/stable3dgen_mesh.glb,/home/tdc/img2build_pipeline/comparison_output/qualitative_pack_100cases_20260417/image_compare/chair_0113/stable3dgen_structure.json,/home/tdc/img2build_pipeline/comparison_output/qualitative_pack_100cases_20260417/image_compare/chair_0113/stable3dgen_diagnostics.json,/home/tdc/img2build_pipeline/output/lego_style_dataset_v1/samples/chair_0113_s00_rotate_x,/home/tdc/img2build_pipeline/output/lego_style_dataset_v1/samples/chair_0113_s00_rotate_x/target_mesh.glb,True,86,1.0,0.06976744186046512,0.4418604651162791,0.15313151651917525,0.02193060251935256,0.0,6,38,86,,True,True,True
image_compare,chair_0114,ours_full,/home/tdc/img2build_pipeline/comparison_output/qualitative_pack_100cases_20260417/image_compare/chair_0114/summary.json,/home/tdc/img2build_pipeline/comparison_output/qualitative_pack_100cases_20260417/image_compare/chair_0114/ours_full_mesh.glb,/home/tdc/img2build_pipeline/comparison_output/qualitative_pack_100cases_20260417/image_compare/chair_0114/ours_full_structure.json,/home/tdc/img2build_pipeline/comparison_output/qualitative_pack_100cases_20260417/image_compare/chair_0114/ours_full_diagnostics.json,/home/tdc/img2build_pipeline/output/lego_style_dataset_v1/samples/chair_0114_s00_rotate_x,/home/tdc/img2build_pipeline/output/lego_style_dataset_v1/samples/chair_0114_s00_rotate_x/target_mesh.glb,True,90,0.9111111111111111,0.011111111111111112,0.32222222222222224,0.18449436401832936,0.028532165581653376,0.08888888888888889,1,29,90,,True,True,True
image_compare,chair_0114,instantmesh,/home/tdc/img2build_pipeline/comparison_output/qualitative_pack_100cases_20260417/image_compare/chair_0114/summary.json,/home/tdc/img2build_pipeline/comparison_output/qualitative_pack_100cases_20260417/image_compare/chair_0114/instantmesh_mesh.obj,/home/tdc/img2build_pipeline/comparison_output/qualitative_pack_100cases_20260417/image_compare/chair_0114/instantmesh_structure.json,/home/tdc/img2build_pipeline/comparison_output/qualitative_pack_100cases_20260417/image_compare/chair_0114/instantmesh_diagnostics.json,/home/tdc/img2build_pipeline/output/lego_style_dataset_v1/samples/chair_0114_s00_rotate_x,/home/tdc/img2build_pipeline/output/lego_style_dataset_v1/samples/chair_0114_s00_rotate_x/target_mesh.glb,True,105,1.0,0.10476190476190476,0.3904761904761905,0.16186430867990767,0.011405955098558686,0.0,11,41,105,,True,True,True
image_compare,chair_0114,triposr,/home/tdc/img2build_pipeline/comparison_output/qualitative_pack_100cases_20260417/image_compare/chair_0114/summary.json,/home/tdc/img2build_pipeline/comparison_output/qualitative_pack_100cases_20260417/image_compare/chair_0114/triposr_mesh.glb,/home/tdc/img2build_pipeline/comparison_output/qualitative_pack_100cases_20260417/image_compare/chair_0114/triposr_structure.json,/home/tdc/img2build_pipeline/comparison_output/qualitative_pack_100cases_20260417/image_compare/chair_0114/triposr_diagnostics.json,/home/tdc/img2build_pipeline/output/lego_style_dataset_v1/samples/chair_0114_s00_rotate_x,/home/tdc/img2build_pipeline/output/lego_style_dataset_v1/samples/chair_0114_s00_rotate_x/target_mesh.glb,True,135,1.0,0.044444444444444446,0.31851851851851853,0.20693496483666068,0.03055250818444121,0.0,6,43,135,,True,True,True
image_compare,chair_0114,stable3dgen,/home/tdc/img2build_pipeline/comparison_output/qualitative_pack_100cases_20260417/image_compare/chair_0114/summary.json,/home/tdc/img2build_pipeline/comparison_output/qualitative_pack_100cases_20260417/image_compare/chair_0114/stable3dgen_mesh.glb,/home/tdc/img2build_pipeline/comparison_output/qualitative_pack_100cases_20260417/image_compare/chair_0114/stable3dgen_structure.json,/home/tdc/img2build_pipeline/comparison_output/qualitative_pack_100cases_20260417/image_compare/chair_0114/stable3dgen_diagnostics.json,/home/tdc/img2build_pipeline/output/lego_style_dataset_v1/samples/chair_0114_s00_rotate_x,/home/tdc/img2build_pipeline/output/lego_style_dataset_v1/samples/chair_0114_s00_rotate_x/target_mesh.glb,True,95,0.8105263157894737,0.042105263157894736,0.25263157894736843,0.21171827843899443,0.033818870083284575,0.18947368421052632,4,24,95,,True,True,True
image_compare,chair_0119,ours_full,/home/tdc/img2build_pipeline/comparison_output/qualitative_pack_100cases_20260417/image_compare/chair_0119/summary.json,/home/tdc/img2build_pipeline/comparison_output/qualitative_pack_100cases_20260417/image_compare/chair_0119/ours_full_mesh.glb,/home/tdc/img2build_pipeline/comparison_output/qualitative_pack_100cases_20260417/image_compare/chair_0119/ours_full_structure.json,/home/tdc/img2build_pipeline/comparison_output/qualitative_pack_100cases_20260417/image_compare/chair_0119/ours_full_diagnostics.json,/home/tdc/img2build_pipeline/output/lego_style_dataset_v1/samples/chair_0119_s00_rotate_x,/home/tdc/img2build_pipeline/output/lego_style_dataset_v1/samples/chair_0119_s00_rotate_x/target_mesh.glb,True,101,0.9504950495049505,0.0594059405940594,0.5148514851485149,0.27835169946381144,0.06708306241679506,0.04950495049504951,6,52,101,,True,True,True
image_compare,chair_0119,instantmesh,/home/tdc/img2build_pipeline/comparison_output/qualitative_pack_100cases_20260417/image_compare/chair_0119/summary.json,/home/tdc/img2build_pipeline/comparison_output/qualitative_pack_100cases_20260417/image_compare/chair_0119/instantmesh_mesh.obj,/home/tdc/img2build_pipeline/comparison_output/qualitative_pack_100cases_20260417/image_compare/chair_0119/instantmesh_structure.json,/home/tdc/img2build_pipeline/comparison_output/qualitative_pack_100cases_20260417/image_compare/chair_0119/instantmesh_diagnostics.json,/home/tdc/img2build_pipeline/output/lego_style_dataset_v1/samples/chair_0119_s00_rotate_x,/home/tdc/img2build_pipeline/output/lego_style_dataset_v1/samples/chair_0119_s00_rotate_x/target_mesh.glb,True,99,0.5353535353535354,0.23232323232323232,0.7777777777777778,0.32586225610208885,0.09057075583660834,0.1414141414141414,23,77,99,,True,True,True
image_compare,chair_0119,triposr,/home/tdc/img2build_pipeline/comparison_output/qualitative_pack_100cases_20260417/image_compare/chair_0119/summary.json,/home/tdc/img2build_pipeline/comparison_output/qualitative_pack_100cases_20260417/image_compare/chair_0119/triposr_mesh.glb,/home/tdc/img2build_pipeline/comparison_output/qualitative_pack_100cases_20260417/image_compare/chair_0119/triposr_structure.json,/home/tdc/img2build_pipeline/comparison_output/qualitative_pack_100cases_20260417/image_compare/chair_0119/triposr_diagnostics.json,/home/tdc/img2build_pipeline/output/lego_style_dataset_v1/samples/chair_0119_s00_rotate_x,/home/tdc/img2build_pipeline/output/lego_style_dataset_v1/samples/chair_0119_s00_rotate_x/target_mesh.glb,True,117,0.6837606837606838,0.17094017094017094,0.5213675213675214,0.19510532814758988,0.04608162749201414,0.15384615384615385,20,61,117,,True,True,True
image_compare,chair_0119,stable3dgen,/home/tdc/img2build_pipeline/comparison_output/qualitative_pack_100cases_20260417/image_compare/chair_0119/summary.json,/home/tdc/img2build_pipeline/comparison_output/qualitative_pack_100cases_20260417/image_compare/chair_0119/stable3dgen_mesh.glb,/home/tdc/img2build_pipeline/comparison_output/qualitative_pack_100cases_20260417/image_compare/chair_0119/stable3dgen_structure.json,/home/tdc/img2build_pipeline/comparison_output/qualitative_pack_100cases_20260417/image_compare/chair_0119/stable3dgen_diagnostics.json,/home/tdc/img2build_pipeline/output/lego_style_dataset_v1/samples/chair_0119_s00_rotate_x,/home/tdc/img2build_pipeline/output/lego_style_dataset_v1/samples/chair_0119_s00_rotate_x/target_mesh.glb,True,102,0.5980392156862745,0.12745098039215685,0.46078431372549017,0.2467930637813026,0.0619614309011217,0.0392156862745098,13,47,102,,True,True,True
image_compare,chair_0124,ours_full,/home/tdc/img2build_pipeline/comparison_output/qualitative_pack_100cases_20260417/image_compare/chair_0124/summary.json,/home/tdc/img2build_pipeline/comparison_output/qualitative_pack_100cases_20260417/image_compare/chair_0124/ours_full_mesh.glb,/home/tdc/img2build_pipeline/comparison_output/qualitative_pack_100cases_20260417/image_compare/chair_0124/ours_full_structure.json,/home/tdc/img2build_pipeline/comparison_output/qualitative_pack_100cases_20260417/image_compare/chair_0124/ours_full_diagnostics.json,/home/tdc/img2build_pipeline/output/lego_style_dataset_v1/samples/chair_0124_s00_rotate_x,/home/tdc/img2build_pipeline/output/lego_style_dataset_v1/samples/chair_0124_s00_rotate_x/target_mesh.glb,True,74,1.0,0.013513513513513514,0.4189189189189189,0.18036471899454665,0.02384559883818165,0.0,1,31,74,,True,True,True
image_compare,chair_0124,instantmesh,/home/tdc/img2build_pipeline/comparison_output/qualitative_pack_100cases_20260417/image_compare/chair_0124/summary.json,/home/tdc/img2build_pipeline/comparison_output/qualitative_pack_100cases_20260417/image_compare/chair_0124/instantmesh_mesh.obj,/home/tdc/img2build_pipeline/comparison_output/qualitative_pack_100cases_20260417/image_compare/chair_0124/instantmesh_structure.json,/home/tdc/img2build_pipeline/comparison_output/qualitative_pack_100cases_20260417/image_compare/chair_0124/instantmesh_diagnostics.json,/home/tdc/img2build_pipeline/output/lego_style_dataset_v1/samples/chair_0124_s00_rotate_x,/home/tdc/img2build_pipeline/output/lego_style_dataset_v1/samples/chair_0124_s00_rotate_x/target_mesh.glb,True,137,0.7737226277372263,0.15328467153284672,0.41605839416058393,0.15511277020188546,0.01660174316632733,0.058394160583941604,21,57,137,,True,True,True
image_compare,chair_0124,triposr,/home/tdc/img2build_pipeline/comparison_output/qualitative_pack_100cases_20260417/image_compare/chair_0124/summary.json,/home/tdc/img2build_pipeline/comparison_output/qualitative_pack_100cases_20260417/image_compare/chair_0124/triposr_mesh.glb,/home/tdc/img2build_pipeline/comparison_output/qualitative_pack_100cases_20260417/image_compare/chair_0124/triposr_structure.json,/home/tdc/img2build_pipeline/comparison_output/qualitative_pack_100cases_20260417/image_compare/chair_0124/triposr_diagnostics.json,/home/tdc/img2build_pipeline/output/lego_style_dataset_v1/samples/chair_0124_s00_rotate_x,/home/tdc/img2build_pipeline/output/lego_style_dataset_v1/samples/chair_0124_s00_rotate_x/target_mesh.glb,True,142,0.9225352112676056,0.1056338028169014,0.352112676056338,0.27152335355006196,0.029235659235649594,0.07746478873239436,15,50,142,,True,True,True
image_compare,chair_0124,stable3dgen,/home/tdc/img2build_pipeline/comparison_output/qualitative_pack_100cases_20260417/image_compare/chair_0124/summary.json,/home/tdc/img2build_pipeline/comparison_output/qualitative_pack_100cases_20260417/image_compare/chair_0124/stable3dgen_mesh.glb,/home/tdc/img2build_pipeline/comparison_output/qualitative_pack_100cases_20260417/image_compare/chair_0124/stable3dgen_structure.json,/home/tdc/img2build_pipeline/comparison_output/qualitative_pack_100cases_20260417/image_compare/chair_0124/stable3dgen_diagnostics.json,/home/tdc/img2build_pipeline/output/lego_style_dataset_v1/samples/chair_0124_s00_rotate_x,/home/tdc/img2build_pipeline/output/lego_style_dataset_v1/samples/chair_0124_s00_rotate_x/target_mesh.glb,True,90,1.0,0.07777777777777778,0.43333333333333335,0.15790275604287168,0.024290497067361895,0.0,7,39,90,,True,True,True
image_compare,chair_0127,ours_full,/home/tdc/img2build_pipeline/comparison_output/qualitative_pack_100cases_20260417/image_compare/chair_0127/summary.json,/home/tdc/img2build_pipeline/comparison_output/qualitative_pack_100cases_20260417/image_compare/chair_0127/ours_full_mesh.glb,/home/tdc/img2build_pipeline/comparison_output/qualitative_pack_100cases_20260417/image_compare/chair_0127/ours_full_structure.json,/home/tdc/img2build_pipeline/comparison_output/qualitative_pack_100cases_20260417/image_compare/chair_0127/ours_full_diagnostics.json,/home/tdc/img2build_pipeline/output/lego_style_dataset_v1/samples/chair_0127_s00_rotate_x,/home/tdc/img2build_pipeline/output/lego_style_dataset_v1/samples/chair_0127_s00_rotate_x/target_mesh.glb,True,83,1.0,0.0,0.3614457831325301,0.25544973114464675,0.06142780380496218,0.0,0,30,83,,True,True,True
image_compare,chair_0127,instantmesh,/home/tdc/img2build_pipeline/comparison_output/qualitative_pack_100cases_20260417/image_compare/chair_0127/summary.json,/home/tdc/img2build_pipeline/comparison_output/qualitative_pack_100cases_20260417/image_compare/chair_0127/instantmesh_mesh.obj,/home/tdc/img2build_pipeline/comparison_output/qualitative_pack_100cases_20260417/image_compare/chair_0127/instantmesh_structure.json,/home/tdc/img2build_pipeline/comparison_output/qualitative_pack_100cases_20260417/image_compare/chair_0127/instantmesh_diagnostics.json,/home/tdc/img2build_pipeline/output/lego_style_dataset_v1/samples/chair_0127_s00_rotate_x,/home/tdc/img2build_pipeline/output/lego_style_dataset_v1/samples/chair_0127_s00_rotate_x/target_mesh.glb,True,116,0.9137931034482759,0.05172413793103448,0.47413793103448276,0.26520133436941035,0.07598934310312187,0.017241379310344827,6,55,116,,True,True,True
image_compare,chair_0127,triposr,/home/tdc/img2build_pipeline/comparison_output/qualitative_pack_100cases_20260417/image_compare/chair_0127/summary.json,/home/tdc/img2build_pipeline/comparison_output/qualitative_pack_100cases_20260417/image_compare/chair_0127/triposr_mesh.glb,/home/tdc/img2build_pipeline/comparison_output/qualitative_pack_100cases_20260417/image_compare/chair_0127/triposr_structure.json,/home/tdc/img2build_pipeline/comparison_output/qualitative_pack_100cases_20260417/image_compare/chair_0127/triposr_diagnostics.json,/home/tdc/img2build_pipeline/output/lego_style_dataset_v1/samples/chair_0127_s00_rotate_x,/home/tdc/img2build_pipeline/output/lego_style_dataset_v1/samples/chair_0127_s00_rotate_x/target_mesh.glb,True,146,0.9315068493150684,0.0547945205479452,0.3356164383561644,0.2152751203392886,0.05533813206813044,0.0136986301369863,8,49,146,,True,True,True
image_compare,chair_0127,stable3dgen,/home/tdc/img2build_pipeline/comparison_output/qualitative_pack_100cases_20260417/image_compare/chair_0127/summary.json,/home/tdc/img2build_pipeline/comparison_output/qualitative_pack_100cases_20260417/image_compare/chair_0127/stable3dgen_mesh.glb,/home/tdc/img2build_pipeline/comparison_output/qualitative_pack_100cases_20260417/image_compare/chair_0127/stable3dgen_structure.json,/home/tdc/img2build_pipeline/comparison_output/qualitative_pack_100cases_20260417/image_compare/chair_0127/stable3dgen_diagnostics.json,/home/tdc/img2build_pipeline/output/lego_style_dataset_v1/samples/chair_0127_s00_rotate_x,/home/tdc/img2build_pipeline/output/lego_style_dataset_v1/samples/chair_0127_s00_rotate_x/target_mesh.glb,True,103,1.0,0.04854368932038835,0.3300970873786408,0.22724652594064354,0.06049523449557384,0.0,5,34,103,,True,True,True
image_compare,chair_0129,ours_full,/home/tdc/img2build_pipeline/comparison_output/qualitative_pack_100cases_20260417/image_compare/chair_0129/summary.json,/home/tdc/img2build_pipeline/comparison_output/qualitative_pack_100cases_20260417/image_compare/chair_0129/ours_full_mesh.glb,/home/tdc/img2build_pipeline/comparison_output/qualitative_pack_100cases_20260417/image_compare/chair_0129/ours_full_structure.json,/home/tdc/img2build_pipeline/comparison_output/qualitative_pack_100cases_20260417/image_compare/chair_0129/ours_full_diagnostics.json,/home/tdc/img2build_pipeline/output/lego_style_dataset_v1/samples/chair_0129_s00_rotate_x,/home/tdc/img2build_pipeline/output/lego_style_dataset_v1/samples/chair_0129_s00_rotate_x/target_mesh.glb,True,124,1.0,0.03225806451612903,0.28225806451612906,0.16935904893705123,0.029204542811483394,0.0,4,35,124,,True,True,True
image_compare,chair_0129,instantmesh,/home/tdc/img2build_pipeline/comparison_output/qualitative_pack_100cases_20260417/image_compare/chair_0129/summary.json,/home/tdc/img2build_pipeline/comparison_output/qualitative_pack_100cases_20260417/image_compare/chair_0129/instantmesh_mesh.obj,/home/tdc/img2build_pipeline/comparison_output/qualitative_pack_100cases_20260417/image_compare/chair_0129/instantmesh_structure.json,/home/tdc/img2build_pipeline/comparison_output/qualitative_pack_100cases_20260417/image_compare/chair_0129/instantmesh_diagnostics.json,/home/tdc/img2build_pipeline/output/lego_style_dataset_v1/samples/chair_0129_s00_rotate_x,/home/tdc/img2build_pipeline/output/lego_style_dataset_v1/samples/chair_0129_s00_rotate_x/target_mesh.glb,True,149,0.9798657718120806,0.06711409395973154,0.47651006711409394,0.18049382705537548,0.017268656288832594,0.020134228187919462,10,71,149,,True,True,True
image_compare,chair_0129,triposr,/home/tdc/img2build_pipeline/comparison_output/qualitative_pack_100cases_20260417/image_compare/chair_0129/summary.json,/home/tdc/img2build_pipeline/comparison_output/qualitative_pack_100cases_20260417/image_compare/chair_0129/triposr_mesh.glb,/home/tdc/img2build_pipeline/comparison_output/qualitative_pack_100cases_20260417/image_compare/chair_0129/triposr_structure.json,/home/tdc/img2build_pipeline/comparison_output/qualitative_pack_100cases_20260417/image_compare/chair_0129/triposr_diagnostics.json,/home/tdc/img2build_pipeline/output/lego_style_dataset_v1/samples/chair_0129_s00_rotate_x,/home/tdc/img2build_pipeline/output/lego_style_dataset_v1/samples/chair_0129_s00_rotate_x/target_mesh.glb,True,146,0.9931506849315068,0.04794520547945205,0.363013698630137,0.14603250139554905,0.0180930689493826,0.00684931506849315,7,53,146,,True,True,True
image_compare,chair_0129,stable3dgen,/home/tdc/img2build_pipeline/comparison_output/qualitative_pack_100cases_20260417/image_compare/chair_0129/summary.json,/home/tdc/img2build_pipeline/comparison_output/qualitative_pack_100cases_20260417/image_compare/chair_0129/stable3dgen_mesh.glb,/home/tdc/img2build_pipeline/comparison_output/qualitative_pack_100cases_20260417/image_compare/chair_0129/stable3dgen_structure.json,/home/tdc/img2build_pipeline/comparison_output/qualitative_pack_100cases_20260417/image_compare/chair_0129/stable3dgen_diagnostics.json,/home/tdc/img2build_pipeline/output/lego_style_dataset_v1/samples/chair_0129_s00_rotate_x,/home/tdc/img2build_pipeline/output/lego_style_dataset_v1/samples/chair_0129_s00_rotate_x/target_mesh.glb,True,115,1.0,0.034782608695652174,0.26956521739130435,0.1705729143849909,0.02629878962115424,0.0,4,31,115,,True,True,True
image_compare,chair_0133,ours_full,/home/tdc/img2build_pipeline/comparison_output/qualitative_pack_100cases_20260417/image_compare/chair_0133/summary.json,/home/tdc/img2build_pipeline/comparison_output/qualitative_pack_100cases_20260417/image_compare/chair_0133/ours_full_mesh.glb,/home/tdc/img2build_pipeline/comparison_output/qualitative_pack_100cases_20260417/image_compare/chair_0133/ours_full_structure.json,/home/tdc/img2build_pipeline/comparison_output/qualitative_pack_100cases_20260417/image_compare/chair_0133/ours_full_diagnostics.json,/home/tdc/img2build_pipeline/output/lego_style_dataset_v1/samples/chair_0133_s00_rotate_x,/home/tdc/img2build_pipeline/output/lego_style_dataset_v1/samples/chair_0133_s00_rotate_x/target_mesh.glb,True,80,0.8125,0.025,0.375,0.1702691436508452,0.031429543036141046,0.1875,2,30,80,,True,True,True
image_compare,chair_0133,instantmesh,/home/tdc/img2build_pipeline/comparison_output/qualitative_pack_100cases_20260417/image_compare/chair_0133/summary.json,/home/tdc/img2build_pipeline/comparison_output/qualitative_pack_100cases_20260417/image_compare/chair_0133/instantmesh_mesh.obj,/home/tdc/img2build_pipeline/comparison_output/qualitative_pack_100cases_20260417/image_compare/chair_0133/instantmesh_structure.json,/home/tdc/img2build_pipeline/comparison_output/qualitative_pack_100cases_20260417/image_compare/chair_0133/instantmesh_diagnostics.json,/home/tdc/img2build_pipeline/output/lego_style_dataset_v1/samples/chair_0133_s00_rotate_x,/home/tdc/img2build_pipeline/output/lego_style_dataset_v1/samples/chair_0133_s00_rotate_x/target_mesh.glb,True,119,0.6638655462184874,0.14285714285714285,0.5462184873949579,0.27420852808956087,0.028683916322287256,0.04201680672268908,17,65,119,,True,True,True
image_compare,chair_0133,triposr,/home/tdc/img2build_pipeline/comparison_output/qualitative_pack_100cases_20260417/image_compare/chair_0133/summary.json,/home/tdc/img2build_pipeline/comparison_output/qualitative_pack_100cases_20260417/image_compare/chair_0133/triposr_mesh.glb,/home/tdc/img2build_pipeline/comparison_output/qualitative_pack_100cases_20260417/image_compare/chair_0133/triposr_structure.json,/home/tdc/img2build_pipeline/comparison_output/qualitative_pack_100cases_20260417/image_compare/chair_0133/triposr_diagnostics.json,/home/tdc/img2build_pipeline/output/lego_style_dataset_v1/samples/chair_0133_s00_rotate_x,/home/tdc/img2build_pipeline/output/lego_style_dataset_v1/samples/chair_0133_s00_rotate_x/target_mesh.glb,True,141,0.75177304964539,0.11347517730496454,0.3333333333333333,0.20574184572141835,0.03544048870529812,0.05673758865248227,16,47,141,,True,True,True
image_compare,chair_0133,stable3dgen,/home/tdc/img2build_pipeline/comparison_output/qualitative_pack_100cases_20260417/image_compare/chair_0133/summary.json,/home/tdc/img2build_pipeline/comparison_output/qualitative_pack_100cases_20260417/image_compare/chair_0133/stable3dgen_mesh.glb,/home/tdc/img2build_pipeline/comparison_output/qualitative_pack_100cases_20260417/image_compare/chair_0133/stable3dgen_structure.json,/home/tdc/img2build_pipeline/comparison_output/qualitative_pack_100cases_20260417/image_compare/chair_0133/stable3dgen_diagnostics.json,/home/tdc/img2build_pipeline/output/lego_style_dataset_v1/samples/chair_0133_s00_rotate_x,/home/tdc/img2build_pipeline/output/lego_style_dataset_v1/samples/chair_0133_s00_rotate_x/target_mesh.glb,True,97,0.8969072164948454,0.061855670103092786,0.30927835051546393,0.17589856798521292,0.03266047613958771,0.10309278350515463,6,30,97,,True,True,True
image_compare,chair_0137,ours_full,/home/tdc/img2build_pipeline/comparison_output/qualitative_pack_100cases_20260417/image_compare/chair_0137/summary.json,/home/tdc/img2build_pipeline/comparison_output/qualitative_pack_100cases_20260417/image_compare/chair_0137/ours_full_mesh.glb,/home/tdc/img2build_pipeline/comparison_output/qualitative_pack_100cases_20260417/image_compare/chair_0137/ours_full_structure.json,/home/tdc/img2build_pipeline/comparison_output/qualitative_pack_100cases_20260417/image_compare/chair_0137/ours_full_diagnostics.json,/home/tdc/img2build_pipeline/output/lego_style_dataset_v1/samples/chair_0137_s00_rotate_x,/home/tdc/img2build_pipeline/output/lego_style_dataset_v1/samples/chair_0137_s00_rotate_x/target_mesh.glb,True,80,1.0,0.0,0.425,0.1792676693397619,0.027675720836792945,0.0,0,34,80,,True,True,True
image_compare,chair_0137,instantmesh,/home/tdc/img2build_pipeline/comparison_output/qualitative_pack_100cases_20260417/image_compare/chair_0137/summary.json,/home/tdc/img2build_pipeline/comparison_output/qualitative_pack_100cases_20260417/image_compare/chair_0137/instantmesh_mesh.obj,/home/tdc/img2build_pipeline/comparison_output/qualitative_pack_100cases_20260417/image_compare/chair_0137/instantmesh_structure.json,/home/tdc/img2build_pipeline/comparison_output/qualitative_pack_100cases_20260417/image_compare/chair_0137/instantmesh_diagnostics.json,/home/tdc/img2build_pipeline/output/lego_style_dataset_v1/samples/chair_0137_s00_rotate_x,/home/tdc/img2build_pipeline/output/lego_style_dataset_v1/samples/chair_0137_s00_rotate_x/target_mesh.glb,True,111,0.8108108108108109,0.17117117117117117,0.5045045045045045,0.15401726287764783,0.019281743562104877,0.0990990990990991,19,56,111,,True,True,True
image_compare,chair_0137,triposr,/home/tdc/img2build_pipeline/comparison_output/qualitative_pack_100cases_20260417/image_compare/chair_0137/summary.json,/home/tdc/img2build_pipeline/comparison_output/qualitative_pack_100cases_20260417/image_compare/chair_0137/triposr_mesh.glb,/home/tdc/img2build_pipeline/comparison_output/qualitative_pack_100cases_20260417/image_compare/chair_0137/triposr_structure.json,/home/tdc/img2build_pipeline/comparison_output/qualitative_pack_100cases_20260417/image_compare/chair_0137/triposr_diagnostics.json,/home/tdc/img2build_pipeline/output/lego_style_dataset_v1/samples/chair_0137_s00_rotate_x,/home/tdc/img2build_pipeline/output/lego_style_dataset_v1/samples/chair_0137_s00_rotate_x/target_mesh.glb,True,124,0.8548387096774194,0.12903225806451613,0.43548387096774194,0.2512119596141973,0.028190732796996347,0.06451612903225806,16,54,124,,True,True,True
image_compare,chair_0137,stable3dgen,/home/tdc/img2build_pipeline/comparison_output/qualitative_pack_100cases_20260417/image_compare/chair_0137/summary.json,/home/tdc/img2build_pipeline/comparison_output/qualitative_pack_100cases_20260417/image_compare/chair_0137/stable3dgen_mesh.glb,/home/tdc/img2build_pipeline/comparison_output/qualitative_pack_100cases_20260417/image_compare/chair_0137/stable3dgen_structure.json,/home/tdc/img2build_pipeline/comparison_output/qualitative_pack_100cases_20260417/image_compare/chair_0137/stable3dgen_diagnostics.json,/home/tdc/img2build_pipeline/output/lego_style_dataset_v1/samples/chair_0137_s00_rotate_x,/home/tdc/img2build_pipeline/output/lego_style_dataset_v1/samples/chair_0137_s00_rotate_x/target_mesh.glb,True,112,1.0,0.03571428571428571,0.3125,0.17086802841989324,0.02827911044505149,0.0,4,35,112,,True,True,True
image_compare,chair_0146,ours_full,/home/tdc/img2build_pipeline/comparison_output/qualitative_pack_100cases_20260417/image_compare/chair_0146/summary.json,/home/tdc/img2build_pipeline/comparison_output/qualitative_pack_100cases_20260417/image_compare/chair_0146/ours_full_mesh.glb,/home/tdc/img2build_pipeline/comparison_output/qualitative_pack_100cases_20260417/image_compare/chair_0146/ours_full_structure.json,/home/tdc/img2build_pipeline/comparison_output/qualitative_pack_100cases_20260417/image_compare/chair_0146/ours_full_diagnostics.json,/home/tdc/img2build_pipeline/output/lego_style_dataset_v1/samples/chair_0146_s00_rotate_x,/home/tdc/img2build_pipeline/output/lego_style_dataset_v1/samples/chair_0146_s00_rotate_x/target_mesh.glb,True,88,1.0,0.03409090909090909,0.3068181818181818,0.19661158948469126,0.03511243338473518,0.0,3,27,88,,True,True,True
image_compare,chair_0146,instantmesh,/home/tdc/img2build_pipeline/comparison_output/qualitative_pack_100cases_20260417/image_compare/chair_0146/summary.json,/home/tdc/img2build_pipeline/comparison_output/qualitative_pack_100cases_20260417/image_compare/chair_0146/instantmesh_mesh.obj,/home/tdc/img2build_pipeline/comparison_output/qualitative_pack_100cases_20260417/image_compare/chair_0146/instantmesh_structure.json,/home/tdc/img2build_pipeline/comparison_output/qualitative_pack_100cases_20260417/image_compare/chair_0146/instantmesh_diagnostics.json,/home/tdc/img2build_pipeline/output/lego_style_dataset_v1/samples/chair_0146_s00_rotate_x,/home/tdc/img2build_pipeline/output/lego_style_dataset_v1/samples/chair_0146_s00_rotate_x/target_mesh.glb,True,86,0.43023255813953487,0.26744186046511625,0.5581395348837209,0.12654284437535868,0.015393368545447142,0.19767441860465115,23,48,86,,True,True,True
image_compare,chair_0146,triposr,/home/tdc/img2build_pipeline/comparison_output/qualitative_pack_100cases_20260417/image_compare/chair_0146/summary.json,/home/tdc/img2build_pipeline/comparison_output/qualitative_pack_100cases_20260417/image_compare/chair_0146/triposr_mesh.glb,/home/tdc/img2build_pipeline/comparison_output/qualitative_pack_100cases_20260417/image_compare/chair_0146/triposr_structure.json,/home/tdc/img2build_pipeline/comparison_output/qualitative_pack_100cases_20260417/image_compare/chair_0146/triposr_diagnostics.json,/home/tdc/img2build_pipeline/output/lego_style_dataset_v1/samples/chair_0146_s00_rotate_x,/home/tdc/img2build_pipeline/output/lego_style_dataset_v1/samples/chair_0146_s00_rotate_x/target_mesh.glb,True,83,0.8554216867469879,0.24096385542168675,0.46987951807228917,0.25829185057234394,0.02734067394488693,0.14457831325301204,20,39,83,,True,True,True
image_compare,chair_0146,stable3dgen,/home/tdc/img2build_pipeline/comparison_output/qualitative_pack_100cases_20260417/image_compare/chair_0146/summary.json,/home/tdc/img2build_pipeline/comparison_output/qualitative_pack_100cases_20260417/image_compare/chair_0146/stable3dgen_mesh.glb,/home/tdc/img2build_pipeline/comparison_output/qualitative_pack_100cases_20260417/image_compare/chair_0146/stable3dgen_structure.json,/home/tdc/img2build_pipeline/comparison_output/qualitative_pack_100cases_20260417/image_compare/chair_0146/stable3dgen_diagnostics.json,/home/tdc/img2build_pipeline/output/lego_style_dataset_v1/samples/chair_0146_s00_rotate_x,/home/tdc/img2build_pipeline/output/lego_style_dataset_v1/samples/chair_0146_s00_rotate_x/target_mesh.glb,True,77,1.0,0.025974025974025976,0.45454545454545453,0.18576762533599933,0.0337940420542511,0.0,2,35,77,,True,True,True
image_compare,chair_0153,ours_full,/home/tdc/img2build_pipeline/comparison_output/qualitative_pack_100cases_20260417/image_compare/chair_0153/summary.json,/home/tdc/img2build_pipeline/comparison_output/qualitative_pack_100cases_20260417/image_compare/chair_0153/ours_full_mesh.glb,/home/tdc/img2build_pipeline/comparison_output/qualitative_pack_100cases_20260417/image_compare/chair_0153/ours_full_structure.json,/home/tdc/img2build_pipeline/comparison_output/qualitative_pack_100cases_20260417/image_compare/chair_0153/ours_full_diagnostics.json,/home/tdc/img2build_pipeline/output/lego_style_dataset_v1/samples/chair_0153_s00_rotate_x,/home/tdc/img2build_pipeline/output/lego_style_dataset_v1/samples/chair_0153_s00_rotate_x/target_mesh.glb,True,80,0.5625,0.0375,0.3625,0.1853332970342217,0.025080707311572734,0.0875,3,29,80,,True,True,True
image_compare,chair_0153,instantmesh,/home/tdc/img2build_pipeline/comparison_output/qualitative_pack_100cases_20260417/image_compare/chair_0153/summary.json,/home/tdc/img2build_pipeline/comparison_output/qualitative_pack_100cases_20260417/image_compare/chair_0153/instantmesh_mesh.obj,/home/tdc/img2build_pipeline/comparison_output/qualitative_pack_100cases_20260417/image_compare/chair_0153/instantmesh_structure.json,/home/tdc/img2build_pipeline/comparison_output/qualitative_pack_100cases_20260417/image_compare/chair_0153/instantmesh_diagnostics.json,/home/tdc/img2build_pipeline/output/lego_style_dataset_v1/samples/chair_0153_s00_rotate_x,/home/tdc/img2build_pipeline/output/lego_style_dataset_v1/samples/chair_0153_s00_rotate_x/target_mesh.glb,True,107,0.7102803738317757,0.2336448598130841,0.5420560747663551,0.1875776060918198,0.01952982147895715,0.1588785046728972,25,58,107,,True,True,True
image_compare,chair_0153,triposr,/home/tdc/img2build_pipeline/comparison_output/qualitative_pack_100cases_20260417/image_compare/chair_0153/summary.json,/home/tdc/img2build_pipeline/comparison_output/qualitative_pack_100cases_20260417/image_compare/chair_0153/triposr_mesh.glb,/home/tdc/img2build_pipeline/comparison_output/qualitative_pack_100cases_20260417/image_compare/chair_0153/triposr_structure.json,/home/tdc/img2build_pipeline/comparison_output/qualitative_pack_100cases_20260417/image_compare/chair_0153/triposr_diagnostics.json,/home/tdc/img2build_pipeline/output/lego_style_dataset_v1/samples/chair_0153_s00_rotate_x,/home/tdc/img2build_pipeline/output/lego_style_dataset_v1/samples/chair_0153_s00_rotate_x/target_mesh.glb,True,123,0.7804878048780488,0.08943089430894309,0.3902439024390244,0.18647831372351864,0.0295591991191825,0.04065040650406504,11,48,123,,True,True,True
image_compare,chair_0153,stable3dgen,/home/tdc/img2build_pipeline/comparison_output/qualitative_pack_100cases_20260417/image_compare/chair_0153/summary.json,/home/tdc/img2build_pipeline/comparison_output/qualitative_pack_100cases_20260417/image_compare/chair_0153/stable3dgen_mesh.glb,/home/tdc/img2build_pipeline/comparison_output/qualitative_pack_100cases_20260417/image_compare/chair_0153/stable3dgen_structure.json,/home/tdc/img2build_pipeline/comparison_output/qualitative_pack_100cases_20260417/image_compare/chair_0153/stable3dgen_diagnostics.json,/home/tdc/img2build_pipeline/output/lego_style_dataset_v1/samples/chair_0153_s00_rotate_x,/home/tdc/img2build_pipeline/output/lego_style_dataset_v1/samples/chair_0153_s00_rotate_x/target_mesh.glb,True,90,0.9111111111111111,0.022222222222222223,0.34444444444444444,0.1578785080157954,0.025537911464838744,0.08888888888888889,2,31,90,,True,True,True
image_compare,chair_0154,ours_full,/home/tdc/img2build_pipeline/comparison_output/qualitative_pack_100cases_20260417/image_compare/chair_0154/summary.json,/home/tdc/img2build_pipeline/comparison_output/qualitative_pack_100cases_20260417/image_compare/chair_0154/ours_full_mesh.glb,/home/tdc/img2build_pipeline/comparison_output/qualitative_pack_100cases_20260417/image_compare/chair_0154/ours_full_structure.json,/home/tdc/img2build_pipeline/comparison_output/qualitative_pack_100cases_20260417/image_compare/chair_0154/ours_full_diagnostics.json,/home/tdc/img2build_pipeline/output/lego_style_dataset_v1/samples/chair_0154_s00_rotate_x,/home/tdc/img2build_pipeline/output/lego_style_dataset_v1/samples/chair_0154_s00_rotate_x/target_mesh.glb,True,183,0.9344262295081968,0.01092896174863388,0.21311475409836064,0.16028512217702282,0.01695683217847315,0.06557377049180328,2,39,183,,True,True,True
image_compare,chair_0154,instantmesh,/home/tdc/img2build_pipeline/comparison_output/qualitative_pack_100cases_20260417/image_compare/chair_0154/summary.json,/home/tdc/img2build_pipeline/comparison_output/qualitative_pack_100cases_20260417/image_compare/chair_0154/instantmesh_mesh.obj,/home/tdc/img2build_pipeline/comparison_output/qualitative_pack_100cases_20260417/image_compare/chair_0154/instantmesh_structure.json,/home/tdc/img2build_pipeline/comparison_output/qualitative_pack_100cases_20260417/image_compare/chair_0154/instantmesh_diagnostics.json,/home/tdc/img2build_pipeline/output/lego_style_dataset_v1/samples/chair_0154_s00_rotate_x,/home/tdc/img2build_pipeline/output/lego_style_dataset_v1/samples/chair_0154_s00_rotate_x/target_mesh.glb,True,210,0.8285714285714286,0.13333333333333333,0.2857142857142857,0.1362835317357605,0.01025049183802668,0.0761904761904762,28,60,210,,True,True,True
image_compare,chair_0154,triposr,/home/tdc/img2build_pipeline/comparison_output/qualitative_pack_100cases_20260417/image_compare/chair_0154/summary.json,/home/tdc/img2build_pipeline/comparison_output/qualitative_pack_100cases_20260417/image_compare/chair_0154/triposr_mesh.glb,/home/tdc/img2build_pipeline/comparison_output/qualitative_pack_100cases_20260417/image_compare/chair_0154/triposr_structure.json,/home/tdc/img2build_pipeline/comparison_output/qualitative_pack_100cases_20260417/image_compare/chair_0154/triposr_diagnostics.json,/home/tdc/img2build_pipeline/output/lego_style_dataset_v1/samples/chair_0154_s00_rotate_x,/home/tdc/img2build_pipeline/output/lego_style_dataset_v1/samples/chair_0154_s00_rotate_x/target_mesh.glb,True,162,0.9197530864197531,0.05555555555555555,0.16666666666666666,0.24767153605780307,0.02385773357273964,0.006172839506172839,9,27,162,,True,True,True
image_compare,chair_0154,stable3dgen,/home/tdc/img2build_pipeline/comparison_output/qualitative_pack_100cases_20260417/image_compare/chair_0154/summary.json,/home/tdc/img2build_pipeline/comparison_output/qualitative_pack_100cases_20260417/image_compare/chair_0154/stable3dgen_mesh.glb,/home/tdc/img2build_pipeline/comparison_output/qualitative_pack_100cases_20260417/image_compare/chair_0154/stable3dgen_structure.json,/home/tdc/img2build_pipeline/comparison_output/qualitative_pack_100cases_20260417/image_compare/chair_0154/stable3dgen_diagnostics.json,/home/tdc/img2build_pipeline/output/lego_style_dataset_v1/samples/chair_0154_s00_rotate_x,/home/tdc/img2build_pipeline/output/lego_style_dataset_v1/samples/chair_0154_s00_rotate_x/target_mesh.glb,True,197,0.9390862944162437,0.01015228426395939,0.17766497461928935,0.17984438602709724,0.015448697097106459,0.06091370558375635,2,35,197,,True,True,True
image_compare,chair_0157,ours_full,/home/tdc/img2build_pipeline/comparison_output/qualitative_pack_100cases_20260417/image_compare/chair_0157/summary.json,/home/tdc/img2build_pipeline/comparison_output/qualitative_pack_100cases_20260417/image_compare/chair_0157/ours_full_mesh.glb,/home/tdc/img2build_pipeline/comparison_output/qualitative_pack_100cases_20260417/image_compare/chair_0157/ours_full_structure.json,/home/tdc/img2build_pipeline/comparison_output/qualitative_pack_100cases_20260417/image_compare/chair_0157/ours_full_diagnostics.json,/home/tdc/img2build_pipeline/output/lego_style_dataset_v1/samples/chair_0157_s00_rotate_x,/home/tdc/img2build_pipeline/output/lego_style_dataset_v1/samples/chair_0157_s00_rotate_x/target_mesh.glb,True,79,1.0,0.0,0.4050632911392405,0.2945574979371906,0.07166501975740078,0.0,0,32,79,,True,True,True
image_compare,chair_0157,instantmesh,/home/tdc/img2build_pipeline/comparison_output/qualitative_pack_100cases_20260417/image_compare/chair_0157/summary.json,/home/tdc/img2build_pipeline/comparison_output/qualitative_pack_100cases_20260417/image_compare/chair_0157/instantmesh_mesh.obj,/home/tdc/img2build_pipeline/comparison_output/qualitative_pack_100cases_20260417/image_compare/chair_0157/instantmesh_structure.json,/home/tdc/img2build_pipeline/comparison_output/qualitative_pack_100cases_20260417/image_compare/chair_0157/instantmesh_diagnostics.json,/home/tdc/img2build_pipeline/output/lego_style_dataset_v1/samples/chair_0157_s00_rotate_x,/home/tdc/img2build_pipeline/output/lego_style_dataset_v1/samples/chair_0157_s00_rotate_x/target_mesh.glb,True,111,0.6936936936936937,0.17117117117117117,0.5405405405405406,0.2953004718776254,0.07024790755453135,0.0990990990990991,19,60,111,,True,True,True
image_compare,chair_0157,triposr,/home/tdc/img2build_pipeline/comparison_output/qualitative_pack_100cases_20260417/image_compare/chair_0157/summary.json,/home/tdc/img2build_pipeline/comparison_output/qualitative_pack_100cases_20260417/image_compare/chair_0157/triposr_mesh.glb,/home/tdc/img2build_pipeline/comparison_output/qualitative_pack_100cases_20260417/image_compare/chair_0157/triposr_structure.json,/home/tdc/img2build_pipeline/comparison_output/qualitative_pack_100cases_20260417/image_compare/chair_0157/triposr_diagnostics.json,/home/tdc/img2build_pipeline/output/lego_style_dataset_v1/samples/chair_0157_s00_rotate_x,/home/tdc/img2build_pipeline/output/lego_style_dataset_v1/samples/chair_0157_s00_rotate_x/target_mesh.glb,True,120,0.8166666666666667,0.175,0.4166666666666667,0.2414221616840272,0.0597863451540134,0.08333333333333333,21,50,120,,True,True,True
image_compare,chair_0157,stable3dgen,/home/tdc/img2build_pipeline/comparison_output/qualitative_pack_100cases_20260417/image_compare/chair_0157/summary.json,/home/tdc/img2build_pipeline/comparison_output/qualitative_pack_100cases_20260417/image_compare/chair_0157/stable3dgen_mesh.glb,/home/tdc/img2build_pipeline/comparison_output/qualitative_pack_100cases_20260417/image_compare/chair_0157/stable3dgen_structure.json,/home/tdc/img2build_pipeline/comparison_output/qualitative_pack_100cases_20260417/image_compare/chair_0157/stable3dgen_diagnostics.json,/home/tdc/img2build_pipeline/output/lego_style_dataset_v1/samples/chair_0157_s00_rotate_x,/home/tdc/img2build_pipeline/output/lego_style_dataset_v1/samples/chair_0157_s00_rotate_x/target_mesh.glb,True,103,1.0,0.019417475728155338,0.3300970873786408,0.269495455582055,0.06416161368615107,0.0,2,34,103,,True,True,True
image_compare,chair_0158,ours_full,/home/tdc/img2build_pipeline/comparison_output/qualitative_pack_100cases_20260417/image_compare/chair_0158/summary.json,/home/tdc/img2build_pipeline/comparison_output/qualitative_pack_100cases_20260417/image_compare/chair_0158/ours_full_mesh.glb,/home/tdc/img2build_pipeline/comparison_output/qualitative_pack_100cases_20260417/image_compare/chair_0158/ours_full_structure.json,/home/tdc/img2build_pipeline/comparison_output/qualitative_pack_100cases_20260417/image_compare/chair_0158/ours_full_diagnostics.json,/home/tdc/img2build_pipeline/output/lego_style_dataset_v1/samples/chair_0158_s00_rotate_x,/home/tdc/img2build_pipeline/output/lego_style_dataset_v1/samples/chair_0158_s00_rotate_x/target_mesh.glb,True,79,1.0,0.012658227848101266,0.4050632911392405,0.17407130976957422,0.027349111472688308,0.0,1,32,79,,True,True,True
image_compare,chair_0158,instantmesh,/home/tdc/img2build_pipeline/comparison_output/qualitative_pack_100cases_20260417/image_compare/chair_0158/summary.json,/home/tdc/img2build_pipeline/comparison_output/qualitative_pack_100cases_20260417/image_compare/chair_0158/instantmesh_mesh.obj,/home/tdc/img2build_pipeline/comparison_output/qualitative_pack_100cases_20260417/image_compare/chair_0158/instantmesh_structure.json,/home/tdc/img2build_pipeline/comparison_output/qualitative_pack_100cases_20260417/image_compare/chair_0158/instantmesh_diagnostics.json,/home/tdc/img2build_pipeline/output/lego_style_dataset_v1/samples/chair_0158_s00_rotate_x,/home/tdc/img2build_pipeline/output/lego_style_dataset_v1/samples/chair_0158_s00_rotate_x/target_mesh.glb,True,121,0.7272727272727273,0.11570247933884298,0.47107438016528924,0.15179235947577818,0.017733468793148254,0.03305785123966942,14,57,121,,True,True,True
image_compare,chair_0158,triposr,/home/tdc/img2build_pipeline/comparison_output/qualitative_pack_100cases_20260417/image_compare/chair_0158/summary.json,/home/tdc/img2build_pipeline/comparison_output/qualitative_pack_100cases_20260417/image_compare/chair_0158/triposr_mesh.glb,/home/tdc/img2build_pipeline/comparison_output/qualitative_pack_100cases_20260417/image_compare/chair_0158/triposr_structure.json,/home/tdc/img2build_pipeline/comparison_output/qualitative_pack_100cases_20260417/image_compare/chair_0158/triposr_diagnostics.json,/home/tdc/img2build_pipeline/output/lego_style_dataset_v1/samples/chair_0158_s00_rotate_x,/home/tdc/img2build_pipeline/output/lego_style_dataset_v1/samples/chair_0158_s00_rotate_x/target_mesh.glb,True,129,0.875968992248062,0.12403100775193798,0.40310077519379844,0.27829220621265116,0.030084543889814547,0.07751937984496124,16,52,129,,True,True,True
image_compare,chair_0158,stable3dgen,/home/tdc/img2build_pipeline/comparison_output/qualitative_pack_100cases_20260417/image_compare/chair_0158/summary.json,/home/tdc/img2build_pipeline/comparison_output/qualitative_pack_100cases_20260417/image_compare/chair_0158/stable3dgen_mesh.glb,/home/tdc/img2build_pipeline/comparison_output/qualitative_pack_100cases_20260417/image_compare/chair_0158/stable3dgen_structure.json,/home/tdc/img2build_pipeline/comparison_output/qualitative_pack_100cases_20260417/image_compare/chair_0158/stable3dgen_diagnostics.json,/home/tdc/img2build_pipeline/output/lego_style_dataset_v1/samples/chair_0158_s00_rotate_x,/home/tdc/img2build_pipeline/output/lego_style_dataset_v1/samples/chair_0158_s00_rotate_x/target_mesh.glb,True,84,1.0,0.011904761904761904,0.44047619047619047,0.16521518739753657,0.026696847490074102,0.0,1,37,84,,True,True,True
image_compare,chest_of_drawers_0004,ours_full,/home/tdc/img2build_pipeline/comparison_output/qualitative_pack_100cases_20260417/image_compare/chest_of_drawers_0004/summary.json,/home/tdc/img2build_pipeline/comparison_output/qualitative_pack_100cases_20260417/image_compare/chest_of_drawers_0004/ours_full_mesh.glb,/home/tdc/img2build_pipeline/comparison_output/qualitative_pack_100cases_20260417/image_compare/chest_of_drawers_0004/ours_full_structure.json,/home/tdc/img2build_pipeline/comparison_output/qualitative_pack_100cases_20260417/image_compare/chest_of_drawers_0004/ours_full_diagnostics.json,/home/tdc/img2build_pipeline/output/lego_style_dataset_v1/samples/chest_of_drawers_0004_s00_rotate_x,/home/tdc/img2build_pipeline/output/lego_style_dataset_v1/samples/chest_of_drawers_0004_s00_rotate_x/target_mesh.glb,True,356,1.0,0.0,0.028089887640449437,0.268298159189291,0.04420835454759138,0.0,0,10,356,,True,True,True
image_compare,chest_of_drawers_0004,instantmesh,/home/tdc/img2build_pipeline/comparison_output/qualitative_pack_100cases_20260417/image_compare/chest_of_drawers_0004/summary.json,/home/tdc/img2build_pipeline/comparison_output/qualitative_pack_100cases_20260417/image_compare/chest_of_drawers_0004/instantmesh_mesh.obj,/home/tdc/img2build_pipeline/comparison_output/qualitative_pack_100cases_20260417/image_compare/chest_of_drawers_0004/instantmesh_structure.json,/home/tdc/img2build_pipeline/comparison_output/qualitative_pack_100cases_20260417/image_compare/chest_of_drawers_0004/instantmesh_diagnostics.json,/home/tdc/img2build_pipeline/output/lego_style_dataset_v1/samples/chest_of_drawers_0004_s00_rotate_x,/home/tdc/img2build_pipeline/output/lego_style_dataset_v1/samples/chest_of_drawers_0004_s00_rotate_x/target_mesh.glb,True,353,1.0,0.019830028328611898,0.13031161473087818,0.24336887498179333,0.035961063682432896,0.0,7,46,353,,True,True,True
image_compare,chest_of_drawers_0004,triposr,/home/tdc/img2build_pipeline/comparison_output/qualitative_pack_100cases_20260417/image_compare/chest_of_drawers_0004/summary.json,/home/tdc/img2build_pipeline/comparison_output/qualitative_pack_100cases_20260417/image_compare/chest_of_drawers_0004/triposr_mesh.glb,/home/tdc/img2build_pipeline/comparison_output/qualitative_pack_100cases_20260417/image_compare/chest_of_drawers_0004/triposr_structure.json,/home/tdc/img2build_pipeline/comparison_output/qualitative_pack_100cases_20260417/image_compare/chest_of_drawers_0004/triposr_diagnostics.json,/home/tdc/img2build_pipeline/output/lego_style_dataset_v1/samples/chest_of_drawers_0004_s00_rotate_x,/home/tdc/img2build_pipeline/output/lego_style_dataset_v1/samples/chest_of_drawers_0004_s00_rotate_x/target_mesh.glb,True,457,1.0,0.002188183807439825,0.08315098468271334,0.20013485037107837,0.02970837893323768,0.0,1,38,457,,True,True,True
image_compare,chest_of_drawers_0004,stable3dgen,/home/tdc/img2build_pipeline/comparison_output/qualitative_pack_100cases_20260417/image_compare/chest_of_drawers_0004/summary.json,/home/tdc/img2build_pipeline/comparison_output/qualitative_pack_100cases_20260417/image_compare/chest_of_drawers_0004/stable3dgen_mesh.glb,/home/tdc/img2build_pipeline/comparison_output/qualitative_pack_100cases_20260417/image_compare/chest_of_drawers_0004/stable3dgen_structure.json,/home/tdc/img2build_pipeline/comparison_output/qualitative_pack_100cases_20260417/image_compare/chest_of_drawers_0004/stable3dgen_diagnostics.json,/home/tdc/img2build_pipeline/output/lego_style_dataset_v1/samples/chest_of_drawers_0004_s00_rotate_x,/home/tdc/img2build_pipeline/output/lego_style_dataset_v1/samples/chest_of_drawers_0004_s00_rotate_x/target_mesh.glb,True,267,1.0,0.0,0.033707865168539325,0.2585416066694891,0.06074296543771283,0.0,0,9,267,,True,True,True
image_compare,chest_of_drawers_0010,ours_full,/home/tdc/img2build_pipeline/comparison_output/qualitative_pack_100cases_20260417/image_compare/chest_of_drawers_0010/summary.json,/home/tdc/img2build_pipeline/comparison_output/qualitative_pack_100cases_20260417/image_compare/chest_of_drawers_0010/ours_full_mesh.glb,/home/tdc/img2build_pipeline/comparison_output/qualitative_pack_100cases_20260417/image_compare/chest_of_drawers_0010/ours_full_structure.json,/home/tdc/img2build_pipeline/comparison_output/qualitative_pack_100cases_20260417/image_compare/chest_of_drawers_0010/ours_full_diagnostics.json,/home/tdc/img2build_pipeline/output/lego_style_dataset_v1/samples/chest_of_drawers_0010_s00_rotate_x,/home/tdc/img2build_pipeline/output/lego_style_dataset_v1/samples/chest_of_drawers_0010_s00_rotate_x/target_mesh.glb,True,228,1.0,0.0,0.06140350877192982,0.14445367549738355,0.00918990135913747,0.0,0,14,228,,True,True,True
image_compare,chest_of_drawers_0010,instantmesh,/home/tdc/img2build_pipeline/comparison_output/qualitative_pack_100cases_20260417/image_compare/chest_of_drawers_0010/summary.json,/home/tdc/img2build_pipeline/comparison_output/qualitative_pack_100cases_20260417/image_compare/chest_of_drawers_0010/instantmesh_mesh.obj,/home/tdc/img2build_pipeline/comparison_output/qualitative_pack_100cases_20260417/image_compare/chest_of_drawers_0010/instantmesh_structure.json,/home/tdc/img2build_pipeline/comparison_output/qualitative_pack_100cases_20260417/image_compare/chest_of_drawers_0010/instantmesh_diagnostics.json,/home/tdc/img2build_pipeline/output/lego_style_dataset_v1/samples/chest_of_drawers_0010_s00_rotate_x,/home/tdc/img2build_pipeline/output/lego_style_dataset_v1/samples/chest_of_drawers_0010_s00_rotate_x/target_mesh.glb,True,415,1.0,0.007228915662650603,0.0963855421686747,0.12613647157195437,0.008359911398762084,0.0,3,40,415,,True,True,True
image_compare,chest_of_drawers_0010,triposr,/home/tdc/img2build_pipeline/comparison_output/qualitative_pack_100cases_20260417/image_compare/chest_of_drawers_0010/summary.json,/home/tdc/img2build_pipeline/comparison_output/qualitative_pack_100cases_20260417/image_compare/chest_of_drawers_0010/triposr_mesh.glb,/home/tdc/img2build_pipeline/comparison_output/qualitative_pack_100cases_20260417/image_compare/chest_of_drawers_0010/triposr_structure.json,/home/tdc/img2build_pipeline/comparison_output/qualitative_pack_100cases_20260417/image_compare/chest_of_drawers_0010/triposr_diagnostics.json,/home/tdc/img2build_pipeline/output/lego_style_dataset_v1/samples/chest_of_drawers_0010_s00_rotate_x,/home/tdc/img2build_pipeline/output/lego_style_dataset_v1/samples/chest_of_drawers_0010_s00_rotate_x/target_mesh.glb,True,671,1.0,0.004470938897168405,0.08792846497764531,0.14325032786269748,0.009520312466590002,0.0,3,59,671,,True,True,True
image_compare,chest_of_drawers_0017,ours_full,/home/tdc/img2build_pipeline/comparison_output/qualitative_pack_100cases_20260417/image_compare/chest_of_drawers_0017/summary.json,/home/tdc/img2build_pipeline/comparison_output/qualitative_pack_100cases_20260417/image_compare/chest_of_drawers_0017/ours_full_mesh.glb,/home/tdc/img2build_pipeline/comparison_output/qualitative_pack_100cases_20260417/image_compare/chest_of_drawers_0017/ours_full_structure.json,/home/tdc/img2build_pipeline/comparison_output/qualitative_pack_100cases_20260417/image_compare/chest_of_drawers_0017/ours_full_diagnostics.json,/home/tdc/img2build_pipeline/output/lego_style_dataset_v1/samples/chest_of_drawers_0017_s00_rotate_x,/home/tdc/img2build_pipeline/output/lego_style_dataset_v1/samples/chest_of_drawers_0017_s00_rotate_x/target_mesh.glb,True,187,0.9893048128342246,0.0106951871657754,0.0374331550802139,0.18234283326447498,0.020295883952971647,0.0106951871657754,2,7,187,,True,True,True
image_compare,chest_of_drawers_0017,instantmesh,/home/tdc/img2build_pipeline/comparison_output/qualitative_pack_100cases_20260417/image_compare/chest_of_drawers_0017/summary.json,/home/tdc/img2build_pipeline/comparison_output/qualitative_pack_100cases_20260417/image_compare/chest_of_drawers_0017/instantmesh_mesh.obj,/home/tdc/img2build_pipeline/comparison_output/qualitative_pack_100cases_20260417/image_compare/chest_of_drawers_0017/instantmesh_structure.json,/home/tdc/img2build_pipeline/comparison_output/qualitative_pack_100cases_20260417/image_compare/chest_of_drawers_0017/instantmesh_diagnostics.json,/home/tdc/img2build_pipeline/output/lego_style_dataset_v1/samples/chest_of_drawers_0017_s00_rotate_x,/home/tdc/img2build_pipeline/output/lego_style_dataset_v1/samples/chest_of_drawers_0017_s00_rotate_x/target_mesh.glb,True,361,1.0,0.002770083102493075,0.15789473684210525,0.15172799635056353,0.009047433672708787,0.0,1,57,361,,True,True,True
image_compare,chest_of_drawers_0017,triposr,/home/tdc/img2build_pipeline/comparison_output/qualitative_pack_100cases_20260417/image_compare/chest_of_drawers_0017/summary.json,/home/tdc/img2build_pipeline/comparison_output/qualitative_pack_100cases_20260417/image_compare/chest_of_drawers_0017/triposr_mesh.glb,/home/tdc/img2build_pipeline/comparison_output/qualitative_pack_100cases_20260417/image_compare/chest_of_drawers_0017/triposr_structure.json,/home/tdc/img2build_pipeline/comparison_output/qualitative_pack_100cases_20260417/image_compare/chest_of_drawers_0017/triposr_diagnostics.json,/home/tdc/img2build_pipeline/output/lego_style_dataset_v1/samples/chest_of_drawers_0017_s00_rotate_x,/home/tdc/img2build_pipeline/output/lego_style_dataset_v1/samples/chest_of_drawers_0017_s00_rotate_x/target_mesh.glb,True,270,1.0,0.025925925925925925,0.1037037037037037,0.125811226463379,0.012205995701717457,0.0,7,28,270,,True,True,True
image_compare,chest_of_drawers_0017,stable3dgen,/home/tdc/img2build_pipeline/comparison_output/qualitative_pack_100cases_20260417/image_compare/chest_of_drawers_0017/summary.json,/home/tdc/img2build_pipeline/comparison_output/qualitative_pack_100cases_20260417/image_compare/chest_of_drawers_0017/stable3dgen_mesh.glb,/home/tdc/img2build_pipeline/comparison_output/qualitative_pack_100cases_20260417/image_compare/chest_of_drawers_0017/stable3dgen_structure.json,/home/tdc/img2build_pipeline/comparison_output/qualitative_pack_100cases_20260417/image_compare/chest_of_drawers_0017/stable3dgen_diagnostics.json,/home/tdc/img2build_pipeline/output/lego_style_dataset_v1/samples/chest_of_drawers_0017_s00_rotate_x,/home/tdc/img2build_pipeline/output/lego_style_dataset_v1/samples/chest_of_drawers_0017_s00_rotate_x/target_mesh.glb,True,124,1.0,0.0,0.06451612903225806,0.20737959047775156,0.03155235554132139,0.0,0,8,124,,True,True,True
image_compare,chest_of_drawers_0020,ours_full,/home/tdc/img2build_pipeline/comparison_output/qualitative_pack_100cases_20260417/image_compare/chest_of_drawers_0020/summary.json,/home/tdc/img2build_pipeline/comparison_output/qualitative_pack_100cases_20260417/image_compare/chest_of_drawers_0020/ours_full_mesh.glb,/home/tdc/img2build_pipeline/comparison_output/qualitative_pack_100cases_20260417/image_compare/chest_of_drawers_0020/ours_full_structure.json,/home/tdc/img2build_pipeline/comparison_output/qualitative_pack_100cases_20260417/image_compare/chest_of_drawers_0020/ours_full_diagnostics.json,/home/tdc/img2build_pipeline/output/lego_style_dataset_v1/samples/chest_of_drawers_0020_s00_rotate_x,/home/tdc/img2build_pipeline/output/lego_style_dataset_v1/samples/chest_of_drawers_0020_s00_rotate_x/target_mesh.glb,True,231,1.0,0.0,0.06493506493506493,0.1323509173402974,0.010090301822588701,0.0,0,15,231,,True,True,True
image_compare,chest_of_drawers_0020,instantmesh,/home/tdc/img2build_pipeline/comparison_output/qualitative_pack_100cases_20260417/image_compare/chest_of_drawers_0020/summary.json,/home/tdc/img2build_pipeline/comparison_output/qualitative_pack_100cases_20260417/image_compare/chest_of_drawers_0020/instantmesh_mesh.obj,/home/tdc/img2build_pipeline/comparison_output/qualitative_pack_100cases_20260417/image_compare/chest_of_drawers_0020/instantmesh_structure.json,/home/tdc/img2build_pipeline/comparison_output/qualitative_pack_100cases_20260417/image_compare/chest_of_drawers_0020/instantmesh_diagnostics.json,/home/tdc/img2build_pipeline/output/lego_style_dataset_v1/samples/chest_of_drawers_0020_s00_rotate_x,/home/tdc/img2build_pipeline/output/lego_style_dataset_v1/samples/chest_of_drawers_0020_s00_rotate_x/target_mesh.glb,True,408,1.0,0.004901960784313725,0.0784313725490196,0.14184265406992583,0.01294360025728319,0.0,2,32,408,,True,True,True
image_compare,chest_of_drawers_0020,triposr,/home/tdc/img2build_pipeline/comparison_output/qualitative_pack_100cases_20260417/image_compare/chest_of_drawers_0020/summary.json,/home/tdc/img2build_pipeline/comparison_output/qualitative_pack_100cases_20260417/image_compare/chest_of_drawers_0020/triposr_mesh.glb,/home/tdc/img2build_pipeline/comparison_output/qualitative_pack_100cases_20260417/image_compare/chest_of_drawers_0020/triposr_structure.json,/home/tdc/img2build_pipeline/comparison_output/qualitative_pack_100cases_20260417/image_compare/chest_of_drawers_0020/triposr_diagnostics.json,/home/tdc/img2build_pipeline/output/lego_style_dataset_v1/samples/chest_of_drawers_0020_s00_rotate_x,/home/tdc/img2build_pipeline/output/lego_style_dataset_v1/samples/chest_of_drawers_0020_s00_rotate_x/target_mesh.glb,True,385,1.0,0.0,0.06233766233766234,0.14220095542984162,0.006013742860624514,0.0,0,24,385,,True,True,True
image_compare,chest_of_drawers_0020,stable3dgen,/home/tdc/img2build_pipeline/comparison_output/qualitative_pack_100cases_20260417/image_compare/chest_of_drawers_0020/summary.json,/home/tdc/img2build_pipeline/comparison_output/qualitative_pack_100cases_20260417/image_compare/chest_of_drawers_0020/stable3dgen_mesh.glb,/home/tdc/img2build_pipeline/comparison_output/qualitative_pack_100cases_20260417/image_compare/chest_of_drawers_0020/stable3dgen_structure.json,/home/tdc/img2build_pipeline/comparison_output/qualitative_pack_100cases_20260417/image_compare/chest_of_drawers_0020/stable3dgen_diagnostics.json,/home/tdc/img2build_pipeline/output/lego_style_dataset_v1/samples/chest_of_drawers_0020_s00_rotate_x,/home/tdc/img2build_pipeline/output/lego_style_dataset_v1/samples/chest_of_drawers_0020_s00_rotate_x/target_mesh.glb,True,336,1.0,0.0,0.0625,0.16429643877192412,0.010451354120755499,0.0,0,21,336,,True,True,True
image_compare,chest_of_drawers_0025,ours_full,/home/tdc/img2build_pipeline/comparison_output/qualitative_pack_100cases_20260417/image_compare/chest_of_drawers_0025/summary.json,/home/tdc/img2build_pipeline/comparison_output/qualitative_pack_100cases_20260417/image_compare/chest_of_drawers_0025/ours_full_mesh.glb,/home/tdc/img2build_pipeline/comparison_output/qualitative_pack_100cases_20260417/image_compare/chest_of_drawers_0025/ours_full_structure.json,/home/tdc/img2build_pipeline/comparison_output/qualitative_pack_100cases_20260417/image_compare/chest_of_drawers_0025/ours_full_diagnostics.json,/home/tdc/img2build_pipeline/output/lego_style_dataset_v1/samples/chest_of_drawers_0025_s00_rotate_x,/home/tdc/img2build_pipeline/output/lego_style_dataset_v1/samples/chest_of_drawers_0025_s00_rotate_x/target_mesh.glb,True,288,1.0,0.0,0.0625,0.17996059535368208,0.019955621529356333,0.0,0,18,288,,True,True,True
image_compare,chest_of_drawers_0025,instantmesh,/home/tdc/img2build_pipeline/comparison_output/qualitative_pack_100cases_20260417/image_compare/chest_of_drawers_0025/summary.json,/home/tdc/img2build_pipeline/comparison_output/qualitative_pack_100cases_20260417/image_compare/chest_of_drawers_0025/instantmesh_mesh.obj,/home/tdc/img2build_pipeline/comparison_output/qualitative_pack_100cases_20260417/image_compare/chest_of_drawers_0025/instantmesh_structure.json,/home/tdc/img2build_pipeline/comparison_output/qualitative_pack_100cases_20260417/image_compare/chest_of_drawers_0025/instantmesh_diagnostics.json,/home/tdc/img2build_pipeline/output/lego_style_dataset_v1/samples/chest_of_drawers_0025_s00_rotate_x,/home/tdc/img2build_pipeline/output/lego_style_dataset_v1/samples/chest_of_drawers_0025_s00_rotate_x/target_mesh.glb,True,375,1.0,0.0,0.05333333333333334,0.18013735738407313,0.018715719416327145,0.0,0,20,375,,True,True,True
image_compare,chest_of_drawers_0025,triposr,/home/tdc/img2build_pipeline/comparison_output/qualitative_pack_100cases_20260417/image_compare/chest_of_drawers_0025/summary.json,/home/tdc/img2build_pipeline/comparison_output/qualitative_pack_100cases_20260417/image_compare/chest_of_drawers_0025/triposr_mesh.glb,/home/tdc/img2build_pipeline/comparison_output/qualitative_pack_100cases_20260417/image_compare/chest_of_drawers_0025/triposr_structure.json,/home/tdc/img2build_pipeline/comparison_output/qualitative_pack_100cases_20260417/image_compare/chest_of_drawers_0025/triposr_diagnostics.json,/home/tdc/img2build_pipeline/output/lego_style_dataset_v1/samples/chest_of_drawers_0025_s00_rotate_x,/home/tdc/img2build_pipeline/output/lego_style_dataset_v1/samples/chest_of_drawers_0025_s00_rotate_x/target_mesh.glb,True,532,1.0,0.0018796992481203006,0.08082706766917293,0.20389451936449515,0.02593183052121507,0.0,1,43,532,,True,True,True
image_compare,chest_of_drawers_0026,ours_full,/home/tdc/img2build_pipeline/comparison_output/qualitative_pack_100cases_20260417/image_compare/chest_of_drawers_0026/summary.json,/home/tdc/img2build_pipeline/comparison_output/qualitative_pack_100cases_20260417/image_compare/chest_of_drawers_0026/ours_full_mesh.glb,/home/tdc/img2build_pipeline/comparison_output/qualitative_pack_100cases_20260417/image_compare/chest_of_drawers_0026/ours_full_structure.json,/home/tdc/img2build_pipeline/comparison_output/qualitative_pack_100cases_20260417/image_compare/chest_of_drawers_0026/ours_full_diagnostics.json,/home/tdc/img2build_pipeline/output/lego_style_dataset_v1/samples/chest_of_drawers_0026_s00_rotate_x,/home/tdc/img2build_pipeline/output/lego_style_dataset_v1/samples/chest_of_drawers_0026_s00_rotate_x/target_mesh.glb,True,240,1.0,0.0,0.0625,0.21041152032867294,0.024698301191710147,0.0,0,15,240,,True,True,True
image_compare,chest_of_drawers_0026,instantmesh,/home/tdc/img2build_pipeline/comparison_output/qualitative_pack_100cases_20260417/image_compare/chest_of_drawers_0026/summary.json,/home/tdc/img2build_pipeline/comparison_output/qualitative_pack_100cases_20260417/image_compare/chest_of_drawers_0026/instantmesh_mesh.obj,/home/tdc/img2build_pipeline/comparison_output/qualitative_pack_100cases_20260417/image_compare/chest_of_drawers_0026/instantmesh_structure.json,/home/tdc/img2build_pipeline/comparison_output/qualitative_pack_100cases_20260417/image_compare/chest_of_drawers_0026/instantmesh_diagnostics.json,/home/tdc/img2build_pipeline/output/lego_style_dataset_v1/samples/chest_of_drawers_0026_s00_rotate_x,/home/tdc/img2build_pipeline/output/lego_style_dataset_v1/samples/chest_of_drawers_0026_s00_rotate_x/target_mesh.glb,True,312,1.0,0.0,0.060897435897435896,0.20552813634467043,0.023679892921748883,0.0,0,19,312,,True,True,True
image_compare,chest_of_drawers_0026,triposr,/home/tdc/img2build_pipeline/comparison_output/qualitative_pack_100cases_20260417/image_compare/chest_of_drawers_0026/summary.json,/home/tdc/img2build_pipeline/comparison_output/qualitative_pack_100cases_20260417/image_compare/chest_of_drawers_0026/triposr_mesh.glb,/home/tdc/img2build_pipeline/comparison_output/qualitative_pack_100cases_20260417/image_compare/chest_of_drawers_0026/triposr_structure.json,/home/tdc/img2build_pipeline/comparison_output/qualitative_pack_100cases_20260417/image_compare/chest_of_drawers_0026/triposr_diagnostics.json,/home/tdc/img2build_pipeline/output/lego_style_dataset_v1/samples/chest_of_drawers_0026_s00_rotate_x,/home/tdc/img2build_pipeline/output/lego_style_dataset_v1/samples/chest_of_drawers_0026_s00_rotate_x/target_mesh.glb,True,516,1.0,0.013565891472868217,0.06201550387596899,0.21716420837113315,0.022736698720799083,0.0,7,32,516,,True,True,True
image_compare,chest_of_drawers_0026,stable3dgen,/home/tdc/img2build_pipeline/comparison_output/qualitative_pack_100cases_20260417/image_compare/chest_of_drawers_0026/summary.json,/home/tdc/img2build_pipeline/comparison_output/qualitative_pack_100cases_20260417/image_compare/chest_of_drawers_0026/stable3dgen_mesh.glb,/home/tdc/img2build_pipeline/comparison_output/qualitative_pack_100cases_20260417/image_compare/chest_of_drawers_0026/stable3dgen_structure.json,/home/tdc/img2build_pipeline/comparison_output/qualitative_pack_100cases_20260417/image_compare/chest_of_drawers_0026/stable3dgen_diagnostics.json,/home/tdc/img2build_pipeline/output/lego_style_dataset_v1/samples/chest_of_drawers_0026_s00_rotate_x,/home/tdc/img2build_pipeline/output/lego_style_dataset_v1/samples/chest_of_drawers_0026_s00_rotate_x/target_mesh.glb,True,224,0.9821428571428571,0.017857142857142856,0.08035714285714286,0.2889212018380679,0.05032217546017867,0.017857142857142856,4,18,224,,True,True,True
image_compare,chest_of_drawers_0030,ours_full,/home/tdc/img2build_pipeline/comparison_output/qualitative_pack_100cases_20260417/image_compare/chest_of_drawers_0030/summary.json,/home/tdc/img2build_pipeline/comparison_output/qualitative_pack_100cases_20260417/image_compare/chest_of_drawers_0030/ours_full_mesh.glb,/home/tdc/img2build_pipeline/comparison_output/qualitative_pack_100cases_20260417/image_compare/chest_of_drawers_0030/ours_full_structure.json,/home/tdc/img2build_pipeline/comparison_output/qualitative_pack_100cases_20260417/image_compare/chest_of_drawers_0030/ours_full_diagnostics.json,/home/tdc/img2build_pipeline/output/lego_style_dataset_v1/samples/chest_of_drawers_0030_s00_rotate_x,/home/tdc/img2build_pipeline/output/lego_style_dataset_v1/samples/chest_of_drawers_0030_s00_rotate_x/target_mesh.glb,True,239,1.0,0.0,0.0041841004184100415,0.1925080290433499,0.023907168145774968,0.0,0,1,239,,True,True,True
image_compare,chest_of_drawers_0030,instantmesh,/home/tdc/img2build_pipeline/comparison_output/qualitative_pack_100cases_20260417/image_compare/chest_of_drawers_0030/summary.json,/home/tdc/img2build_pipeline/comparison_output/qualitative_pack_100cases_20260417/image_compare/chest_of_drawers_0030/instantmesh_mesh.obj,/home/tdc/img2build_pipeline/comparison_output/qualitative_pack_100cases_20260417/image_compare/chest_of_drawers_0030/instantmesh_structure.json,/home/tdc/img2build_pipeline/comparison_output/qualitative_pack_100cases_20260417/image_compare/chest_of_drawers_0030/instantmesh_diagnostics.json,/home/tdc/img2build_pipeline/output/lego_style_dataset_v1/samples/chest_of_drawers_0030_s00_rotate_x,/home/tdc/img2build_pipeline/output/lego_style_dataset_v1/samples/chest_of_drawers_0030_s00_rotate_x/target_mesh.glb,True,353,1.0,0.0,0.14730878186968838,0.21813237832991839,0.02797855958898911,0.0,0,52,353,,True,True,True
image_compare,chest_of_drawers_0030,triposr,/home/tdc/img2build_pipeline/comparison_output/qualitative_pack_100cases_20260417/image_compare/chest_of_drawers_0030/summary.json,/home/tdc/img2build_pipeline/comparison_output/qualitative_pack_100cases_20260417/image_compare/chest_of_drawers_0030/triposr_mesh.glb,/home/tdc/img2build_pipeline/comparison_output/qualitative_pack_100cases_20260417/image_compare/chest_of_drawers_0030/triposr_structure.json,/home/tdc/img2build_pipeline/comparison_output/qualitative_pack_100cases_20260417/image_compare/chest_of_drawers_0030/triposr_diagnostics.json,/home/tdc/img2build_pipeline/output/lego_style_dataset_v1/samples/chest_of_drawers_0030_s00_rotate_x,/home/tdc/img2build_pipeline/output/lego_style_dataset_v1/samples/chest_of_drawers_0030_s00_rotate_x/target_mesh.glb,True,491,1.0,0.002036659877800407,0.028513238289205704,0.2167315949663386,0.03132046022186615,0.0,1,14,491,,True,True,True
image_compare,chest_of_drawers_0033,ours_full,/home/tdc/img2build_pipeline/comparison_output/qualitative_pack_100cases_20260417/image_compare/chest_of_drawers_0033/summary.json,/home/tdc/img2build_pipeline/comparison_output/qualitative_pack_100cases_20260417/image_compare/chest_of_drawers_0033/ours_full_mesh.glb,/home/tdc/img2build_pipeline/comparison_output/qualitative_pack_100cases_20260417/image_compare/chest_of_drawers_0033/ours_full_structure.json,/home/tdc/img2build_pipeline/comparison_output/qualitative_pack_100cases_20260417/image_compare/chest_of_drawers_0033/ours_full_diagnostics.json,/home/tdc/img2build_pipeline/output/lego_style_dataset_v1/samples/chest_of_drawers_0033_s00_rotate_x,/home/tdc/img2build_pipeline/output/lego_style_dataset_v1/samples/chest_of_drawers_0033_s00_rotate_x/target_mesh.glb,True,234,1.0,0.0,0.07264957264957266,0.13548485596648907,0.00902316537386048,0.0,0,17,234,,True,True,True
image_compare,chest_of_drawers_0033,instantmesh,/home/tdc/img2build_pipeline/comparison_output/qualitative_pack_100cases_20260417/image_compare/chest_of_drawers_0033/summary.json,/home/tdc/img2build_pipeline/comparison_output/qualitative_pack_100cases_20260417/image_compare/chest_of_drawers_0033/instantmesh_mesh.obj,/home/tdc/img2build_pipeline/comparison_output/qualitative_pack_100cases_20260417/image_compare/chest_of_drawers_0033/instantmesh_structure.json,/home/tdc/img2build_pipeline/comparison_output/qualitative_pack_100cases_20260417/image_compare/chest_of_drawers_0033/instantmesh_diagnostics.json,/home/tdc/img2build_pipeline/output/lego_style_dataset_v1/samples/chest_of_drawers_0033_s00_rotate_x,/home/tdc/img2build_pipeline/output/lego_style_dataset_v1/samples/chest_of_drawers_0033_s00_rotate_x/target_mesh.glb,True,362,1.0,0.016574585635359115,0.12154696132596685,0.15162309948147967,0.009515648511261288,0.0,6,44,362,,True,True,True
image_compare,chest_of_drawers_0033,triposr,/home/tdc/img2build_pipeline/comparison_output/qualitative_pack_100cases_20260417/image_compare/chest_of_drawers_0033/summary.json,/home/tdc/img2build_pipeline/comparison_output/qualitative_pack_100cases_20260417/image_compare/chest_of_drawers_0033/triposr_mesh.glb,/home/tdc/img2build_pipeline/comparison_output/qualitative_pack_100cases_20260417/image_compare/chest_of_drawers_0033/triposr_structure.json,/home/tdc/img2build_pipeline/comparison_output/qualitative_pack_100cases_20260417/image_compare/chest_of_drawers_0033/triposr_diagnostics.json,/home/tdc/img2build_pipeline/output/lego_style_dataset_v1/samples/chest_of_drawers_0033_s00_rotate_x,/home/tdc/img2build_pipeline/output/lego_style_dataset_v1/samples/chest_of_drawers_0033_s00_rotate_x/target_mesh.glb,True,480,1.0,0.0020833333333333333,0.07291666666666667,0.1530868230707986,0.007866625991336572,0.0,1,35,480,,True,True,True
image_compare,chest_of_drawers_0033,stable3dgen,/home/tdc/img2build_pipeline/comparison_output/qualitative_pack_100cases_20260417/image_compare/chest_of_drawers_0033/summary.json,/home/tdc/img2build_pipeline/comparison_output/qualitative_pack_100cases_20260417/image_compare/chest_of_drawers_0033/stable3dgen_mesh.glb,/home/tdc/img2build_pipeline/comparison_output/qualitative_pack_100cases_20260417/image_compare/chest_of_drawers_0033/stable3dgen_structure.json,/home/tdc/img2build_pipeline/comparison_output/qualitative_pack_100cases_20260417/image_compare/chest_of_drawers_0033/stable3dgen_diagnostics.json,/home/tdc/img2build_pipeline/output/lego_style_dataset_v1/samples/chest_of_drawers_0033_s00_rotate_x,/home/tdc/img2build_pipeline/output/lego_style_dataset_v1/samples/chest_of_drawers_0033_s00_rotate_x/target_mesh.glb,True,363,1.0,0.0,0.04132231404958678,0.1439096569203392,0.012485606546308302,0.0,0,15,363,,True,True,True
image_compare,chest_of_drawers_0034,ours_full,/home/tdc/img2build_pipeline/comparison_output/qualitative_pack_100cases_20260417/image_compare/chest_of_drawers_0034/summary.json,/home/tdc/img2build_pipeline/comparison_output/qualitative_pack_100cases_20260417/image_compare/chest_of_drawers_0034/ours_full_mesh.glb,/home/tdc/img2build_pipeline/comparison_output/qualitative_pack_100cases_20260417/image_compare/chest_of_drawers_0034/ours_full_structure.json,/home/tdc/img2build_pipeline/comparison_output/qualitative_pack_100cases_20260417/image_compare/chest_of_drawers_0034/ours_full_diagnostics.json,/home/tdc/img2build_pipeline/output/lego_style_dataset_v1/samples/chest_of_drawers_0034_s00_rotate_x,/home/tdc/img2build_pipeline/output/lego_style_dataset_v1/samples/chest_of_drawers_0034_s00_rotate_x/target_mesh.glb,True,192,1.0,0.0,0.0625,0.21337021020482733,0.038274719633880114,0.0,0,12,192,,True,True,True
image_compare,chest_of_drawers_0034,instantmesh,/home/tdc/img2build_pipeline/comparison_output/qualitative_pack_100cases_20260417/image_compare/chest_of_drawers_0034/summary.json,/home/tdc/img2build_pipeline/comparison_output/qualitative_pack_100cases_20260417/image_compare/chest_of_drawers_0034/instantmesh_mesh.obj,/home/tdc/img2build_pipeline/comparison_output/qualitative_pack_100cases_20260417/image_compare/chest_of_drawers_0034/instantmesh_structure.json,/home/tdc/img2build_pipeline/comparison_output/qualitative_pack_100cases_20260417/image_compare/chest_of_drawers_0034/instantmesh_diagnostics.json,/home/tdc/img2build_pipeline/output/lego_style_dataset_v1/samples/chest_of_drawers_0034_s00_rotate_x,/home/tdc/img2build_pipeline/output/lego_style_dataset_v1/samples/chest_of_drawers_0034_s00_rotate_x/target_mesh.glb,True,422,1.0,0.0,0.04265402843601896,0.19505947069896376,0.03617058801032282,0.0,0,18,422,,True,True,True
image_compare,chest_of_drawers_0034,triposr,/home/tdc/img2build_pipeline/comparison_output/qualitative_pack_100cases_20260417/image_compare/chest_of_drawers_0034/summary.json,/home/tdc/img2build_pipeline/comparison_output/qualitative_pack_100cases_20260417/image_compare/chest_of_drawers_0034/triposr_mesh.glb,/home/tdc/img2build_pipeline/comparison_output/qualitative_pack_100cases_20260417/image_compare/chest_of_drawers_0034/triposr_structure.json,/home/tdc/img2build_pipeline/comparison_output/qualitative_pack_100cases_20260417/image_compare/chest_of_drawers_0034/triposr_diagnostics.json,/home/tdc/img2build_pipeline/output/lego_style_dataset_v1/samples/chest_of_drawers_0034_s00_rotate_x,/home/tdc/img2build_pipeline/output/lego_style_dataset_v1/samples/chest_of_drawers_0034_s00_rotate_x/target_mesh.glb,True,404,1.0,0.0049504950495049506,0.09900990099009901,0.18225597685104916,0.02033216414824201,0.0,2,40,404,,True,True,True
image_compare,chest_of_drawers_0034,stable3dgen,/home/tdc/img2build_pipeline/comparison_output/qualitative_pack_100cases_20260417/image_compare/chest_of_drawers_0034/summary.json,/home/tdc/img2build_pipeline/comparison_output/qualitative_pack_100cases_20260417/image_compare/chest_of_drawers_0034/stable3dgen_mesh.glb,/home/tdc/img2build_pipeline/comparison_output/qualitative_pack_100cases_20260417/image_compare/chest_of_drawers_0034/stable3dgen_structure.json,/home/tdc/img2build_pipeline/comparison_output/qualitative_pack_100cases_20260417/image_compare/chest_of_drawers_0034/stable3dgen_diagnostics.json,/home/tdc/img2build_pipeline/output/lego_style_dataset_v1/samples/chest_of_drawers_0034_s00_rotate_x,/home/tdc/img2build_pipeline/output/lego_style_dataset_v1/samples/chest_of_drawers_0034_s00_rotate_x/target_mesh.glb,True,192,1.0,0.0,0.0625,0.23175921002850025,0.053032851871064275,0.0,0,12,192,,True,True,True
image_compare,chest_of_drawers_0039,ours_full,/home/tdc/img2build_pipeline/comparison_output/qualitative_pack_100cases_20260417/image_compare/chest_of_drawers_0039/summary.json,/home/tdc/img2build_pipeline/comparison_output/qualitative_pack_100cases_20260417/image_compare/chest_of_drawers_0039/ours_full_mesh.glb,/home/tdc/img2build_pipeline/comparison_output/qualitative_pack_100cases_20260417/image_compare/chest_of_drawers_0039/ours_full_structure.json,/home/tdc/img2build_pipeline/comparison_output/qualitative_pack_100cases_20260417/image_compare/chest_of_drawers_0039/ours_full_diagnostics.json,/home/tdc/img2build_pipeline/output/lego_style_dataset_v1/samples/chest_of_drawers_0039_s00_rotate_x,/home/tdc/img2build_pipeline/output/lego_style_dataset_v1/samples/chest_of_drawers_0039_s00_rotate_x/target_mesh.glb,True,238,1.0,0.0,0.046218487394957986,0.1800244223264202,0.013842130626778847,0.0,0,11,238,,True,True,True
image_compare,chest_of_drawers_0039,instantmesh,/home/tdc/img2build_pipeline/comparison_output/qualitative_pack_100cases_20260417/image_compare/chest_of_drawers_0039/summary.json,/home/tdc/img2build_pipeline/comparison_output/qualitative_pack_100cases_20260417/image_compare/chest_of_drawers_0039/instantmesh_mesh.obj,/home/tdc/img2build_pipeline/comparison_output/qualitative_pack_100cases_20260417/image_compare/chest_of_drawers_0039/instantmesh_structure.json,/home/tdc/img2build_pipeline/comparison_output/qualitative_pack_100cases_20260417/image_compare/chest_of_drawers_0039/instantmesh_diagnostics.json,/home/tdc/img2build_pipeline/output/lego_style_dataset_v1/samples/chest_of_drawers_0039_s00_rotate_x,/home/tdc/img2build_pipeline/output/lego_style_dataset_v1/samples/chest_of_drawers_0039_s00_rotate_x/target_mesh.glb,True,445,1.0,0.017977528089887642,0.12808988764044943,0.2070773649122728,0.024761059440262738,0.0,8,57,445,,True,True,True
image_compare,chest_of_drawers_0039,triposr,/home/tdc/img2build_pipeline/comparison_output/qualitative_pack_100cases_20260417/image_compare/chest_of_drawers_0039/summary.json,/home/tdc/img2build_pipeline/comparison_output/qualitative_pack_100cases_20260417/image_compare/chest_of_drawers_0039/triposr_mesh.glb,/home/tdc/img2build_pipeline/comparison_output/qualitative_pack_100cases_20260417/image_compare/chest_of_drawers_0039/triposr_structure.json,/home/tdc/img2build_pipeline/comparison_output/qualitative_pack_100cases_20260417/image_compare/chest_of_drawers_0039/triposr_diagnostics.json,/home/tdc/img2build_pipeline/output/lego_style_dataset_v1/samples/chest_of_drawers_0039_s00_rotate_x,/home/tdc/img2build_pipeline/output/lego_style_dataset_v1/samples/chest_of_drawers_0039_s00_rotate_x/target_mesh.glb,True,394,1.0,0.0025380710659898475,0.07614213197969544,0.2099796611037148,0.030648135339924436,0.0,1,30,394,,True,True,True
image_compare,chest_of_drawers_0039,stable3dgen,/home/tdc/img2build_pipeline/comparison_output/qualitative_pack_100cases_20260417/image_compare/chest_of_drawers_0039/summary.json,/home/tdc/img2build_pipeline/comparison_output/qualitative_pack_100cases_20260417/image_compare/chest_of_drawers_0039/stable3dgen_mesh.glb,/home/tdc/img2build_pipeline/comparison_output/qualitative_pack_100cases_20260417/image_compare/chest_of_drawers_0039/stable3dgen_structure.json,/home/tdc/img2build_pipeline/comparison_output/qualitative_pack_100cases_20260417/image_compare/chest_of_drawers_0039/stable3dgen_diagnostics.json,/home/tdc/img2build_pipeline/output/lego_style_dataset_v1/samples/chest_of_drawers_0039_s00_rotate_x,/home/tdc/img2build_pipeline/output/lego_style_dataset_v1/samples/chest_of_drawers_0039_s00_rotate_x/target_mesh.glb,True,248,1.0,0.0,0.09274193548387097,0.19013464560736335,0.01997678971396873,0.0,0,23,248,,True,True,True
image_compare,chest_of_drawers_0041,ours_full,/home/tdc/img2build_pipeline/comparison_output/qualitative_pack_100cases_20260417/image_compare/chest_of_drawers_0041/summary.json,/home/tdc/img2build_pipeline/comparison_output/qualitative_pack_100cases_20260417/image_compare/chest_of_drawers_0041/ours_full_mesh.glb,/home/tdc/img2build_pipeline/comparison_output/qualitative_pack_100cases_20260417/image_compare/chest_of_drawers_0041/ours_full_structure.json,/home/tdc/img2build_pipeline/comparison_output/qualitative_pack_100cases_20260417/image_compare/chest_of_drawers_0041/ours_full_diagnostics.json,/home/tdc/img2build_pipeline/output/lego_style_dataset_v1/samples/chest_of_drawers_0041_s00_rotate_x,/home/tdc/img2build_pipeline/output/lego_style_dataset_v1/samples/chest_of_drawers_0041_s00_rotate_x/target_mesh.glb,True,96,1.0,0.0,0.0625,0.2478756757323592,0.0552024225444256,0.0,0,6,96,,True,True,True
image_compare,chest_of_drawers_0041,instantmesh,/home/tdc/img2build_pipeline/comparison_output/qualitative_pack_100cases_20260417/image_compare/chest_of_drawers_0041/summary.json,/home/tdc/img2build_pipeline/comparison_output/qualitative_pack_100cases_20260417/image_compare/chest_of_drawers_0041/instantmesh_mesh.obj,/home/tdc/img2build_pipeline/comparison_output/qualitative_pack_100cases_20260417/image_compare/chest_of_drawers_0041/instantmesh_structure.json,/home/tdc/img2build_pipeline/comparison_output/qualitative_pack_100cases_20260417/image_compare/chest_of_drawers_0041/instantmesh_diagnostics.json,/home/tdc/img2build_pipeline/output/lego_style_dataset_v1/samples/chest_of_drawers_0041_s00_rotate_x,/home/tdc/img2build_pipeline/output/lego_style_dataset_v1/samples/chest_of_drawers_0041_s00_rotate_x/target_mesh.glb,True,374,1.0,0.00267379679144385,0.12566844919786097,0.16244435230276016,0.029641161087470513,0.0,1,47,374,,True,True,True
image_compare,chest_of_drawers_0041,triposr,/home/tdc/img2build_pipeline/comparison_output/qualitative_pack_100cases_20260417/image_compare/chest_of_drawers_0041/summary.json,/home/tdc/img2build_pipeline/comparison_output/qualitative_pack_100cases_20260417/image_compare/chest_of_drawers_0041/triposr_mesh.glb,/home/tdc/img2build_pipeline/comparison_output/qualitative_pack_100cases_20260417/image_compare/chest_of_drawers_0041/triposr_structure.json,/home/tdc/img2build_pipeline/comparison_output/qualitative_pack_100cases_20260417/image_compare/chest_of_drawers_0041/triposr_diagnostics.json,/home/tdc/img2build_pipeline/output/lego_style_dataset_v1/samples/chest_of_drawers_0041_s00_rotate_x,/home/tdc/img2build_pipeline/output/lego_style_dataset_v1/samples/chest_of_drawers_0041_s00_rotate_x/target_mesh.glb,True,329,1.0,0.00303951367781155,0.1094224924012158,0.12854766256332517,0.016176031426182937,0.0,1,36,329,,True,True,True
image_compare,chest_of_drawers_0041,stable3dgen,/home/tdc/img2build_pipeline/comparison_output/qualitative_pack_100cases_20260417/image_compare/chest_of_drawers_0041/summary.json,/home/tdc/img2build_pipeline/comparison_output/qualitative_pack_100cases_20260417/image_compare/chest_of_drawers_0041/stable3dgen_mesh.glb,/home/tdc/img2build_pipeline/comparison_output/qualitative_pack_100cases_20260417/image_compare/chest_of_drawers_0041/stable3dgen_structure.json,/home/tdc/img2build_pipeline/comparison_output/qualitative_pack_100cases_20260417/image_compare/chest_of_drawers_0041/stable3dgen_diagnostics.json,/home/tdc/img2build_pipeline/output/lego_style_dataset_v1/samples/chest_of_drawers_0041_s00_rotate_x,/home/tdc/img2build_pipeline/output/lego_style_dataset_v1/samples/chest_of_drawers_0041_s00_rotate_x/target_mesh.glb,True,104,1.0,0.0,0.057692307692307696,0.2625328579585927,0.07782017302318608,0.0,0,6,104,,True,True,True
image_compare,chest_of_drawers_0042,ours_full,/home/tdc/img2build_pipeline/comparison_output/qualitative_pack_100cases_20260417/image_compare/chest_of_drawers_0042/summary.json,/home/tdc/img2build_pipeline/comparison_output/qualitative_pack_100cases_20260417/image_compare/chest_of_drawers_0042/ours_full_mesh.glb,/home/tdc/img2build_pipeline/comparison_output/qualitative_pack_100cases_20260417/image_compare/chest_of_drawers_0042/ours_full_structure.json,/home/tdc/img2build_pipeline/comparison_output/qualitative_pack_100cases_20260417/image_compare/chest_of_drawers_0042/ours_full_diagnostics.json,/home/tdc/img2build_pipeline/output/lego_style_dataset_v1/samples/chest_of_drawers_0042_s00_rotate_x,/home/tdc/img2build_pipeline/output/lego_style_dataset_v1/samples/chest_of_drawers_0042_s00_rotate_x/target_mesh.glb,True,352,1.0,0.0,0.048295454545454544,0.1590050532324332,0.012913669379309763,0.0,0,17,352,,True,True,True
image_compare,chest_of_drawers_0042,instantmesh,/home/tdc/img2build_pipeline/comparison_output/qualitative_pack_100cases_20260417/image_compare/chest_of_drawers_0042/summary.json,/home/tdc/img2build_pipeline/comparison_output/qualitative_pack_100cases_20260417/image_compare/chest_of_drawers_0042/instantmesh_mesh.obj,/home/tdc/img2build_pipeline/comparison_output/qualitative_pack_100cases_20260417/image_compare/chest_of_drawers_0042/instantmesh_structure.json,/home/tdc/img2build_pipeline/comparison_output/qualitative_pack_100cases_20260417/image_compare/chest_of_drawers_0042/instantmesh_diagnostics.json,/home/tdc/img2build_pipeline/output/lego_style_dataset_v1/samples/chest_of_drawers_0042_s00_rotate_x,/home/tdc/img2build_pipeline/output/lego_style_dataset_v1/samples/chest_of_drawers_0042_s00_rotate_x/target_mesh.glb,True,441,1.0,0.0,0.05668934240362812,0.13479702167544927,0.008275791661094978,0.0,0,25,441,,True,True,True
image_compare,chest_of_drawers_0042,triposr,/home/tdc/img2build_pipeline/comparison_output/qualitative_pack_100cases_20260417/image_compare/chest_of_drawers_0042/summary.json,/home/tdc/img2build_pipeline/comparison_output/qualitative_pack_100cases_20260417/image_compare/chest_of_drawers_0042/triposr_mesh.glb,/home/tdc/img2build_pipeline/comparison_output/qualitative_pack_100cases_20260417/image_compare/chest_of_drawers_0042/triposr_structure.json,/home/tdc/img2build_pipeline/comparison_output/qualitative_pack_100cases_20260417/image_compare/chest_of_drawers_0042/triposr_diagnostics.json,/home/tdc/img2build_pipeline/output/lego_style_dataset_v1/samples/chest_of_drawers_0042_s00_rotate_x,/home/tdc/img2build_pipeline/output/lego_style_dataset_v1/samples/chest_of_drawers_0042_s00_rotate_x/target_mesh.glb,True,497,1.0,0.006036217303822937,0.08048289738430583,0.14970455834826235,0.014134223989660447,0.0,3,40,497,,True,True,True
image_compare,chest_of_drawers_0042,stable3dgen,/home/tdc/img2build_pipeline/comparison_output/qualitative_pack_100cases_20260417/image_compare/chest_of_drawers_0042/summary.json,/home/tdc/img2build_pipeline/comparison_output/qualitative_pack_100cases_20260417/image_compare/chest_of_drawers_0042/stable3dgen_mesh.glb,/home/tdc/img2build_pipeline/comparison_output/qualitative_pack_100cases_20260417/image_compare/chest_of_drawers_0042/stable3dgen_structure.json,/home/tdc/img2build_pipeline/comparison_output/qualitative_pack_100cases_20260417/image_compare/chest_of_drawers_0042/stable3dgen_diagnostics.json,/home/tdc/img2build_pipeline/output/lego_style_dataset_v1/samples/chest_of_drawers_0042_s00_rotate_x,/home/tdc/img2build_pipeline/output/lego_style_dataset_v1/samples/chest_of_drawers_0042_s00_rotate_x/target_mesh.glb,True,220,1.0,0.0,0.10909090909090909,0.14602514315695797,0.011756974931255899,0.0,0,24,220,,True,True,True
image_compare,chest_of_drawers_0045,ours_full,/home/tdc/img2build_pipeline/comparison_output/qualitative_pack_100cases_20260417/image_compare/chest_of_drawers_0045/summary.json,/home/tdc/img2build_pipeline/comparison_output/qualitative_pack_100cases_20260417/image_compare/chest_of_drawers_0045/ours_full_mesh.glb,/home/tdc/img2build_pipeline/comparison_output/qualitative_pack_100cases_20260417/image_compare/chest_of_drawers_0045/ours_full_structure.json,/home/tdc/img2build_pipeline/comparison_output/qualitative_pack_100cases_20260417/image_compare/chest_of_drawers_0045/ours_full_diagnostics.json,/home/tdc/img2build_pipeline/output/lego_style_dataset_v1/samples/chest_of_drawers_0045_s00_rotate_x,/home/tdc/img2build_pipeline/output/lego_style_dataset_v1/samples/chest_of_drawers_0045_s00_rotate_x/target_mesh.glb,True,288,1.0,0.0,0.0625,0.20310465147293277,0.021234004556664705,0.0,0,18,288,,True,True,True
image_compare,chest_of_drawers_0045,instantmesh,/home/tdc/img2build_pipeline/comparison_output/qualitative_pack_100cases_20260417/image_compare/chest_of_drawers_0045/summary.json,/home/tdc/img2build_pipeline/comparison_output/qualitative_pack_100cases_20260417/image_compare/chest_of_drawers_0045/instantmesh_mesh.obj,/home/tdc/img2build_pipeline/comparison_output/qualitative_pack_100cases_20260417/image_compare/chest_of_drawers_0045/instantmesh_structure.json,/home/tdc/img2build_pipeline/comparison_output/qualitative_pack_100cases_20260417/image_compare/chest_of_drawers_0045/instantmesh_diagnostics.json,/home/tdc/img2build_pipeline/output/lego_style_dataset_v1/samples/chest_of_drawers_0045_s00_rotate_x,/home/tdc/img2build_pipeline/output/lego_style_dataset_v1/samples/chest_of_drawers_0045_s00_rotate_x/target_mesh.glb,True,410,1.0,0.0024390243902439024,0.041463414634146344,0.20641214353521325,0.02632911050240394,0.0,1,17,410,,True,True,True
image_compare,chest_of_drawers_0045,triposr,/home/tdc/img2build_pipeline/comparison_output/qualitative_pack_100cases_20260417/image_compare/chest_of_drawers_0045/summary.json,/home/tdc/img2build_pipeline/comparison_output/qualitative_pack_100cases_20260417/image_compare/chest_of_drawers_0045/triposr_mesh.glb,/home/tdc/img2build_pipeline/comparison_output/qualitative_pack_100cases_20260417/image_compare/chest_of_drawers_0045/triposr_structure.json,/home/tdc/img2build_pipeline/comparison_output/qualitative_pack_100cases_20260417/image_compare/chest_of_drawers_0045/triposr_diagnostics.json,/home/tdc/img2build_pipeline/output/lego_style_dataset_v1/samples/chest_of_drawers_0045_s00_rotate_x,/home/tdc/img2build_pipeline/output/lego_style_dataset_v1/samples/chest_of_drawers_0045_s00_rotate_x/target_mesh.glb,True,572,1.0,0.0034965034965034965,0.08566433566433566,0.23081758107946593,0.03475097897649523,0.0,2,49,572,,True,True,True
image_compare,chest_of_drawers_0056,ours_full,/home/tdc/img2build_pipeline/comparison_output/qualitative_pack_100cases_20260417/image_compare/chest_of_drawers_0056/summary.json,/home/tdc/img2build_pipeline/comparison_output/qualitative_pack_100cases_20260417/image_compare/chest_of_drawers_0056/ours_full_mesh.glb,/home/tdc/img2build_pipeline/comparison_output/qualitative_pack_100cases_20260417/image_compare/chest_of_drawers_0056/ours_full_structure.json,/home/tdc/img2build_pipeline/comparison_output/qualitative_pack_100cases_20260417/image_compare/chest_of_drawers_0056/ours_full_diagnostics.json,/home/tdc/img2build_pipeline/output/lego_style_dataset_v1/samples/chest_of_drawers_0056_s00_rotate_x,/home/tdc/img2build_pipeline/output/lego_style_dataset_v1/samples/chest_of_drawers_0056_s00_rotate_x/target_mesh.glb,True,192,1.0,0.0,0.0625,0.2544813283200847,0.04109828079011386,0.0,0,12,192,,True,True,True
image_compare,chest_of_drawers_0056,instantmesh,/home/tdc/img2build_pipeline/comparison_output/qualitative_pack_100cases_20260417/image_compare/chest_of_drawers_0056/summary.json,/home/tdc/img2build_pipeline/comparison_output/qualitative_pack_100cases_20260417/image_compare/chest_of_drawers_0056/instantmesh_mesh.obj,/home/tdc/img2build_pipeline/comparison_output/qualitative_pack_100cases_20260417/image_compare/chest_of_drawers_0056/instantmesh_structure.json,/home/tdc/img2build_pipeline/comparison_output/qualitative_pack_100cases_20260417/image_compare/chest_of_drawers_0056/instantmesh_diagnostics.json,/home/tdc/img2build_pipeline/output/lego_style_dataset_v1/samples/chest_of_drawers_0056_s00_rotate_x,/home/tdc/img2build_pipeline/output/lego_style_dataset_v1/samples/chest_of_drawers_0056_s00_rotate_x/target_mesh.glb,True,339,1.0,0.02359882005899705,0.17994100294985252,0.20059928302371433,0.02680975142961359,0.0,8,61,339,,True,True,True
image_compare,chest_of_drawers_0056,triposr,/home/tdc/img2build_pipeline/comparison_output/qualitative_pack_100cases_20260417/image_compare/chest_of_drawers_0056/summary.json,/home/tdc/img2build_pipeline/comparison_output/qualitative_pack_100cases_20260417/image_compare/chest_of_drawers_0056/triposr_mesh.glb,/home/tdc/img2build_pipeline/comparison_output/qualitative_pack_100cases_20260417/image_compare/chest_of_drawers_0056/triposr_structure.json,/home/tdc/img2build_pipeline/comparison_output/qualitative_pack_100cases_20260417/image_compare/chest_of_drawers_0056/triposr_diagnostics.json,/home/tdc/img2build_pipeline/output/lego_style_dataset_v1/samples/chest_of_drawers_0056_s00_rotate_x,/home/tdc/img2build_pipeline/output/lego_style_dataset_v1/samples/chest_of_drawers_0056_s00_rotate_x/target_mesh.glb,True,417,1.0,0.002398081534772182,0.0815347721822542,0.2022272896012672,0.02471399052402292,0.0,1,34,417,,True,True,True
image_compare,chest_of_drawers_0056,stable3dgen,/home/tdc/img2build_pipeline/comparison_output/qualitative_pack_100cases_20260417/image_compare/chest_of_drawers_0056/summary.json,/home/tdc/img2build_pipeline/comparison_output/qualitative_pack_100cases_20260417/image_compare/chest_of_drawers_0056/stable3dgen_mesh.glb,/home/tdc/img2build_pipeline/comparison_output/qualitative_pack_100cases_20260417/image_compare/chest_of_drawers_0056/stable3dgen_structure.json,/home/tdc/img2build_pipeline/comparison_output/qualitative_pack_100cases_20260417/image_compare/chest_of_drawers_0056/stable3dgen_diagnostics.json,/home/tdc/img2build_pipeline/output/lego_style_dataset_v1/samples/chest_of_drawers_0056_s00_rotate_x,/home/tdc/img2build_pipeline/output/lego_style_dataset_v1/samples/chest_of_drawers_0056_s00_rotate_x/target_mesh.glb,True,216,1.0,0.004629629629629629,0.1527777777777778,0.2581345908200239,0.05506082429783245,0.0,1,33,216,,True,True,True
image_compare,chest_of_drawers_0073,ours_full,/home/tdc/img2build_pipeline/comparison_output/qualitative_pack_100cases_20260417/image_compare/chest_of_drawers_0073/summary.json,/home/tdc/img2build_pipeline/comparison_output/qualitative_pack_100cases_20260417/image_compare/chest_of_drawers_0073/ours_full_mesh.glb,/home/tdc/img2build_pipeline/comparison_output/qualitative_pack_100cases_20260417/image_compare/chest_of_drawers_0073/ours_full_structure.json,/home/tdc/img2build_pipeline/comparison_output/qualitative_pack_100cases_20260417/image_compare/chest_of_drawers_0073/ours_full_diagnostics.json,/home/tdc/img2build_pipeline/output/lego_style_dataset_v1/samples/chest_of_drawers_0073_s00_rotate_x,/home/tdc/img2build_pipeline/output/lego_style_dataset_v1/samples/chest_of_drawers_0073_s00_rotate_x/target_mesh.glb,True,192,1.0,0.0,0.0625,0.20632893336564467,0.032475662743838715,0.0,0,12,192,,True,True,True
image_compare,chest_of_drawers_0073,instantmesh,/home/tdc/img2build_pipeline/comparison_output/qualitative_pack_100cases_20260417/image_compare/chest_of_drawers_0073/summary.json,/home/tdc/img2build_pipeline/comparison_output/qualitative_pack_100cases_20260417/image_compare/chest_of_drawers_0073/instantmesh_mesh.obj,/home/tdc/img2build_pipeline/comparison_output/qualitative_pack_100cases_20260417/image_compare/chest_of_drawers_0073/instantmesh_structure.json,/home/tdc/img2build_pipeline/comparison_output/qualitative_pack_100cases_20260417/image_compare/chest_of_drawers_0073/instantmesh_diagnostics.json,/home/tdc/img2build_pipeline/output/lego_style_dataset_v1/samples/chest_of_drawers_0073_s00_rotate_x,/home/tdc/img2build_pipeline/output/lego_style_dataset_v1/samples/chest_of_drawers_0073_s00_rotate_x/target_mesh.glb,True,392,1.0,0.02040816326530612,0.18877551020408162,0.19084250450781456,0.016880306295519093,0.0,8,74,392,,True,True,True
image_compare,chest_of_drawers_0073,triposr,/home/tdc/img2build_pipeline/comparison_output/qualitative_pack_100cases_20260417/image_compare/chest_of_drawers_0073/summary.json,/home/tdc/img2build_pipeline/comparison_output/qualitative_pack_100cases_20260417/image_compare/chest_of_drawers_0073/triposr_mesh.glb,/home/tdc/img2build_pipeline/comparison_output/qualitative_pack_100cases_20260417/image_compare/chest_of_drawers_0073/triposr_structure.json,/home/tdc/img2build_pipeline/comparison_output/qualitative_pack_100cases_20260417/image_compare/chest_of_drawers_0073/triposr_diagnostics.json,/home/tdc/img2build_pipeline/output/lego_style_dataset_v1/samples/chest_of_drawers_0073_s00_rotate_x,/home/tdc/img2build_pipeline/output/lego_style_dataset_v1/samples/chest_of_drawers_0073_s00_rotate_x/target_mesh.glb,True,435,1.0,0.0022988505747126436,0.1103448275862069,0.15972371316209208,0.01681983282580918,0.0,1,48,435,,True,True,True
image_compare,chest_of_drawers_0073,stable3dgen,/home/tdc/img2build_pipeline/comparison_output/qualitative_pack_100cases_20260417/image_compare/chest_of_drawers_0073/summary.json,/home/tdc/img2build_pipeline/comparison_output/qualitative_pack_100cases_20260417/image_compare/chest_of_drawers_0073/stable3dgen_mesh.glb,/home/tdc/img2build_pipeline/comparison_output/qualitative_pack_100cases_20260417/image_compare/chest_of_drawers_0073/stable3dgen_structure.json,/home/tdc/img2build_pipeline/comparison_output/qualitative_pack_100cases_20260417/image_compare/chest_of_drawers_0073/stable3dgen_diagnostics.json,/home/tdc/img2build_pipeline/output/lego_style_dataset_v1/samples/chest_of_drawers_0073_s00_rotate_x,/home/tdc/img2build_pipeline/output/lego_style_dataset_v1/samples/chest_of_drawers_0073_s00_rotate_x/target_mesh.glb,True,192,1.0,0.0,0.0625,0.2362604939834687,0.04352799503759118,0.0,0,12,192,,True,True,True
image_compare,chest_of_drawers_0075,ours_full,/home/tdc/img2build_pipeline/comparison_output/qualitative_pack_100cases_20260417/image_compare/chest_of_drawers_0075/summary.json,/home/tdc/img2build_pipeline/comparison_output/qualitative_pack_100cases_20260417/image_compare/chest_of_drawers_0075/ours_full_mesh.glb,/home/tdc/img2build_pipeline/comparison_output/qualitative_pack_100cases_20260417/image_compare/chest_of_drawers_0075/ours_full_structure.json,/home/tdc/img2build_pipeline/comparison_output/qualitative_pack_100cases_20260417/image_compare/chest_of_drawers_0075/ours_full_diagnostics.json,/home/tdc/img2build_pipeline/output/lego_style_dataset_v1/samples/chest_of_drawers_0075_s00_rotate_x,/home/tdc/img2build_pipeline/output/lego_style_dataset_v1/samples/chest_of_drawers_0075_s00_rotate_x/target_mesh.glb,True,128,1.0,0.0,0.0625,0.2259158410407216,0.04553488287513742,0.0,0,8,128,,True,True,True
image_compare,chest_of_drawers_0075,instantmesh,/home/tdc/img2build_pipeline/comparison_output/qualitative_pack_100cases_20260417/image_compare/chest_of_drawers_0075/summary.json,/home/tdc/img2build_pipeline/comparison_output/qualitative_pack_100cases_20260417/image_compare/chest_of_drawers_0075/instantmesh_mesh.obj,/home/tdc/img2build_pipeline/comparison_output/qualitative_pack_100cases_20260417/image_compare/chest_of_drawers_0075/instantmesh_structure.json,/home/tdc/img2build_pipeline/comparison_output/qualitative_pack_100cases_20260417/image_compare/chest_of_drawers_0075/instantmesh_diagnostics.json,/home/tdc/img2build_pipeline/output/lego_style_dataset_v1/samples/chest_of_drawers_0075_s00_rotate_x,/home/tdc/img2build_pipeline/output/lego_style_dataset_v1/samples/chest_of_drawers_0075_s00_rotate_x/target_mesh.glb,True,198,1.0,0.015151515151515152,0.20202020202020202,0.1267861862852152,0.01344146756481324,0.0,3,40,198,,True,True,True
image_compare,chest_of_drawers_0075,triposr,/home/tdc/img2build_pipeline/comparison_output/qualitative_pack_100cases_20260417/image_compare/chest_of_drawers_0075/summary.json,/home/tdc/img2build_pipeline/comparison_output/qualitative_pack_100cases_20260417/image_compare/chest_of_drawers_0075/triposr_mesh.glb,/home/tdc/img2build_pipeline/comparison_output/qualitative_pack_100cases_20260417/image_compare/chest_of_drawers_0075/triposr_structure.json,/home/tdc/img2build_pipeline/comparison_output/qualitative_pack_100cases_20260417/image_compare/chest_of_drawers_0075/triposr_diagnostics.json,/home/tdc/img2build_pipeline/output/lego_style_dataset_v1/samples/chest_of_drawers_0075_s00_rotate_x,/home/tdc/img2build_pipeline/output/lego_style_dataset_v1/samples/chest_of_drawers_0075_s00_rotate_x/target_mesh.glb,True,319,1.0,0.0,0.08463949843260188,0.1322635111990192,0.012431048151683728,0.0,0,27,319,,True,True,True
image_compare,chest_of_drawers_0075,stable3dgen,/home/tdc/img2build_pipeline/comparison_output/qualitative_pack_100cases_20260417/image_compare/chest_of_drawers_0075/summary.json,/home/tdc/img2build_pipeline/comparison_output/qualitative_pack_100cases_20260417/image_compare/chest_of_drawers_0075/stable3dgen_mesh.glb,/home/tdc/img2build_pipeline/comparison_output/qualitative_pack_100cases_20260417/image_compare/chest_of_drawers_0075/stable3dgen_structure.json,/home/tdc/img2build_pipeline/comparison_output/qualitative_pack_100cases_20260417/image_compare/chest_of_drawers_0075/stable3dgen_diagnostics.json,/home/tdc/img2build_pipeline/output/lego_style_dataset_v1/samples/chest_of_drawers_0075_s00_rotate_x,/home/tdc/img2build_pipeline/output/lego_style_dataset_v1/samples/chest_of_drawers_0075_s00_rotate_x/target_mesh.glb,True,96,1.0,0.0,0.0625,0.2287225933442938,0.06150448894395947,0.0,0,6,96,,True,True,True
image_compare,chest_of_drawers_0083,ours_full,/home/tdc/img2build_pipeline/comparison_output/qualitative_pack_100cases_20260417/image_compare/chest_of_drawers_0083/summary.json,/home/tdc/img2build_pipeline/comparison_output/qualitative_pack_100cases_20260417/image_compare/chest_of_drawers_0083/ours_full_mesh.glb,/home/tdc/img2build_pipeline/comparison_output/qualitative_pack_100cases_20260417/image_compare/chest_of_drawers_0083/ours_full_structure.json,/home/tdc/img2build_pipeline/comparison_output/qualitative_pack_100cases_20260417/image_compare/chest_of_drawers_0083/ours_full_diagnostics.json,/home/tdc/img2build_pipeline/output/lego_style_dataset_v1/samples/chest_of_drawers_0083_s00_rotate_x,/home/tdc/img2build_pipeline/output/lego_style_dataset_v1/samples/chest_of_drawers_0083_s00_rotate_x/target_mesh.glb,True,240,1.0,0.0,0.0625,0.21050012395034262,0.023868280639843805,0.0,0,15,240,,True,True,True
image_compare,chest_of_drawers_0083,instantmesh,/home/tdc/img2build_pipeline/comparison_output/qualitative_pack_100cases_20260417/image_compare/chest_of_drawers_0083/summary.json,/home/tdc/img2build_pipeline/comparison_output/qualitative_pack_100cases_20260417/image_compare/chest_of_drawers_0083/instantmesh_mesh.obj,/home/tdc/img2build_pipeline/comparison_output/qualitative_pack_100cases_20260417/image_compare/chest_of_drawers_0083/instantmesh_structure.json,/home/tdc/img2build_pipeline/comparison_output/qualitative_pack_100cases_20260417/image_compare/chest_of_drawers_0083/instantmesh_diagnostics.json,/home/tdc/img2build_pipeline/output/lego_style_dataset_v1/samples/chest_of_drawers_0083_s00_rotate_x,/home/tdc/img2build_pipeline/output/lego_style_dataset_v1/samples/chest_of_drawers_0083_s00_rotate_x/target_mesh.glb,True,437,1.0,0.002288329519450801,0.10068649885583524,0.19861802698594655,0.023011748128555474,0.0,1,44,437,,True,True,True
image_compare,chest_of_drawers_0083,triposr,/home/tdc/img2build_pipeline/comparison_output/qualitative_pack_100cases_20260417/image_compare/chest_of_drawers_0083/summary.json,/home/tdc/img2build_pipeline/comparison_output/qualitative_pack_100cases_20260417/image_compare/chest_of_drawers_0083/triposr_mesh.glb,/home/tdc/img2build_pipeline/comparison_output/qualitative_pack_100cases_20260417/image_compare/chest_of_drawers_0083/triposr_structure.json,/home/tdc/img2build_pipeline/comparison_output/qualitative_pack_100cases_20260417/image_compare/chest_of_drawers_0083/triposr_diagnostics.json,/home/tdc/img2build_pipeline/output/lego_style_dataset_v1/samples/chest_of_drawers_0083_s00_rotate_x,/home/tdc/img2build_pipeline/output/lego_style_dataset_v1/samples/chest_of_drawers_0083_s00_rotate_x/target_mesh.glb,True,562,1.0,0.0035587188612099642,0.0693950177935943,0.20574079496066183,0.026755646869205105,0.0,2,39,562,,True,True,True
image_compare,chest_of_drawers_0083,stable3dgen,/home/tdc/img2build_pipeline/comparison_output/qualitative_pack_100cases_20260417/image_compare/chest_of_drawers_0083/summary.json,/home/tdc/img2build_pipeline/comparison_output/qualitative_pack_100cases_20260417/image_compare/chest_of_drawers_0083/stable3dgen_mesh.glb,/home/tdc/img2build_pipeline/comparison_output/qualitative_pack_100cases_20260417/image_compare/chest_of_drawers_0083/stable3dgen_structure.json,/home/tdc/img2build_pipeline/comparison_output/qualitative_pack_100cases_20260417/image_compare/chest_of_drawers_0083/stable3dgen_diagnostics.json,/home/tdc/img2build_pipeline/output/lego_style_dataset_v1/samples/chest_of_drawers_0083_s00_rotate_x,/home/tdc/img2build_pipeline/output/lego_style_dataset_v1/samples/chest_of_drawers_0083_s00_rotate_x/target_mesh.glb,True,241,1.0,0.0,0.02074688796680498,0.21080906081926068,0.03217599053450196,0.0,0,5,241,,True,True,True
image_compare,chest_of_drawers_0087,ours_full,/home/tdc/img2build_pipeline/comparison_output/qualitative_pack_100cases_20260417/image_compare/chest_of_drawers_0087/summary.json,/home/tdc/img2build_pipeline/comparison_output/qualitative_pack_100cases_20260417/image_compare/chest_of_drawers_0087/ours_full_mesh.glb,/home/tdc/img2build_pipeline/comparison_output/qualitative_pack_100cases_20260417/image_compare/chest_of_drawers_0087/ours_full_structure.json,/home/tdc/img2build_pipeline/comparison_output/qualitative_pack_100cases_20260417/image_compare/chest_of_drawers_0087/ours_full_diagnostics.json,/home/tdc/img2build_pipeline/output/lego_style_dataset_v1/samples/chest_of_drawers_0087_s00_rotate_x,/home/tdc/img2build_pipeline/output/lego_style_dataset_v1/samples/chest_of_drawers_0087_s00_rotate_x/target_mesh.glb,True,96,1.0,0.0,0.0625,0.2558562410302434,0.05840698164087693,0.0,0,6,96,,True,True,True
image_compare,chest_of_drawers_0087,instantmesh,/home/tdc/img2build_pipeline/comparison_output/qualitative_pack_100cases_20260417/image_compare/chest_of_drawers_0087/summary.json,/home/tdc/img2build_pipeline/comparison_output/qualitative_pack_100cases_20260417/image_compare/chest_of_drawers_0087/instantmesh_mesh.obj,/home/tdc/img2build_pipeline/comparison_output/qualitative_pack_100cases_20260417/image_compare/chest_of_drawers_0087/instantmesh_structure.json,/home/tdc/img2build_pipeline/comparison_output/qualitative_pack_100cases_20260417/image_compare/chest_of_drawers_0087/instantmesh_diagnostics.json,/home/tdc/img2build_pipeline/output/lego_style_dataset_v1/samples/chest_of_drawers_0087_s00_rotate_x,/home/tdc/img2build_pipeline/output/lego_style_dataset_v1/samples/chest_of_drawers_0087_s00_rotate_x/target_mesh.glb,True,112,1.0,0.008928571428571428,0.14285714285714285,0.13136709663963475,0.011354739265467517,0.0,1,16,112,,True,True,True
image_compare,chest_of_drawers_0087,triposr,/home/tdc/img2build_pipeline/comparison_output/qualitative_pack_100cases_20260417/image_compare/chest_of_drawers_0087/summary.json,/home/tdc/img2build_pipeline/comparison_output/qualitative_pack_100cases_20260417/image_compare/chest_of_drawers_0087/triposr_mesh.glb,/home/tdc/img2build_pipeline/comparison_output/qualitative_pack_100cases_20260417/image_compare/chest_of_drawers_0087/triposr_structure.json,/home/tdc/img2build_pipeline/comparison_output/qualitative_pack_100cases_20260417/image_compare/chest_of_drawers_0087/triposr_diagnostics.json,/home/tdc/img2build_pipeline/output/lego_style_dataset_v1/samples/chest_of_drawers_0087_s00_rotate_x,/home/tdc/img2build_pipeline/output/lego_style_dataset_v1/samples/chest_of_drawers_0087_s00_rotate_x/target_mesh.glb,True,211,1.0,0.018957345971563982,0.2132701421800948,0.13062020039708644,0.01475303503062814,0.0,4,45,211,,True,True,True
image_compare,chest_of_drawers_0092,ours_full,/home/tdc/img2build_pipeline/comparison_output/qualitative_pack_100cases_20260417/image_compare/chest_of_drawers_0092/summary.json,/home/tdc/img2build_pipeline/comparison_output/qualitative_pack_100cases_20260417/image_compare/chest_of_drawers_0092/ours_full_mesh.glb,/home/tdc/img2build_pipeline/comparison_output/qualitative_pack_100cases_20260417/image_compare/chest_of_drawers_0092/ours_full_structure.json,/home/tdc/img2build_pipeline/comparison_output/qualitative_pack_100cases_20260417/image_compare/chest_of_drawers_0092/ours_full_diagnostics.json,/home/tdc/img2build_pipeline/output/lego_style_dataset_v1/samples/chest_of_drawers_0092_s00_rotate_x,/home/tdc/img2build_pipeline/output/lego_style_dataset_v1/samples/chest_of_drawers_0092_s00_rotate_x/target_mesh.glb,True,355,1.0,0.0,0.04788732394366197,0.156149300971057,0.012781764809769367,0.0,0,17,355,,True,True,True
image_compare,chest_of_drawers_0092,instantmesh,/home/tdc/img2build_pipeline/comparison_output/qualitative_pack_100cases_20260417/image_compare/chest_of_drawers_0092/summary.json,/home/tdc/img2build_pipeline/comparison_output/qualitative_pack_100cases_20260417/image_compare/chest_of_drawers_0092/instantmesh_mesh.obj,/home/tdc/img2build_pipeline/comparison_output/qualitative_pack_100cases_20260417/image_compare/chest_of_drawers_0092/instantmesh_structure.json,/home/tdc/img2build_pipeline/comparison_output/qualitative_pack_100cases_20260417/image_compare/chest_of_drawers_0092/instantmesh_diagnostics.json,/home/tdc/img2build_pipeline/output/lego_style_dataset_v1/samples/chest_of_drawers_0092_s00_rotate_x,/home/tdc/img2build_pipeline/output/lego_style_dataset_v1/samples/chest_of_drawers_0092_s00_rotate_x/target_mesh.glb,True,480,1.0,0.0020833333333333333,0.04583333333333333,0.12836008735823062,0.007428650570283987,0.0,1,22,480,,True,True,True
image_compare,chest_of_drawers_0092,triposr,/home/tdc/img2build_pipeline/comparison_output/qualitative_pack_100cases_20260417/image_compare/chest_of_drawers_0092/summary.json,/home/tdc/img2build_pipeline/comparison_output/qualitative_pack_100cases_20260417/image_compare/chest_of_drawers_0092/triposr_mesh.glb,/home/tdc/img2build_pipeline/comparison_output/qualitative_pack_100cases_20260417/image_compare/chest_of_drawers_0092/triposr_structure.json,/home/tdc/img2build_pipeline/comparison_output/qualitative_pack_100cases_20260417/image_compare/chest_of_drawers_0092/triposr_diagnostics.json,/home/tdc/img2build_pipeline/output/lego_style_dataset_v1/samples/chest_of_drawers_0092_s00_rotate_x,/home/tdc/img2build_pipeline/output/lego_style_dataset_v1/samples/chest_of_drawers_0092_s00_rotate_x/target_mesh.glb,True,540,1.0,0.003703703703703704,0.07037037037037037,0.15472568555551186,0.021164944038427475,0.0,2,38,540,,True,True,True
image_compare,chest_of_drawers_0094,ours_full,/home/tdc/img2build_pipeline/comparison_output/qualitative_pack_100cases_20260417/image_compare/chest_of_drawers_0094/summary.json,/home/tdc/img2build_pipeline/comparison_output/qualitative_pack_100cases_20260417/image_compare/chest_of_drawers_0094/ours_full_mesh.glb,/home/tdc/img2build_pipeline/comparison_output/qualitative_pack_100cases_20260417/image_compare/chest_of_drawers_0094/ours_full_structure.json,/home/tdc/img2build_pipeline/comparison_output/qualitative_pack_100cases_20260417/image_compare/chest_of_drawers_0094/ours_full_diagnostics.json,/home/tdc/img2build_pipeline/output/lego_style_dataset_v1/samples/chest_of_drawers_0094_s00_rotate_x,/home/tdc/img2build_pipeline/output/lego_style_dataset_v1/samples/chest_of_drawers_0094_s00_rotate_x/target_mesh.glb,True,131,0.9618320610687023,0.0,0.09923664122137404,0.18770364354806268,0.024423166975826305,0.03816793893129771,0,13,131,,True,True,True
image_compare,chest_of_drawers_0094,instantmesh,/home/tdc/img2build_pipeline/comparison_output/qualitative_pack_100cases_20260417/image_compare/chest_of_drawers_0094/summary.json,/home/tdc/img2build_pipeline/comparison_output/qualitative_pack_100cases_20260417/image_compare/chest_of_drawers_0094/instantmesh_mesh.obj,/home/tdc/img2build_pipeline/comparison_output/qualitative_pack_100cases_20260417/image_compare/chest_of_drawers_0094/instantmesh_structure.json,/home/tdc/img2build_pipeline/comparison_output/qualitative_pack_100cases_20260417/image_compare/chest_of_drawers_0094/instantmesh_diagnostics.json,/home/tdc/img2build_pipeline/output/lego_style_dataset_v1/samples/chest_of_drawers_0094_s00_rotate_x,/home/tdc/img2build_pipeline/output/lego_style_dataset_v1/samples/chest_of_drawers_0094_s00_rotate_x/target_mesh.glb,True,246,1.0,0.012195121951219513,0.08130081300813008,0.15663283488069807,0.010782192452840364,0.0,3,20,246,,True,True,True
image_compare,chest_of_drawers_0094,triposr,/home/tdc/img2build_pipeline/comparison_output/qualitative_pack_100cases_20260417/image_compare/chest_of_drawers_0094/summary.json,/home/tdc/img2build_pipeline/comparison_output/qualitative_pack_100cases_20260417/image_compare/chest_of_drawers_0094/triposr_mesh.glb,/home/tdc/img2build_pipeline/comparison_output/qualitative_pack_100cases_20260417/image_compare/chest_of_drawers_0094/triposr_structure.json,/home/tdc/img2build_pipeline/comparison_output/qualitative_pack_100cases_20260417/image_compare/chest_of_drawers_0094/triposr_diagnostics.json,/home/tdc/img2build_pipeline/output/lego_style_dataset_v1/samples/chest_of_drawers_0094_s00_rotate_x,/home/tdc/img2build_pipeline/output/lego_style_dataset_v1/samples/chest_of_drawers_0094_s00_rotate_x/target_mesh.glb,True,273,1.0,0.003663003663003663,0.1575091575091575,0.11608833149324907,0.010315850746880696,0.0,1,43,273,,True,True,True
image_compare,chest_of_drawers_0096,ours_full,/home/tdc/img2build_pipeline/comparison_output/qualitative_pack_100cases_20260417/image_compare/chest_of_drawers_0096/summary.json,/home/tdc/img2build_pipeline/comparison_output/qualitative_pack_100cases_20260417/image_compare/chest_of_drawers_0096/ours_full_mesh.glb,/home/tdc/img2build_pipeline/comparison_output/qualitative_pack_100cases_20260417/image_compare/chest_of_drawers_0096/ours_full_structure.json,/home/tdc/img2build_pipeline/comparison_output/qualitative_pack_100cases_20260417/image_compare/chest_of_drawers_0096/ours_full_diagnostics.json,/home/tdc/img2build_pipeline/output/lego_style_dataset_v1/samples/chest_of_drawers_0096_s00_rotate_x,/home/tdc/img2build_pipeline/output/lego_style_dataset_v1/samples/chest_of_drawers_0096_s00_rotate_x/target_mesh.glb,True,128,1.0,0.0,0.0625,0.21417600602459086,0.03673434048558907,0.0,0,8,128,,True,True,True
image_compare,chest_of_drawers_0096,instantmesh,/home/tdc/img2build_pipeline/comparison_output/qualitative_pack_100cases_20260417/image_compare/chest_of_drawers_0096/summary.json,/home/tdc/img2build_pipeline/comparison_output/qualitative_pack_100cases_20260417/image_compare/chest_of_drawers_0096/instantmesh_mesh.obj,/home/tdc/img2build_pipeline/comparison_output/qualitative_pack_100cases_20260417/image_compare/chest_of_drawers_0096/instantmesh_structure.json,/home/tdc/img2build_pipeline/comparison_output/qualitative_pack_100cases_20260417/image_compare/chest_of_drawers_0096/instantmesh_diagnostics.json,/home/tdc/img2build_pipeline/output/lego_style_dataset_v1/samples/chest_of_drawers_0096_s00_rotate_x,/home/tdc/img2build_pipeline/output/lego_style_dataset_v1/samples/chest_of_drawers_0096_s00_rotate_x/target_mesh.glb,True,308,1.0,0.006493506493506494,0.16883116883116883,0.1277098888366296,0.010066839366302633,0.0,2,52,308,,True,True,True
image_compare,chest_of_drawers_0096,triposr,/home/tdc/img2build_pipeline/comparison_output/qualitative_pack_100cases_20260417/image_compare/chest_of_drawers_0096/summary.json,/home/tdc/img2build_pipeline/comparison_output/qualitative_pack_100cases_20260417/image_compare/chest_of_drawers_0096/triposr_mesh.glb,/home/tdc/img2build_pipeline/comparison_output/qualitative_pack_100cases_20260417/image_compare/chest_of_drawers_0096/triposr_structure.json,/home/tdc/img2build_pipeline/comparison_output/qualitative_pack_100cases_20260417/image_compare/chest_of_drawers_0096/triposr_diagnostics.json,/home/tdc/img2build_pipeline/output/lego_style_dataset_v1/samples/chest_of_drawers_0096_s00_rotate_x,/home/tdc/img2build_pipeline/output/lego_style_dataset_v1/samples/chest_of_drawers_0096_s00_rotate_x/target_mesh.glb,True,333,1.0,0.006006006006006006,0.06606606606606606,0.11293044241611268,0.008949561627237307,0.0,2,22,333,,True,True,True
image_compare,coffee_and_tea_makers_0009,ours_full,/home/tdc/img2build_pipeline/comparison_output/qualitative_pack_100cases_20260417/image_compare/coffee_and_tea_makers_0009/summary.json,/home/tdc/img2build_pipeline/comparison_output/qualitative_pack_100cases_20260417/image_compare/coffee_and_tea_makers_0009/ours_full_mesh.glb,/home/tdc/img2build_pipeline/comparison_output/qualitative_pack_100cases_20260417/image_compare/coffee_and_tea_makers_0009/ours_full_structure.json,/home/tdc/img2build_pipeline/comparison_output/qualitative_pack_100cases_20260417/image_compare/coffee_and_tea_makers_0009/ours_full_diagnostics.json,/home/tdc/img2build_pipeline/output/lego_style_dataset_v1/samples/coffee_and_tea_makers_0009_s00_rotate_x,/home/tdc/img2build_pipeline/output/lego_style_dataset_v1/samples/coffee_and_tea_makers_0009_s00_rotate_x/target_mesh.glb,True,393,1.0,0.0,0.04071246819338423,0.26745390319953255,0.06337872417356473,0.0,0,16,393,,True,True,True
image_compare,coffee_and_tea_makers_0009,instantmesh,/home/tdc/img2build_pipeline/comparison_output/qualitative_pack_100cases_20260417/image_compare/coffee_and_tea_makers_0009/summary.json,/home/tdc/img2build_pipeline/comparison_output/qualitative_pack_100cases_20260417/image_compare/coffee_and_tea_makers_0009/instantmesh_mesh.obj,/home/tdc/img2build_pipeline/comparison_output/qualitative_pack_100cases_20260417/image_compare/coffee_and_tea_makers_0009/instantmesh_structure.json,/home/tdc/img2build_pipeline/comparison_output/qualitative_pack_100cases_20260417/image_compare/coffee_and_tea_makers_0009/instantmesh_diagnostics.json,/home/tdc/img2build_pipeline/output/lego_style_dataset_v1/samples/coffee_and_tea_makers_0009_s00_rotate_x,/home/tdc/img2build_pipeline/output/lego_style_dataset_v1/samples/coffee_and_tea_makers_0009_s00_rotate_x/target_mesh.glb,True,441,1.0,0.0,0.05215419501133787,0.3275866349778916,0.1363429842577527,0.0,0,23,441,,True,True,True
image_compare,coffee_and_tea_makers_0009,triposr,/home/tdc/img2build_pipeline/comparison_output/qualitative_pack_100cases_20260417/image_compare/coffee_and_tea_makers_0009/summary.json,/home/tdc/img2build_pipeline/comparison_output/qualitative_pack_100cases_20260417/image_compare/coffee_and_tea_makers_0009/triposr_mesh.glb,/home/tdc/img2build_pipeline/comparison_output/qualitative_pack_100cases_20260417/image_compare/coffee_and_tea_makers_0009/triposr_structure.json,/home/tdc/img2build_pipeline/comparison_output/qualitative_pack_100cases_20260417/image_compare/coffee_and_tea_makers_0009/triposr_diagnostics.json,/home/tdc/img2build_pipeline/output/lego_style_dataset_v1/samples/coffee_and_tea_makers_0009_s00_rotate_x,/home/tdc/img2build_pipeline/output/lego_style_dataset_v1/samples/coffee_and_tea_makers_0009_s00_rotate_x/target_mesh.glb,True,632,1.0,0.004746835443037975,0.06645569620253164,0.24324547365302668,0.06815649632786266,0.0,3,42,632,,True,True,True
image_compare,coffee_and_tea_makers_0017,ours_full,/home/tdc/img2build_pipeline/comparison_output/qualitative_pack_100cases_20260417/image_compare/coffee_and_tea_makers_0017/summary.json,/home/tdc/img2build_pipeline/comparison_output/qualitative_pack_100cases_20260417/image_compare/coffee_and_tea_makers_0017/ours_full_mesh.glb,/home/tdc/img2build_pipeline/comparison_output/qualitative_pack_100cases_20260417/image_compare/coffee_and_tea_makers_0017/ours_full_structure.json,/home/tdc/img2build_pipeline/comparison_output/qualitative_pack_100cases_20260417/image_compare/coffee_and_tea_makers_0017/ours_full_diagnostics.json,/home/tdc/img2build_pipeline/output/lego_style_dataset_v1/samples/coffee_and_tea_makers_0017_s00_rotate_x,/home/tdc/img2build_pipeline/output/lego_style_dataset_v1/samples/coffee_and_tea_makers_0017_s00_rotate_x/target_mesh.glb,True,192,1.0,0.0,0.0625,0.15701548075148314,0.019867229954873687,0.0,0,12,192,,True,True,True
image_compare,coffee_and_tea_makers_0017,instantmesh,/home/tdc/img2build_pipeline/comparison_output/qualitative_pack_100cases_20260417/image_compare/coffee_and_tea_makers_0017/summary.json,/home/tdc/img2build_pipeline/comparison_output/qualitative_pack_100cases_20260417/image_compare/coffee_and_tea_makers_0017/instantmesh_mesh.obj,/home/tdc/img2build_pipeline/comparison_output/qualitative_pack_100cases_20260417/image_compare/coffee_and_tea_makers_0017/instantmesh_structure.json,/home/tdc/img2build_pipeline/comparison_output/qualitative_pack_100cases_20260417/image_compare/coffee_and_tea_makers_0017/instantmesh_diagnostics.json,/home/tdc/img2build_pipeline/output/lego_style_dataset_v1/samples/coffee_and_tea_makers_0017_s00_rotate_x,/home/tdc/img2build_pipeline/output/lego_style_dataset_v1/samples/coffee_and_tea_makers_0017_s00_rotate_x/target_mesh.glb,True,184,1.0,0.010869565217391304,0.1358695652173913,0.29853730774307297,0.09833165686239036,0.0,2,25,184,,True,True,True
image_compare,coffee_and_tea_makers_0017,triposr,/home/tdc/img2build_pipeline/comparison_output/qualitative_pack_100cases_20260417/image_compare/coffee_and_tea_makers_0017/summary.json,/home/tdc/img2build_pipeline/comparison_output/qualitative_pack_100cases_20260417/image_compare/coffee_and_tea_makers_0017/triposr_mesh.glb,/home/tdc/img2build_pipeline/comparison_output/qualitative_pack_100cases_20260417/image_compare/coffee_and_tea_makers_0017/triposr_structure.json,/home/tdc/img2build_pipeline/comparison_output/qualitative_pack_100cases_20260417/image_compare/coffee_and_tea_makers_0017/triposr_diagnostics.json,/home/tdc/img2build_pipeline/output/lego_style_dataset_v1/samples/coffee_and_tea_makers_0017_s00_rotate_x,/home/tdc/img2build_pipeline/output/lego_style_dataset_v1/samples/coffee_and_tea_makers_0017_s00_rotate_x/target_mesh.glb,True,368,1.0,0.005434782608695652,0.12771739130434784,0.26959187980423516,0.07331577329764102,0.0,2,47,368,,True,True,True
image_compare,coffee_and_tea_makers_0020,ours_full,/home/tdc/img2build_pipeline/comparison_output/qualitative_pack_100cases_20260417/image_compare/coffee_and_tea_makers_0020/summary.json,/home/tdc/img2build_pipeline/comparison_output/qualitative_pack_100cases_20260417/image_compare/coffee_and_tea_makers_0020/ours_full_mesh.glb,/home/tdc/img2build_pipeline/comparison_output/qualitative_pack_100cases_20260417/image_compare/coffee_and_tea_makers_0020/ours_full_structure.json,/home/tdc/img2build_pipeline/comparison_output/qualitative_pack_100cases_20260417/image_compare/coffee_and_tea_makers_0020/ours_full_diagnostics.json,/home/tdc/img2build_pipeline/output/lego_style_dataset_v1/samples/coffee_and_tea_makers_0020_s00_rotate_x,/home/tdc/img2build_pipeline/output/lego_style_dataset_v1/samples/coffee_and_tea_makers_0020_s00_rotate_x/target_mesh.glb,True,92,1.0,0.0,0.09782608695652174,0.33877925484762755,0.116528913088525,0.0,0,9,92,,True,True,True
image_compare,coffee_and_tea_makers_0020,instantmesh,/home/tdc/img2build_pipeline/comparison_output/qualitative_pack_100cases_20260417/image_compare/coffee_and_tea_makers_0020/summary.json,/home/tdc/img2build_pipeline/comparison_output/qualitative_pack_100cases_20260417/image_compare/coffee_and_tea_makers_0020/instantmesh_mesh.obj,/home/tdc/img2build_pipeline/comparison_output/qualitative_pack_100cases_20260417/image_compare/coffee_and_tea_makers_0020/instantmesh_structure.json,/home/tdc/img2build_pipeline/comparison_output/qualitative_pack_100cases_20260417/image_compare/coffee_and_tea_makers_0020/instantmesh_diagnostics.json,/home/tdc/img2build_pipeline/output/lego_style_dataset_v1/samples/coffee_and_tea_makers_0020_s00_rotate_x,/home/tdc/img2build_pipeline/output/lego_style_dataset_v1/samples/coffee_and_tea_makers_0020_s00_rotate_x/target_mesh.glb,True,41,0.8536585365853658,0.024390243902439025,0.34146341463414637,0.25909024920608814,0.03792112633005764,0.0,1,14,41,,True,True,True
image_compare,coffee_and_tea_makers_0020,triposr,/home/tdc/img2build_pipeline/comparison_output/qualitative_pack_100cases_20260417/image_compare/coffee_and_tea_makers_0020/summary.json,/home/tdc/img2build_pipeline/comparison_output/qualitative_pack_100cases_20260417/image_compare/coffee_and_tea_makers_0020/triposr_mesh.glb,/home/tdc/img2build_pipeline/comparison_output/qualitative_pack_100cases_20260417/image_compare/coffee_and_tea_makers_0020/triposr_structure.json,/home/tdc/img2build_pipeline/comparison_output/qualitative_pack_100cases_20260417/image_compare/coffee_and_tea_makers_0020/triposr_diagnostics.json,/home/tdc/img2build_pipeline/output/lego_style_dataset_v1/samples/coffee_and_tea_makers_0020_s00_rotate_x,/home/tdc/img2build_pipeline/output/lego_style_dataset_v1/samples/coffee_and_tea_makers_0020_s00_rotate_x/target_mesh.glb,True,222,1.0,0.009009009009009009,0.12612612612612611,0.17485692039486278,0.026309533057264557,0.0,2,28,222,,True,True,True
image_compare,coffee_and_tea_makers_0029,ours_full,/home/tdc/img2build_pipeline/comparison_output/qualitative_pack_100cases_20260417/image_compare/coffee_and_tea_makers_0029/summary.json,/home/tdc/img2build_pipeline/comparison_output/qualitative_pack_100cases_20260417/image_compare/coffee_and_tea_makers_0029/ours_full_mesh.glb,/home/tdc/img2build_pipeline/comparison_output/qualitative_pack_100cases_20260417/image_compare/coffee_and_tea_makers_0029/ours_full_structure.json,/home/tdc/img2build_pipeline/comparison_output/qualitative_pack_100cases_20260417/image_compare/coffee_and_tea_makers_0029/ours_full_diagnostics.json,/home/tdc/img2build_pipeline/output/lego_style_dataset_v1/samples/coffee_and_tea_makers_0029_s00_rotate_x,/home/tdc/img2build_pipeline/output/lego_style_dataset_v1/samples/coffee_and_tea_makers_0029_s00_rotate_x/target_mesh.glb,True,225,1.0,0.013333333333333334,0.10222222222222223,0.23853947309562729,0.0411575332702287,0.0,3,23,225,,True,True,True
image_compare,coffee_and_tea_makers_0029,instantmesh,/home/tdc/img2build_pipeline/comparison_output/qualitative_pack_100cases_20260417/image_compare/coffee_and_tea_makers_0029/summary.json,/home/tdc/img2build_pipeline/comparison_output/qualitative_pack_100cases_20260417/image_compare/coffee_and_tea_makers_0029/instantmesh_mesh.obj,/home/tdc/img2build_pipeline/comparison_output/qualitative_pack_100cases_20260417/image_compare/coffee_and_tea_makers_0029/instantmesh_structure.json,/home/tdc/img2build_pipeline/comparison_output/qualitative_pack_100cases_20260417/image_compare/coffee_and_tea_makers_0029/instantmesh_diagnostics.json,/home/tdc/img2build_pipeline/output/lego_style_dataset_v1/samples/coffee_and_tea_makers_0029_s00_rotate_x,/home/tdc/img2build_pipeline/output/lego_style_dataset_v1/samples/coffee_and_tea_makers_0029_s00_rotate_x/target_mesh.glb,True,110,0.9272727272727272,0.10909090909090909,0.33636363636363636,0.1752309104620667,0.013186026001167705,0.07272727272727272,12,37,110,,True,True,True
image_compare,coffee_and_tea_makers_0029,triposr,/home/tdc/img2build_pipeline/comparison_output/qualitative_pack_100cases_20260417/image_compare/coffee_and_tea_makers_0029/summary.json,/home/tdc/img2build_pipeline/comparison_output/qualitative_pack_100cases_20260417/image_compare/coffee_and_tea_makers_0029/triposr_mesh.glb,/home/tdc/img2build_pipeline/comparison_output/qualitative_pack_100cases_20260417/image_compare/coffee_and_tea_makers_0029/triposr_structure.json,/home/tdc/img2build_pipeline/comparison_output/qualitative_pack_100cases_20260417/image_compare/coffee_and_tea_makers_0029/triposr_diagnostics.json,/home/tdc/img2build_pipeline/output/lego_style_dataset_v1/samples/coffee_and_tea_makers_0029_s00_rotate_x,/home/tdc/img2build_pipeline/output/lego_style_dataset_v1/samples/coffee_and_tea_makers_0029_s00_rotate_x/target_mesh.glb,True,190,0.5473684210526316,0.031578947368421054,0.22105263157894736,0.16961184034081123,0.013173047570691699,0.010526315789473684,6,42,190,,True,True,True
image_compare,coffee_and_tea_makers_0033,ours_full,/home/tdc/img2build_pipeline/comparison_output/qualitative_pack_100cases_20260417/image_compare/coffee_and_tea_makers_0033/summary.json,/home/tdc/img2build_pipeline/comparison_output/qualitative_pack_100cases_20260417/image_compare/coffee_and_tea_makers_0033/ours_full_mesh.glb,/home/tdc/img2build_pipeline/comparison_output/qualitative_pack_100cases_20260417/image_compare/coffee_and_tea_makers_0033/ours_full_structure.json,/home/tdc/img2build_pipeline/comparison_output/qualitative_pack_100cases_20260417/image_compare/coffee_and_tea_makers_0033/ours_full_diagnostics.json,/home/tdc/img2build_pipeline/output/lego_style_dataset_v1/samples/coffee_and_tea_makers_0033_s00_rotate_x,/home/tdc/img2build_pipeline/output/lego_style_dataset_v1/samples/coffee_and_tea_makers_0033_s00_rotate_x/target_mesh.glb,True,233,1.0,0.012875536480686695,0.09012875536480687,0.21114118159708767,0.023735149369808178,0.0,3,21,233,,True,True,True
image_compare,coffee_and_tea_makers_0033,instantmesh,/home/tdc/img2build_pipeline/comparison_output/qualitative_pack_100cases_20260417/image_compare/coffee_and_tea_makers_0033/summary.json,/home/tdc/img2build_pipeline/comparison_output/qualitative_pack_100cases_20260417/image_compare/coffee_and_tea_makers_0033/instantmesh_mesh.obj,/home/tdc/img2build_pipeline/comparison_output/qualitative_pack_100cases_20260417/image_compare/coffee_and_tea_makers_0033/instantmesh_structure.json,/home/tdc/img2build_pipeline/comparison_output/qualitative_pack_100cases_20260417/image_compare/coffee_and_tea_makers_0033/instantmesh_diagnostics.json,/home/tdc/img2build_pipeline/output/lego_style_dataset_v1/samples/coffee_and_tea_makers_0033_s00_rotate_x,/home/tdc/img2build_pipeline/output/lego_style_dataset_v1/samples/coffee_and_tea_makers_0033_s00_rotate_x/target_mesh.glb,True,183,0.994535519125683,0.02185792349726776,0.2677595628415301,0.3330694830023864,0.09734909921861587,0.00546448087431694,4,49,183,,True,True,True
image_compare,coffee_and_tea_makers_0033,triposr,/home/tdc/img2build_pipeline/comparison_output/qualitative_pack_100cases_20260417/image_compare/coffee_and_tea_makers_0033/summary.json,/home/tdc/img2build_pipeline/comparison_output/qualitative_pack_100cases_20260417/image_compare/coffee_and_tea_makers_0033/triposr_mesh.glb,/home/tdc/img2build_pipeline/comparison_output/qualitative_pack_100cases_20260417/image_compare/coffee_and_tea_makers_0033/triposr_structure.json,/home/tdc/img2build_pipeline/comparison_output/qualitative_pack_100cases_20260417/image_compare/coffee_and_tea_makers_0033/triposr_diagnostics.json,/home/tdc/img2build_pipeline/output/lego_style_dataset_v1/samples/coffee_and_tea_makers_0033_s00_rotate_x,/home/tdc/img2build_pipeline/output/lego_style_dataset_v1/samples/coffee_and_tea_makers_0033_s00_rotate_x/target_mesh.glb,True,240,1.0,0.0,0.12916666666666668,0.3312303333631481,0.1016532884507112,0.0,0,31,240,,True,True,True
image_compare,coffee_and_tea_makers_0038,ours_full,/home/tdc/img2build_pipeline/comparison_output/qualitative_pack_100cases_20260417/image_compare/coffee_and_tea_makers_0038/summary.json,/home/tdc/img2build_pipeline/comparison_output/qualitative_pack_100cases_20260417/image_compare/coffee_and_tea_makers_0038/ours_full_mesh.glb,/home/tdc/img2build_pipeline/comparison_output/qualitative_pack_100cases_20260417/image_compare/coffee_and_tea_makers_0038/ours_full_structure.json,/home/tdc/img2build_pipeline/comparison_output/qualitative_pack_100cases_20260417/image_compare/coffee_and_tea_makers_0038/ours_full_diagnostics.json,/home/tdc/img2build_pipeline/output/lego_style_dataset_v1/samples/coffee_and_tea_makers_0038_s00_rotate_x,/home/tdc/img2build_pipeline/output/lego_style_dataset_v1/samples/coffee_and_tea_makers_0038_s00_rotate_x/target_mesh.glb,True,259,1.0,0.003861003861003861,0.11196911196911197,0.34998485999467893,0.12529414848873374,0.0,1,29,259,,True,True,True
image_compare,coffee_and_tea_makers_0038,instantmesh,/home/tdc/img2build_pipeline/comparison_output/qualitative_pack_100cases_20260417/image_compare/coffee_and_tea_makers_0038/summary.json,/home/tdc/img2build_pipeline/comparison_output/qualitative_pack_100cases_20260417/image_compare/coffee_and_tea_makers_0038/instantmesh_mesh.obj,/home/tdc/img2build_pipeline/comparison_output/qualitative_pack_100cases_20260417/image_compare/coffee_and_tea_makers_0038/instantmesh_structure.json,/home/tdc/img2build_pipeline/comparison_output/qualitative_pack_100cases_20260417/image_compare/coffee_and_tea_makers_0038/instantmesh_diagnostics.json,/home/tdc/img2build_pipeline/output/lego_style_dataset_v1/samples/coffee_and_tea_makers_0038_s00_rotate_x,/home/tdc/img2build_pipeline/output/lego_style_dataset_v1/samples/coffee_and_tea_makers_0038_s00_rotate_x/target_mesh.glb,True,94,0.43617021276595747,0.2553191489361702,0.6170212765957447,0.29639772585298,0.07466970858270372,0.18085106382978725,24,58,94,,True,True,True
image_compare,coffee_and_tea_makers_0038,triposr,/home/tdc/img2build_pipeline/comparison_output/qualitative_pack_100cases_20260417/image_compare/coffee_and_tea_makers_0038/summary.json,/home/tdc/img2build_pipeline/comparison_output/qualitative_pack_100cases_20260417/image_compare/coffee_and_tea_makers_0038/triposr_mesh.glb,/home/tdc/img2build_pipeline/comparison_output/qualitative_pack_100cases_20260417/image_compare/coffee_and_tea_makers_0038/triposr_structure.json,/home/tdc/img2build_pipeline/comparison_output/qualitative_pack_100cases_20260417/image_compare/coffee_and_tea_makers_0038/triposr_diagnostics.json,/home/tdc/img2build_pipeline/output/lego_style_dataset_v1/samples/coffee_and_tea_makers_0038_s00_rotate_x,/home/tdc/img2build_pipeline/output/lego_style_dataset_v1/samples/coffee_and_tea_makers_0038_s00_rotate_x/target_mesh.glb,True,335,0.991044776119403,0.011940298507462687,0.1044776119402985,0.21321995121081105,0.04488458870436535,0.008955223880597015,4,35,335,,True,True,True
image_compare,desks_0004,ours_full,/home/tdc/img2build_pipeline/comparison_output/qualitative_pack_100cases_20260417/image_compare/desks_0004/summary.json,/home/tdc/img2build_pipeline/comparison_output/qualitative_pack_100cases_20260417/image_compare/desks_0004/ours_full_mesh.glb,/home/tdc/img2build_pipeline/comparison_output/qualitative_pack_100cases_20260417/image_compare/desks_0004/ours_full_structure.json,/home/tdc/img2build_pipeline/comparison_output/qualitative_pack_100cases_20260417/image_compare/desks_0004/ours_full_diagnostics.json,/home/tdc/img2build_pipeline/output/lego_style_dataset_v1/samples/desks_0004_s00_rotate_x,/home/tdc/img2build_pipeline/output/lego_style_dataset_v1/samples/desks_0004_s00_rotate_x/target_mesh.glb,True,169,0.9940828402366864,0.0,0.15976331360946747,0.20095701222342355,0.036746133275238305,0.005917159763313609,0,27,169,,True,True,True
image_compare,desks_0004,instantmesh,/home/tdc/img2build_pipeline/comparison_output/qualitative_pack_100cases_20260417/image_compare/desks_0004/summary.json,/home/tdc/img2build_pipeline/comparison_output/qualitative_pack_100cases_20260417/image_compare/desks_0004/instantmesh_mesh.obj,/home/tdc/img2build_pipeline/comparison_output/qualitative_pack_100cases_20260417/image_compare/desks_0004/instantmesh_structure.json,/home/tdc/img2build_pipeline/comparison_output/qualitative_pack_100cases_20260417/image_compare/desks_0004/instantmesh_diagnostics.json,/home/tdc/img2build_pipeline/output/lego_style_dataset_v1/samples/desks_0004_s00_rotate_x,/home/tdc/img2build_pipeline/output/lego_style_dataset_v1/samples/desks_0004_s00_rotate_x/target_mesh.glb,True,244,0.9836065573770492,0.03278688524590164,0.20081967213114754,0.22437480441059876,0.029483617530576038,0.01639344262295082,8,49,244,,True,True,True
image_compare,desks_0004,triposr,/home/tdc/img2build_pipeline/comparison_output/qualitative_pack_100cases_20260417/image_compare/desks_0004/summary.json,/home/tdc/img2build_pipeline/comparison_output/qualitative_pack_100cases_20260417/image_compare/desks_0004/triposr_mesh.glb,/home/tdc/img2build_pipeline/comparison_output/qualitative_pack_100cases_20260417/image_compare/desks_0004/triposr_structure.json,/home/tdc/img2build_pipeline/comparison_output/qualitative_pack_100cases_20260417/image_compare/desks_0004/triposr_diagnostics.json,/home/tdc/img2build_pipeline/output/lego_style_dataset_v1/samples/desks_0004_s00_rotate_x,/home/tdc/img2build_pipeline/output/lego_style_dataset_v1/samples/desks_0004_s00_rotate_x/target_mesh.glb,True,320,1.0,0.009375,0.090625,0.213086379621791,0.02591600315950999,0.0,3,29,320,,True,True,True
image_compare,desks_0006,ours_full,/home/tdc/img2build_pipeline/comparison_output/qualitative_pack_100cases_20260417/image_compare/desks_0006/summary.json,/home/tdc/img2build_pipeline/comparison_output/qualitative_pack_100cases_20260417/image_compare/desks_0006/ours_full_mesh.glb,/home/tdc/img2build_pipeline/comparison_output/qualitative_pack_100cases_20260417/image_compare/desks_0006/ours_full_structure.json,/home/tdc/img2build_pipeline/comparison_output/qualitative_pack_100cases_20260417/image_compare/desks_0006/ours_full_diagnostics.json,/home/tdc/img2build_pipeline/output/lego_style_dataset_v1/samples/desks_0006_s00_rotate_x,/home/tdc/img2build_pipeline/output/lego_style_dataset_v1/samples/desks_0006_s00_rotate_x/target_mesh.glb,True,220,1.0,0.0,0.08636363636363636,0.2680192570792548,0.03827252687782089,0.0,0,19,220,,True,True,True
image_compare,desks_0006,instantmesh,/home/tdc/img2build_pipeline/comparison_output/qualitative_pack_100cases_20260417/image_compare/desks_0006/summary.json,/home/tdc/img2build_pipeline/comparison_output/qualitative_pack_100cases_20260417/image_compare/desks_0006/instantmesh_mesh.obj,/home/tdc/img2build_pipeline/comparison_output/qualitative_pack_100cases_20260417/image_compare/desks_0006/instantmesh_structure.json,/home/tdc/img2build_pipeline/comparison_output/qualitative_pack_100cases_20260417/image_compare/desks_0006/instantmesh_diagnostics.json,/home/tdc/img2build_pipeline/output/lego_style_dataset_v1/samples/desks_0006_s00_rotate_x,/home/tdc/img2build_pipeline/output/lego_style_dataset_v1/samples/desks_0006_s00_rotate_x/target_mesh.glb,True,351,1.0,0.019943019943019943,0.1225071225071225,0.1765283988189738,0.03292575483162792,0.0,7,43,351,,True,True,True
image_compare,desks_0006,triposr,/home/tdc/img2build_pipeline/comparison_output/qualitative_pack_100cases_20260417/image_compare/desks_0006/summary.json,/home/tdc/img2build_pipeline/comparison_output/qualitative_pack_100cases_20260417/image_compare/desks_0006/triposr_mesh.glb,/home/tdc/img2build_pipeline/comparison_output/qualitative_pack_100cases_20260417/image_compare/desks_0006/triposr_structure.json,/home/tdc/img2build_pipeline/comparison_output/qualitative_pack_100cases_20260417/image_compare/desks_0006/triposr_diagnostics.json,/home/tdc/img2build_pipeline/output/lego_style_dataset_v1/samples/desks_0006_s00_rotate_x,/home/tdc/img2build_pipeline/output/lego_style_dataset_v1/samples/desks_0006_s00_rotate_x/target_mesh.glb,True,335,0.9970149253731343,0.020895522388059702,0.09253731343283582,0.19377971654170872,0.02867797147200085,0.0029850746268656717,7,31,335,,True,True,True
image_compare,desks_0007,ours_full,/home/tdc/img2build_pipeline/comparison_output/qualitative_pack_100cases_20260417/image_compare/desks_0007/summary.json,/home/tdc/img2build_pipeline/comparison_output/qualitative_pack_100cases_20260417/image_compare/desks_0007/ours_full_mesh.glb,/home/tdc/img2build_pipeline/comparison_output/qualitative_pack_100cases_20260417/image_compare/desks_0007/ours_full_structure.json,/home/tdc/img2build_pipeline/comparison_output/qualitative_pack_100cases_20260417/image_compare/desks_0007/ours_full_diagnostics.json,/home/tdc/img2build_pipeline/output/lego_style_dataset_v1/samples/desks_0007_s00_rotate_x,/home/tdc/img2build_pipeline/output/lego_style_dataset_v1/samples/desks_0007_s00_rotate_x/target_mesh.glb,True,101,1.0,0.019801980198019802,0.3465346534653465,0.24227853611223382,0.008134499488439176,0.0,2,35,101,,True,True,True
image_compare,desks_0007,instantmesh,/home/tdc/img2build_pipeline/comparison_output/qualitative_pack_100cases_20260417/image_compare/desks_0007/summary.json,/home/tdc/img2build_pipeline/comparison_output/qualitative_pack_100cases_20260417/image_compare/desks_0007/instantmesh_mesh.obj,/home/tdc/img2build_pipeline/comparison_output/qualitative_pack_100cases_20260417/image_compare/desks_0007/instantmesh_structure.json,/home/tdc/img2build_pipeline/comparison_output/qualitative_pack_100cases_20260417/image_compare/desks_0007/instantmesh_diagnostics.json,/home/tdc/img2build_pipeline/output/lego_style_dataset_v1/samples/desks_0007_s00_rotate_x,/home/tdc/img2build_pipeline/output/lego_style_dataset_v1/samples/desks_0007_s00_rotate_x/target_mesh.glb,True,103,0.6019417475728155,0.08737864077669903,0.4077669902912621,0.23989257886173393,0.05471985494603636,0.14563106796116504,9,42,103,,True,True,True
image_compare,desks_0007,triposr,/home/tdc/img2build_pipeline/comparison_output/qualitative_pack_100cases_20260417/image_compare/desks_0007/summary.json,/home/tdc/img2build_pipeline/comparison_output/qualitative_pack_100cases_20260417/image_compare/desks_0007/triposr_mesh.glb,/home/tdc/img2build_pipeline/comparison_output/qualitative_pack_100cases_20260417/image_compare/desks_0007/triposr_structure.json,/home/tdc/img2build_pipeline/comparison_output/qualitative_pack_100cases_20260417/image_compare/desks_0007/triposr_diagnostics.json,/home/tdc/img2build_pipeline/output/lego_style_dataset_v1/samples/desks_0007_s00_rotate_x,/home/tdc/img2build_pipeline/output/lego_style_dataset_v1/samples/desks_0007_s00_rotate_x/target_mesh.glb,True,157,0.9554140127388535,0.05732484076433121,0.28662420382165604,0.3684977117841892,0.11144521701977136,0.044585987261146494,9,45,157,,True,True,True
image_compare,desks_0009,ours_full,/home/tdc/img2build_pipeline/comparison_output/qualitative_pack_100cases_20260417/image_compare/desks_0009/summary.json,/home/tdc/img2build_pipeline/comparison_output/qualitative_pack_100cases_20260417/image_compare/desks_0009/ours_full_mesh.glb,/home/tdc/img2build_pipeline/comparison_output/qualitative_pack_100cases_20260417/image_compare/desks_0009/ours_full_structure.json,/home/tdc/img2build_pipeline/comparison_output/qualitative_pack_100cases_20260417/image_compare/desks_0009/ours_full_diagnostics.json,/home/tdc/img2build_pipeline/output/lego_style_dataset_v1/samples/desks_0009_s00_rotate_x,/home/tdc/img2build_pipeline/output/lego_style_dataset_v1/samples/desks_0009_s00_rotate_x/target_mesh.glb,True,136,0.875,0.04411764705882353,0.25735294117647056,0.37655247474442677,0.09058660757257953,0.022058823529411766,6,35,136,,True,True,True
image_compare,desks_0009,instantmesh,/home/tdc/img2build_pipeline/comparison_output/qualitative_pack_100cases_20260417/image_compare/desks_0009/summary.json,/home/tdc/img2build_pipeline/comparison_output/qualitative_pack_100cases_20260417/image_compare/desks_0009/instantmesh_mesh.obj,/home/tdc/img2build_pipeline/comparison_output/qualitative_pack_100cases_20260417/image_compare/desks_0009/instantmesh_structure.json,/home/tdc/img2build_pipeline/comparison_output/qualitative_pack_100cases_20260417/image_compare/desks_0009/instantmesh_diagnostics.json,/home/tdc/img2build_pipeline/output/lego_style_dataset_v1/samples/desks_0009_s00_rotate_x,/home/tdc/img2build_pipeline/output/lego_style_dataset_v1/samples/desks_0009_s00_rotate_x/target_mesh.glb,True,191,0.9267015706806283,0.11518324607329843,0.38219895287958117,0.28941081871547797,0.046440518458014196,0.07329842931937172,22,73,191,,True,True,True
image_compare,desks_0009,triposr,/home/tdc/img2build_pipeline/comparison_output/qualitative_pack_100cases_20260417/image_compare/desks_0009/summary.json,/home/tdc/img2build_pipeline/comparison_output/qualitative_pack_100cases_20260417/image_compare/desks_0009/triposr_mesh.glb,/home/tdc/img2build_pipeline/comparison_output/qualitative_pack_100cases_20260417/image_compare/desks_0009/triposr_structure.json,/home/tdc/img2build_pipeline/comparison_output/qualitative_pack_100cases_20260417/image_compare/desks_0009/triposr_diagnostics.json,/home/tdc/img2build_pipeline/output/lego_style_dataset_v1/samples/desks_0009_s00_rotate_x,/home/tdc/img2build_pipeline/output/lego_style_dataset_v1/samples/desks_0009_s00_rotate_x/target_mesh.glb,True,178,0.9606741573033708,0.0449438202247191,0.1797752808988764,0.20982430565989646,0.02983722954560376,0.03932584269662921,8,32,178,,True,True,True
image_compare,desks_0010,ours_full,/home/tdc/img2build_pipeline/comparison_output/qualitative_pack_100cases_20260417/image_compare/desks_0010/summary.json,/home/tdc/img2build_pipeline/comparison_output/qualitative_pack_100cases_20260417/image_compare/desks_0010/ours_full_mesh.glb,/home/tdc/img2build_pipeline/comparison_output/qualitative_pack_100cases_20260417/image_compare/desks_0010/ours_full_structure.json,/home/tdc/img2build_pipeline/comparison_output/qualitative_pack_100cases_20260417/image_compare/desks_0010/ours_full_diagnostics.json,/home/tdc/img2build_pipeline/output/lego_style_dataset_v1/samples/desks_0010_s00_rotate_x,/home/tdc/img2build_pipeline/output/lego_style_dataset_v1/samples/desks_0010_s00_rotate_x/target_mesh.glb,True,146,0.815068493150685,0.0273972602739726,0.2054794520547945,0.3541755032023264,0.09352176197008732,0.02054794520547945,4,30,146,,True,True,True
image_compare,desks_0010,instantmesh,/home/tdc/img2build_pipeline/comparison_output/qualitative_pack_100cases_20260417/image_compare/desks_0010/summary.json,/home/tdc/img2build_pipeline/comparison_output/qualitative_pack_100cases_20260417/image_compare/desks_0010/instantmesh_mesh.obj,/home/tdc/img2build_pipeline/comparison_output/qualitative_pack_100cases_20260417/image_compare/desks_0010/instantmesh_structure.json,/home/tdc/img2build_pipeline/comparison_output/qualitative_pack_100cases_20260417/image_compare/desks_0010/instantmesh_diagnostics.json,/home/tdc/img2build_pipeline/output/lego_style_dataset_v1/samples/desks_0010_s00_rotate_x,/home/tdc/img2build_pipeline/output/lego_style_dataset_v1/samples/desks_0010_s00_rotate_x/target_mesh.glb,True,179,0.9832402234636871,0.055865921787709494,0.29608938547486036,0.2839532148513373,0.050273124219600215,0.01675977653631285,10,53,179,,True,True,True
image_compare,desks_0010,triposr,/home/tdc/img2build_pipeline/comparison_output/qualitative_pack_100cases_20260417/image_compare/desks_0010/summary.json,/home/tdc/img2build_pipeline/comparison_output/qualitative_pack_100cases_20260417/image_compare/desks_0010/triposr_mesh.glb,/home/tdc/img2build_pipeline/comparison_output/qualitative_pack_100cases_20260417/image_compare/desks_0010/triposr_structure.json,/home/tdc/img2build_pipeline/comparison_output/qualitative_pack_100cases_20260417/image_compare/desks_0010/triposr_diagnostics.json,/home/tdc/img2build_pipeline/output/lego_style_dataset_v1/samples/desks_0010_s00_rotate_x,/home/tdc/img2build_pipeline/output/lego_style_dataset_v1/samples/desks_0010_s00_rotate_x/target_mesh.glb,True,173,0.976878612716763,0.07514450867052024,0.23121387283236994,0.2092869497529437,0.031692282396652824,0.023121387283236993,13,40,173,,True,True,True
image_compare,desks_0013,ours_full,/home/tdc/img2build_pipeline/comparison_output/qualitative_pack_100cases_20260417/image_compare/desks_0013/summary.json,/home/tdc/img2build_pipeline/comparison_output/qualitative_pack_100cases_20260417/image_compare/desks_0013/ours_full_mesh.glb,/home/tdc/img2build_pipeline/comparison_output/qualitative_pack_100cases_20260417/image_compare/desks_0013/ours_full_structure.json,/home/tdc/img2build_pipeline/comparison_output/qualitative_pack_100cases_20260417/image_compare/desks_0013/ours_full_diagnostics.json,,,False,286,0.9790209790209791,0.0,0.07692307692307693,,,0.02097902097902098,0,22,286,,True,False,True
image_compare,desks_0013,instantmesh,/home/tdc/img2build_pipeline/comparison_output/qualitative_pack_100cases_20260417/image_compare/desks_0013/summary.json,/home/tdc/img2build_pipeline/comparison_output/qualitative_pack_100cases_20260417/image_compare/desks_0013/instantmesh_mesh.obj,/home/tdc/img2build_pipeline/comparison_output/qualitative_pack_100cases_20260417/image_compare/desks_0013/instantmesh_structure.json,/home/tdc/img2build_pipeline/comparison_output/qualitative_pack_100cases_20260417/image_compare/desks_0013/instantmesh_diagnostics.json,,,False,199,0.8492462311557789,0.08542713567839195,0.19597989949748743,,,0.12060301507537688,17,39,199,,True,False,True
image_compare,desks_0013,triposr,/home/tdc/img2build_pipeline/comparison_output/qualitative_pack_100cases_20260417/image_compare/desks_0013/summary.json,/home/tdc/img2build_pipeline/comparison_output/qualitative_pack_100cases_20260417/image_compare/desks_0013/triposr_mesh.glb,/home/tdc/img2build_pipeline/comparison_output/qualitative_pack_100cases_20260417/image_compare/desks_0013/triposr_structure.json,/home/tdc/img2build_pipeline/comparison_output/qualitative_pack_100cases_20260417/image_compare/desks_0013/triposr_diagnostics.json,,,False,241,0.9875518672199171,0.04564315352697095,0.22821576763485477,,,0.012448132780082987,11,55,241,,True,False,True
image_compare,desks_0015,ours_full,/home/tdc/img2build_pipeline/comparison_output/qualitative_pack_100cases_20260417/image_compare/desks_0015/summary.json,/home/tdc/img2build_pipeline/comparison_output/qualitative_pack_100cases_20260417/image_compare/desks_0015/ours_full_mesh.glb,/home/tdc/img2build_pipeline/comparison_output/qualitative_pack_100cases_20260417/image_compare/desks_0015/ours_full_structure.json,/home/tdc/img2build_pipeline/comparison_output/qualitative_pack_100cases_20260417/image_compare/desks_0015/ours_full_diagnostics.json,,,False,188,0.9840425531914894,0.015957446808510637,0.11702127659574468,,,0.015957446808510637,3,22,188,,True,False,True
image_compare,desks_0015,instantmesh,/home/tdc/img2build_pipeline/comparison_output/qualitative_pack_100cases_20260417/image_compare/desks_0015/summary.json,/home/tdc/img2build_pipeline/comparison_output/qualitative_pack_100cases_20260417/image_compare/desks_0015/instantmesh_mesh.obj,/home/tdc/img2build_pipeline/comparison_output/qualitative_pack_100cases_20260417/image_compare/desks_0015/instantmesh_structure.json,/home/tdc/img2build_pipeline/comparison_output/qualitative_pack_100cases_20260417/image_compare/desks_0015/instantmesh_diagnostics.json,,,False,170,0.9294117647058824,0.1,0.3,,,0.07058823529411765,17,51,170,,True,False,True
image_compare,desks_0015,triposr,/home/tdc/img2build_pipeline/comparison_output/qualitative_pack_100cases_20260417/image_compare/desks_0015/summary.json,/home/tdc/img2build_pipeline/comparison_output/qualitative_pack_100cases_20260417/image_compare/desks_0015/triposr_mesh.glb,/home/tdc/img2build_pipeline/comparison_output/qualitative_pack_100cases_20260417/image_compare/desks_0015/triposr_structure.json,/home/tdc/img2build_pipeline/comparison_output/qualitative_pack_100cases_20260417/image_compare/desks_0015/triposr_diagnostics.json,,,False,211,0.981042654028436,0.061611374407582936,0.1943127962085308,,,0.018957345971563982,13,41,211,,True,False,True
image_compare,desks_0017,ours_full,/home/tdc/img2build_pipeline/comparison_output/qualitative_pack_100cases_20260417/image_compare/desks_0017/summary.json,/home/tdc/img2build_pipeline/comparison_output/qualitative_pack_100cases_20260417/image_compare/desks_0017/ours_full_mesh.glb,/home/tdc/img2build_pipeline/comparison_output/qualitative_pack_100cases_20260417/image_compare/desks_0017/ours_full_structure.json,/home/tdc/img2build_pipeline/comparison_output/qualitative_pack_100cases_20260417/image_compare/desks_0017/ours_full_diagnostics.json,,,False,108,0.8240740740740741,0.046296296296296294,0.16666666666666666,,,0.027777777777777776,5,18,108,,True,False,True
image_compare,desks_0017,instantmesh,/home/tdc/img2build_pipeline/comparison_output/qualitative_pack_100cases_20260417/image_compare/desks_0017/summary.json,/home/tdc/img2build_pipeline/comparison_output/qualitative_pack_100cases_20260417/image_compare/desks_0017/instantmesh_mesh.obj,/home/tdc/img2build_pipeline/comparison_output/qualitative_pack_100cases_20260417/image_compare/desks_0017/instantmesh_structure.json,/home/tdc/img2build_pipeline/comparison_output/qualitative_pack_100cases_20260417/image_compare/desks_0017/instantmesh_diagnostics.json,,,False,183,0.9617486338797814,0.060109289617486336,0.2896174863387978,,,0.03825136612021858,11,53,183,,True,False,True
image_compare,desks_0017,triposr,/home/tdc/img2build_pipeline/comparison_output/qualitative_pack_100cases_20260417/image_compare/desks_0017/summary.json,/home/tdc/img2build_pipeline/comparison_output/qualitative_pack_100cases_20260417/image_compare/desks_0017/triposr_mesh.glb,/home/tdc/img2build_pipeline/comparison_output/qualitative_pack_100cases_20260417/image_compare/desks_0017/triposr_structure.json,/home/tdc/img2build_pipeline/comparison_output/qualitative_pack_100cases_20260417/image_compare/desks_0017/triposr_diagnostics.json,,,False,165,0.9393939393939394,0.06666666666666667,0.2727272727272727,,,0.06060606060606061,11,45,165,,True,False,True
image_compare,desks_0018,ours_full,/home/tdc/img2build_pipeline/comparison_output/qualitative_pack_100cases_20260417/image_compare/desks_0018/summary.json,/home/tdc/img2build_pipeline/comparison_output/qualitative_pack_100cases_20260417/image_compare/desks_0018/ours_full_mesh.glb,/home/tdc/img2build_pipeline/comparison_output/qualitative_pack_100cases_20260417/image_compare/desks_0018/ours_full_structure.json,/home/tdc/img2build_pipeline/comparison_output/qualitative_pack_100cases_20260417/image_compare/desks_0018/ours_full_diagnostics.json,,,False,249,0.9678714859437751,0.0,0.1566265060240964,,,0.0321285140562249,0,39,249,,True,False,True
image_compare,desks_0018,instantmesh,/home/tdc/img2build_pipeline/comparison_output/qualitative_pack_100cases_20260417/image_compare/desks_0018/summary.json,/home/tdc/img2build_pipeline/comparison_output/qualitative_pack_100cases_20260417/image_compare/desks_0018/instantmesh_mesh.obj,/home/tdc/img2build_pipeline/comparison_output/qualitative_pack_100cases_20260417/image_compare/desks_0018/instantmesh_structure.json,/home/tdc/img2build_pipeline/comparison_output/qualitative_pack_100cases_20260417/image_compare/desks_0018/instantmesh_diagnostics.json,,,False,181,0.8453038674033149,0.13812154696132597,0.32044198895027626,,,0.08287292817679558,25,58,181,,True,False,True
image_compare,desks_0018,triposr,/home/tdc/img2build_pipeline/comparison_output/qualitative_pack_100cases_20260417/image_compare/desks_0018/summary.json,/home/tdc/img2build_pipeline/comparison_output/qualitative_pack_100cases_20260417/image_compare/desks_0018/triposr_mesh.glb,/home/tdc/img2build_pipeline/comparison_output/qualitative_pack_100cases_20260417/image_compare/desks_0018/triposr_structure.json,/home/tdc/img2build_pipeline/comparison_output/qualitative_pack_100cases_20260417/image_compare/desks_0018/triposr_diagnostics.json,,,False,361,1.0,0.0110803324099723,0.10249307479224377,,,0.0,4,37,361,,True,False,True
image_compare,desks_0022,ours_full,/home/tdc/img2build_pipeline/comparison_output/qualitative_pack_100cases_20260417/image_compare/desks_0022/summary.json,/home/tdc/img2build_pipeline/comparison_output/qualitative_pack_100cases_20260417/image_compare/desks_0022/ours_full_mesh.glb,/home/tdc/img2build_pipeline/comparison_output/qualitative_pack_100cases_20260417/image_compare/desks_0022/ours_full_structure.json,/home/tdc/img2build_pipeline/comparison_output/qualitative_pack_100cases_20260417/image_compare/desks_0022/ours_full_diagnostics.json,,,False,170,1.0,0.029411764705882353,0.1,,,0.0,5,17,170,,True,False,True
image_compare,desks_0022,instantmesh,/home/tdc/img2build_pipeline/comparison_output/qualitative_pack_100cases_20260417/image_compare/desks_0022/summary.json,/home/tdc/img2build_pipeline/comparison_output/qualitative_pack_100cases_20260417/image_compare/desks_0022/instantmesh_mesh.obj,/home/tdc/img2build_pipeline/comparison_output/qualitative_pack_100cases_20260417/image_compare/desks_0022/instantmesh_structure.json,/home/tdc/img2build_pipeline/comparison_output/qualitative_pack_100cases_20260417/image_compare/desks_0022/instantmesh_diagnostics.json,,,False,269,0.9702602230483272,0.07063197026022305,0.21561338289962825,,,0.02973977695167286,19,58,269,,True,False,True
image_compare,desks_0022,triposr,/home/tdc/img2build_pipeline/comparison_output/qualitative_pack_100cases_20260417/image_compare/desks_0022/summary.json,/home/tdc/img2build_pipeline/comparison_output/qualitative_pack_100cases_20260417/image_compare/desks_0022/triposr_mesh.glb,/home/tdc/img2build_pipeline/comparison_output/qualitative_pack_100cases_20260417/image_compare/desks_0022/triposr_structure.json,/home/tdc/img2build_pipeline/comparison_output/qualitative_pack_100cases_20260417/image_compare/desks_0022/triposr_diagnostics.json,,,False,324,0.9969135802469136,0.021604938271604937,0.1388888888888889,,,0.0030864197530864196,7,45,324,,True,False,True
image_compare,desks_0030,ours_full,/home/tdc/img2build_pipeline/comparison_output/qualitative_pack_100cases_20260417/image_compare/desks_0030/summary.json,/home/tdc/img2build_pipeline/comparison_output/qualitative_pack_100cases_20260417/image_compare/desks_0030/ours_full_mesh.glb,/home/tdc/img2build_pipeline/comparison_output/qualitative_pack_100cases_20260417/image_compare/desks_0030/ours_full_structure.json,/home/tdc/img2build_pipeline/comparison_output/qualitative_pack_100cases_20260417/image_compare/desks_0030/ours_full_diagnostics.json,,,False,152,0.9802631578947368,0.039473684210526314,0.3092105263157895,,,0.019736842105263157,6,47,152,,True,False,True
image_compare,desks_0030,instantmesh,/home/tdc/img2build_pipeline/comparison_output/qualitative_pack_100cases_20260417/image_compare/desks_0030/summary.json,/home/tdc/img2build_pipeline/comparison_output/qualitative_pack_100cases_20260417/image_compare/desks_0030/instantmesh_mesh.obj,/home/tdc/img2build_pipeline/comparison_output/qualitative_pack_100cases_20260417/image_compare/desks_0030/instantmesh_structure.json,/home/tdc/img2build_pipeline/comparison_output/qualitative_pack_100cases_20260417/image_compare/desks_0030/instantmesh_diagnostics.json,,,False,157,0.535031847133758,0.09554140127388536,0.445859872611465,,,0.044585987261146494,15,70,157,,True,False,True
image_compare,desks_0030,triposr,/home/tdc/img2build_pipeline/comparison_output/qualitative_pack_100cases_20260417/image_compare/desks_0030/summary.json,/home/tdc/img2build_pipeline/comparison_output/qualitative_pack_100cases_20260417/image_compare/desks_0030/triposr_mesh.glb,/home/tdc/img2build_pipeline/comparison_output/qualitative_pack_100cases_20260417/image_compare/desks_0030/triposr_structure.json,/home/tdc/img2build_pipeline/comparison_output/qualitative_pack_100cases_20260417/image_compare/desks_0030/triposr_diagnostics.json,,,False,384,1.0,0.0026041666666666665,0.07291666666666667,,,0.0,1,28,384,,True,False,True
image_compare,desks_0034,ours_full,/home/tdc/img2build_pipeline/comparison_output/qualitative_pack_100cases_20260417/image_compare/desks_0034/summary.json,/home/tdc/img2build_pipeline/comparison_output/qualitative_pack_100cases_20260417/image_compare/desks_0034/ours_full_mesh.glb,/home/tdc/img2build_pipeline/comparison_output/qualitative_pack_100cases_20260417/image_compare/desks_0034/ours_full_structure.json,/home/tdc/img2build_pipeline/comparison_output/qualitative_pack_100cases_20260417/image_compare/desks_0034/ours_full_diagnostics.json,,,False,124,1.0,0.0,0.22580645161290322,,,0.0,0,28,124,,True,False,True
image_compare,desks_0034,instantmesh,/home/tdc/img2build_pipeline/comparison_output/qualitative_pack_100cases_20260417/image_compare/desks_0034/summary.json,/home/tdc/img2build_pipeline/comparison_output/qualitative_pack_100cases_20260417/image_compare/desks_0034/instantmesh_mesh.obj,/home/tdc/img2build_pipeline/comparison_output/qualitative_pack_100cases_20260417/image_compare/desks_0034/instantmesh_structure.json,/home/tdc/img2build_pipeline/comparison_output/qualitative_pack_100cases_20260417/image_compare/desks_0034/instantmesh_diagnostics.json,,,False,82,0.5853658536585366,0.1951219512195122,0.6463414634146342,,,0.12195121951219512,16,53,82,,True,False,True
image_compare,desks_0034,triposr,/home/tdc/img2build_pipeline/comparison_output/qualitative_pack_100cases_20260417/image_compare/desks_0034/summary.json,/home/tdc/img2build_pipeline/comparison_output/qualitative_pack_100cases_20260417/image_compare/desks_0034/triposr_mesh.glb,/home/tdc/img2build_pipeline/comparison_output/qualitative_pack_100cases_20260417/image_compare/desks_0034/triposr_structure.json,/home/tdc/img2build_pipeline/comparison_output/qualitative_pack_100cases_20260417/image_compare/desks_0034/triposr_diagnostics.json,,,False,155,0.9483870967741935,0.0967741935483871,0.33548387096774196,,,0.03225806451612903,15,52,155,,True,False,True
image_compare,desks_0035,ours_full,/home/tdc/img2build_pipeline/comparison_output/qualitative_pack_100cases_20260417/image_compare/desks_0035/summary.json,/home/tdc/img2build_pipeline/comparison_output/qualitative_pack_100cases_20260417/image_compare/desks_0035/ours_full_mesh.glb,/home/tdc/img2build_pipeline/comparison_output/qualitative_pack_100cases_20260417/image_compare/desks_0035/ours_full_structure.json,/home/tdc/img2build_pipeline/comparison_output/qualitative_pack_100cases_20260417/image_compare/desks_0035/ours_full_diagnostics.json,,,False,140,1.0,0.0,0.2642857142857143,,,0.0,0,37,140,,True,False,True
image_compare,desks_0035,instantmesh,/home/tdc/img2build_pipeline/comparison_output/qualitative_pack_100cases_20260417/image_compare/desks_0035/summary.json,/home/tdc/img2build_pipeline/comparison_output/qualitative_pack_100cases_20260417/image_compare/desks_0035/instantmesh_mesh.obj,/home/tdc/img2build_pipeline/comparison_output/qualitative_pack_100cases_20260417/image_compare/desks_0035/instantmesh_structure.json,/home/tdc/img2build_pipeline/comparison_output/qualitative_pack_100cases_20260417/image_compare/desks_0035/instantmesh_diagnostics.json,,,False,207,0.9855072463768116,0.04830917874396135,0.3671497584541063,,,0.014492753623188406,10,76,207,,True,False,True
image_compare,desks_0035,triposr,/home/tdc/img2build_pipeline/comparison_output/qualitative_pack_100cases_20260417/image_compare/desks_0035/summary.json,/home/tdc/img2build_pipeline/comparison_output/qualitative_pack_100cases_20260417/image_compare/desks_0035/triposr_mesh.glb,/home/tdc/img2build_pipeline/comparison_output/qualitative_pack_100cases_20260417/image_compare/desks_0035/triposr_structure.json,/home/tdc/img2build_pipeline/comparison_output/qualitative_pack_100cases_20260417/image_compare/desks_0035/triposr_diagnostics.json,,,False,204,0.9656862745098039,0.03431372549019608,0.12254901960784313,,,0.03431372549019608,7,25,204,,True,False,True
image_compare,desks_0036,ours_full,/home/tdc/img2build_pipeline/comparison_output/qualitative_pack_100cases_20260417/image_compare/desks_0036/summary.json,/home/tdc/img2build_pipeline/comparison_output/qualitative_pack_100cases_20260417/image_compare/desks_0036/ours_full_mesh.glb,/home/tdc/img2build_pipeline/comparison_output/qualitative_pack_100cases_20260417/image_compare/desks_0036/ours_full_structure.json,/home/tdc/img2build_pipeline/comparison_output/qualitative_pack_100cases_20260417/image_compare/desks_0036/ours_full_diagnostics.json,,,False,138,1.0,0.0,0.18115942028985507,,,0.0,0,25,138,,True,False,True
image_compare,desks_0036,instantmesh,/home/tdc/img2build_pipeline/comparison_output/qualitative_pack_100cases_20260417/image_compare/desks_0036/summary.json,/home/tdc/img2build_pipeline/comparison_output/qualitative_pack_100cases_20260417/image_compare/desks_0036/instantmesh_mesh.obj,/home/tdc/img2build_pipeline/comparison_output/qualitative_pack_100cases_20260417/image_compare/desks_0036/instantmesh_structure.json,/home/tdc/img2build_pipeline/comparison_output/qualitative_pack_100cases_20260417/image_compare/desks_0036/instantmesh_diagnostics.json,,,False,205,0.9658536585365853,0.08292682926829269,0.4,,,0.03414634146341464,17,82,205,,True,False,True
image_compare,desks_0036,triposr,/home/tdc/img2build_pipeline/comparison_output/qualitative_pack_100cases_20260417/image_compare/desks_0036/summary.json,/home/tdc/img2build_pipeline/comparison_output/qualitative_pack_100cases_20260417/image_compare/desks_0036/triposr_mesh.glb,/home/tdc/img2build_pipeline/comparison_output/qualitative_pack_100cases_20260417/image_compare/desks_0036/triposr_structure.json,/home/tdc/img2build_pipeline/comparison_output/qualitative_pack_100cases_20260417/image_compare/desks_0036/triposr_diagnostics.json,,,False,198,0.9595959595959596,0.045454545454545456,0.13636363636363635,,,0.04040404040404041,9,27,198,,True,False,True
image_compare,desks_0048,ours_full,/home/tdc/img2build_pipeline/comparison_output/qualitative_pack_100cases_20260417/image_compare/desks_0048/summary.json,/home/tdc/img2build_pipeline/comparison_output/qualitative_pack_100cases_20260417/image_compare/desks_0048/ours_full_mesh.glb,/home/tdc/img2build_pipeline/comparison_output/qualitative_pack_100cases_20260417/image_compare/desks_0048/ours_full_structure.json,/home/tdc/img2build_pipeline/comparison_output/qualitative_pack_100cases_20260417/image_compare/desks_0048/ours_full_diagnostics.json,,,False,133,0.9699248120300752,0.03007518796992481,0.2781954887218045,,,0.03007518796992481,4,37,133,,True,False,True
image_compare,desks_0048,instantmesh,/home/tdc/img2build_pipeline/comparison_output/qualitative_pack_100cases_20260417/image_compare/desks_0048/summary.json,/home/tdc/img2build_pipeline/comparison_output/qualitative_pack_100cases_20260417/image_compare/desks_0048/instantmesh_mesh.obj,/home/tdc/img2build_pipeline/comparison_output/qualitative_pack_100cases_20260417/image_compare/desks_0048/instantmesh_structure.json,/home/tdc/img2build_pipeline/comparison_output/qualitative_pack_100cases_20260417/image_compare/desks_0048/instantmesh_diagnostics.json,,,False,87,0.5977011494252874,0.14942528735632185,0.6206896551724138,,,0.12643678160919541,13,54,87,,True,False,True
image_compare,desks_0048,triposr,/home/tdc/img2build_pipeline/comparison_output/qualitative_pack_100cases_20260417/image_compare/desks_0048/summary.json,/home/tdc/img2build_pipeline/comparison_output/qualitative_pack_100cases_20260417/image_compare/desks_0048/triposr_mesh.glb,/home/tdc/img2build_pipeline/comparison_output/qualitative_pack_100cases_20260417/image_compare/desks_0048/triposr_structure.json,/home/tdc/img2build_pipeline/comparison_output/qualitative_pack_100cases_20260417/image_compare/desks_0048/triposr_diagnostics.json,,,False,113,0.9203539823008849,0.12389380530973451,0.5663716814159292,,,0.07964601769911504,14,64,113,,True,False,True
image_compare,desks_0049,ours_full,/home/tdc/img2build_pipeline/comparison_output/qualitative_pack_100cases_20260417/image_compare/desks_0049/summary.json,/home/tdc/img2build_pipeline/comparison_output/qualitative_pack_100cases_20260417/image_compare/desks_0049/ours_full_mesh.glb,/home/tdc/img2build_pipeline/comparison_output/qualitative_pack_100cases_20260417/image_compare/desks_0049/ours_full_structure.json,/home/tdc/img2build_pipeline/comparison_output/qualitative_pack_100cases_20260417/image_compare/desks_0049/ours_full_diagnostics.json,,,False,138,0.8623188405797102,0.028985507246376812,0.2536231884057971,,,0.021739130434782608,4,35,138,,True,False,True
image_compare,desks_0049,instantmesh,/home/tdc/img2build_pipeline/comparison_output/qualitative_pack_100cases_20260417/image_compare/desks_0049/summary.json,/home/tdc/img2build_pipeline/comparison_output/qualitative_pack_100cases_20260417/image_compare/desks_0049/instantmesh_mesh.obj,/home/tdc/img2build_pipeline/comparison_output/qualitative_pack_100cases_20260417/image_compare/desks_0049/instantmesh_structure.json,/home/tdc/img2build_pipeline/comparison_output/qualitative_pack_100cases_20260417/image_compare/desks_0049/instantmesh_diagnostics.json,,,False,170,0.9176470588235294,0.09411764705882353,0.3588235294117647,,,0.08235294117647059,16,61,170,,True,False,True
image_compare,desks_0049,triposr,/home/tdc/img2build_pipeline/comparison_output/qualitative_pack_100cases_20260417/image_compare/desks_0049/summary.json,/home/tdc/img2build_pipeline/comparison_output/qualitative_pack_100cases_20260417/image_compare/desks_0049/triposr_mesh.glb,/home/tdc/img2build_pipeline/comparison_output/qualitative_pack_100cases_20260417/image_compare/desks_0049/triposr_structure.json,/home/tdc/img2build_pipeline/comparison_output/qualitative_pack_100cases_20260417/image_compare/desks_0049/triposr_diagnostics.json,,,False,184,1.0,0.010869565217391304,0.17391304347826086,,,0.0,2,32,184,,True,False,True
image_compare,kitchen_taps_and_sinks_0014,ours_full,/home/tdc/img2build_pipeline/comparison_output/qualitative_pack_100cases_20260417/image_compare/kitchen_taps_and_sinks_0014/summary.json,/home/tdc/img2build_pipeline/comparison_output/qualitative_pack_100cases_20260417/image_compare/kitchen_taps_and_sinks_0014/ours_full_mesh.glb,/home/tdc/img2build_pipeline/comparison_output/qualitative_pack_100cases_20260417/image_compare/kitchen_taps_and_sinks_0014/ours_full_structure.json,/home/tdc/img2build_pipeline/comparison_output/qualitative_pack_100cases_20260417/image_compare/kitchen_taps_and_sinks_0014/ours_full_diagnostics.json,,,False,61,1.0,0.01639344262295082,0.4098360655737705,,,0.0,1,25,61,,True,False,True
image_compare,kitchen_taps_and_sinks_0014,instantmesh,/home/tdc/img2build_pipeline/comparison_output/qualitative_pack_100cases_20260417/image_compare/kitchen_taps_and_sinks_0014/summary.json,/home/tdc/img2build_pipeline/comparison_output/qualitative_pack_100cases_20260417/image_compare/kitchen_taps_and_sinks_0014/instantmesh_mesh.obj,/home/tdc/img2build_pipeline/comparison_output/qualitative_pack_100cases_20260417/image_compare/kitchen_taps_and_sinks_0014/instantmesh_structure.json,/home/tdc/img2build_pipeline/comparison_output/qualitative_pack_100cases_20260417/image_compare/kitchen_taps_and_sinks_0014/instantmesh_diagnostics.json,,,False,51,0.9803921568627451,0.09803921568627451,0.5686274509803921,,,0.0196078431372549,5,29,51,,True,False,True
image_compare,kitchen_taps_and_sinks_0014,triposr,/home/tdc/img2build_pipeline/comparison_output/qualitative_pack_100cases_20260417/image_compare/kitchen_taps_and_sinks_0014/summary.json,/home/tdc/img2build_pipeline/comparison_output/qualitative_pack_100cases_20260417/image_compare/kitchen_taps_and_sinks_0014/triposr_mesh.glb,/home/tdc/img2build_pipeline/comparison_output/qualitative_pack_100cases_20260417/image_compare/kitchen_taps_and_sinks_0014/triposr_structure.json,/home/tdc/img2build_pipeline/comparison_output/qualitative_pack_100cases_20260417/image_compare/kitchen_taps_and_sinks_0014/triposr_diagnostics.json,,,False,65,1.0,0.046153846153846156,0.4461538461538462,,,0.0,3,29,65,,True,False,True
image_compare,kitchen_taps_and_sinks_0030,ours_full,/home/tdc/img2build_pipeline/comparison_output/qualitative_pack_100cases_20260417/image_compare/kitchen_taps_and_sinks_0030/summary.json,/home/tdc/img2build_pipeline/comparison_output/qualitative_pack_100cases_20260417/image_compare/kitchen_taps_and_sinks_0030/ours_full_mesh.glb,/home/tdc/img2build_pipeline/comparison_output/qualitative_pack_100cases_20260417/image_compare/kitchen_taps_and_sinks_0030/ours_full_structure.json,/home/tdc/img2build_pipeline/comparison_output/qualitative_pack_100cases_20260417/image_compare/kitchen_taps_and_sinks_0030/ours_full_diagnostics.json,,,False,85,1.0,0.011764705882352941,0.17647058823529413,,,0.0,1,15,85,,True,False,True
image_compare,kitchen_taps_and_sinks_0030,instantmesh,/home/tdc/img2build_pipeline/comparison_output/qualitative_pack_100cases_20260417/image_compare/kitchen_taps_and_sinks_0030/summary.json,/home/tdc/img2build_pipeline/comparison_output/qualitative_pack_100cases_20260417/image_compare/kitchen_taps_and_sinks_0030/instantmesh_mesh.obj,/home/tdc/img2build_pipeline/comparison_output/qualitative_pack_100cases_20260417/image_compare/kitchen_taps_and_sinks_0030/instantmesh_structure.json,/home/tdc/img2build_pipeline/comparison_output/qualitative_pack_100cases_20260417/image_compare/kitchen_taps_and_sinks_0030/instantmesh_diagnostics.json,,,False,63,0.9841269841269841,0.031746031746031744,0.2857142857142857,,,0.015873015873015872,2,18,63,,True,False,True
image_compare,kitchen_taps_and_sinks_0030,triposr,/home/tdc/img2build_pipeline/comparison_output/qualitative_pack_100cases_20260417/image_compare/kitchen_taps_and_sinks_0030/summary.json,/home/tdc/img2build_pipeline/comparison_output/qualitative_pack_100cases_20260417/image_compare/kitchen_taps_and_sinks_0030/triposr_mesh.glb,/home/tdc/img2build_pipeline/comparison_output/qualitative_pack_100cases_20260417/image_compare/kitchen_taps_and_sinks_0030/triposr_structure.json,/home/tdc/img2build_pipeline/comparison_output/qualitative_pack_100cases_20260417/image_compare/kitchen_taps_and_sinks_0030/triposr_diagnostics.json,,,False,57,0.631578947368421,0.08771929824561403,0.47368421052631576,,,0.03508771929824561,5,27,57,,True,False,True
image_compare,kitchen_taps_and_sinks_0032,ours_full,/home/tdc/img2build_pipeline/comparison_output/qualitative_pack_100cases_20260417/image_compare/kitchen_taps_and_sinks_0032/summary.json,/home/tdc/img2build_pipeline/comparison_output/qualitative_pack_100cases_20260417/image_compare/kitchen_taps_and_sinks_0032/ours_full_mesh.glb,/home/tdc/img2build_pipeline/comparison_output/qualitative_pack_100cases_20260417/image_compare/kitchen_taps_and_sinks_0032/ours_full_structure.json,/home/tdc/img2build_pipeline/comparison_output/qualitative_pack_100cases_20260417/image_compare/kitchen_taps_and_sinks_0032/ours_full_diagnostics.json,,,False,191,1.0,0.010471204188481676,0.18324607329842932,,,0.0,2,35,191,,True,False,True
image_compare,kitchen_taps_and_sinks_0032,instantmesh,/home/tdc/img2build_pipeline/comparison_output/qualitative_pack_100cases_20260417/image_compare/kitchen_taps_and_sinks_0032/summary.json,/home/tdc/img2build_pipeline/comparison_output/qualitative_pack_100cases_20260417/image_compare/kitchen_taps_and_sinks_0032/instantmesh_mesh.obj,/home/tdc/img2build_pipeline/comparison_output/qualitative_pack_100cases_20260417/image_compare/kitchen_taps_and_sinks_0032/instantmesh_structure.json,/home/tdc/img2build_pipeline/comparison_output/qualitative_pack_100cases_20260417/image_compare/kitchen_taps_and_sinks_0032/instantmesh_diagnostics.json,,,False,167,1.0,0.005988023952095809,0.19161676646706588,,,0.0,1,32,167,,True,False,True
image_compare,kitchen_taps_and_sinks_0032,triposr,/home/tdc/img2build_pipeline/comparison_output/qualitative_pack_100cases_20260417/image_compare/kitchen_taps_and_sinks_0032/summary.json,/home/tdc/img2build_pipeline/comparison_output/qualitative_pack_100cases_20260417/image_compare/kitchen_taps_and_sinks_0032/triposr_mesh.glb,/home/tdc/img2build_pipeline/comparison_output/qualitative_pack_100cases_20260417/image_compare/kitchen_taps_and_sinks_0032/triposr_structure.json,/home/tdc/img2build_pipeline/comparison_output/qualitative_pack_100cases_20260417/image_compare/kitchen_taps_and_sinks_0032/triposr_diagnostics.json,,,False,270,1.0,0.037037037037037035,0.17407407407407408,,,0.0,10,47,270,,True,False,True
image_compare,showers_0002,ours_full,/home/tdc/img2build_pipeline/comparison_output/qualitative_pack_100cases_20260417/image_compare/showers_0002/summary.json,/home/tdc/img2build_pipeline/comparison_output/qualitative_pack_100cases_20260417/image_compare/showers_0002/ours_full_mesh.glb,/home/tdc/img2build_pipeline/comparison_output/qualitative_pack_100cases_20260417/image_compare/showers_0002/ours_full_structure.json,/home/tdc/img2build_pipeline/comparison_output/qualitative_pack_100cases_20260417/image_compare/showers_0002/ours_full_diagnostics.json,,,False,28,1.0,0.0,0.5,,,0.0,0,14,28,,True,False,True
image_compare,showers_0002,instantmesh,/home/tdc/img2build_pipeline/comparison_output/qualitative_pack_100cases_20260417/image_compare/showers_0002/summary.json,/home/tdc/img2build_pipeline/comparison_output/qualitative_pack_100cases_20260417/image_compare/showers_0002/instantmesh_mesh.obj,/home/tdc/img2build_pipeline/comparison_output/qualitative_pack_100cases_20260417/image_compare/showers_0002/instantmesh_structure.json,/home/tdc/img2build_pipeline/comparison_output/qualitative_pack_100cases_20260417/image_compare/showers_0002/instantmesh_diagnostics.json,,,False,28,0.75,0.32142857142857145,0.7142857142857143,,,0.25,9,20,28,,True,False,True
image_compare,showers_0002,triposr,/home/tdc/img2build_pipeline/comparison_output/qualitative_pack_100cases_20260417/image_compare/showers_0002/summary.json,/home/tdc/img2build_pipeline/comparison_output/qualitative_pack_100cases_20260417/image_compare/showers_0002/triposr_mesh.glb,/home/tdc/img2build_pipeline/comparison_output/qualitative_pack_100cases_20260417/image_compare/showers_0002/triposr_structure.json,/home/tdc/img2build_pipeline/comparison_output/qualitative_pack_100cases_20260417/image_compare/showers_0002/triposr_diagnostics.json,,,False,31,0.7096774193548387,0.0967741935483871,0.7096774193548387,,,0.0,3,22,31,,True,False,True
image_compare,showers_0006,ours_full,/home/tdc/img2build_pipeline/comparison_output/qualitative_pack_100cases_20260417/image_compare/showers_0006/summary.json,/home/tdc/img2build_pipeline/comparison_output/qualitative_pack_100cases_20260417/image_compare/showers_0006/ours_full_mesh.glb,/home/tdc/img2build_pipeline/comparison_output/qualitative_pack_100cases_20260417/image_compare/showers_0006/ours_full_structure.json,/home/tdc/img2build_pipeline/comparison_output/qualitative_pack_100cases_20260417/image_compare/showers_0006/ours_full_diagnostics.json,,,False,143,1.0,0.006993006993006993,0.13286713286713286,,,0.0,1,19,143,,True,False,True
image_compare,showers_0006,instantmesh,/home/tdc/img2build_pipeline/comparison_output/qualitative_pack_100cases_20260417/image_compare/showers_0006/summary.json,/home/tdc/img2build_pipeline/comparison_output/qualitative_pack_100cases_20260417/image_compare/showers_0006/instantmesh_mesh.obj,/home/tdc/img2build_pipeline/comparison_output/qualitative_pack_100cases_20260417/image_compare/showers_0006/instantmesh_structure.json,/home/tdc/img2build_pipeline/comparison_output/qualitative_pack_100cases_20260417/image_compare/showers_0006/instantmesh_diagnostics.json,,,False,217,1.0,0.018433179723502304,0.20276497695852536,,,0.0,4,44,217,,True,False,True
image_compare,showers_0006,triposr,/home/tdc/img2build_pipeline/comparison_output/qualitative_pack_100cases_20260417/image_compare/showers_0006/summary.json,/home/tdc/img2build_pipeline/comparison_output/qualitative_pack_100cases_20260417/image_compare/showers_0006/triposr_mesh.glb,/home/tdc/img2build_pipeline/comparison_output/qualitative_pack_100cases_20260417/image_compare/showers_0006/triposr_structure.json,/home/tdc/img2build_pipeline/comparison_output/qualitative_pack_100cases_20260417/image_compare/showers_0006/triposr_diagnostics.json,,,False,271,1.0,0.01107011070110701,0.16974169741697417,,,0.0,3,46,271,,True,False,True
image_compare,showers_0009,ours_full,/home/tdc/img2build_pipeline/comparison_output/qualitative_pack_100cases_20260417/image_compare/showers_0009/summary.json,/home/tdc/img2build_pipeline/comparison_output/qualitative_pack_100cases_20260417/image_compare/showers_0009/ours_full_mesh.glb,/home/tdc/img2build_pipeline/comparison_output/qualitative_pack_100cases_20260417/image_compare/showers_0009/ours_full_structure.json,/home/tdc/img2build_pipeline/comparison_output/qualitative_pack_100cases_20260417/image_compare/showers_0009/ours_full_diagnostics.json,,,False,84,1.0,0.0,0.20238095238095238,,,0.0,0,17,84,,True,False,True
image_compare,showers_0009,instantmesh,/home/tdc/img2build_pipeline/comparison_output/qualitative_pack_100cases_20260417/image_compare/showers_0009/summary.json,/home/tdc/img2build_pipeline/comparison_output/qualitative_pack_100cases_20260417/image_compare/showers_0009/instantmesh_mesh.obj,/home/tdc/img2build_pipeline/comparison_output/qualitative_pack_100cases_20260417/image_compare/showers_0009/instantmesh_structure.json,/home/tdc/img2build_pipeline/comparison_output/qualitative_pack_100cases_20260417/image_compare/showers_0009/instantmesh_diagnostics.json,,,False,184,1.0,0.03804347826086957,0.27717391304347827,,,0.0,7,51,184,,True,False,True
image_compare,showers_0009,triposr,/home/tdc/img2build_pipeline/comparison_output/qualitative_pack_100cases_20260417/image_compare/showers_0009/summary.json,/home/tdc/img2build_pipeline/comparison_output/qualitative_pack_100cases_20260417/image_compare/showers_0009/triposr_mesh.glb,/home/tdc/img2build_pipeline/comparison_output/qualitative_pack_100cases_20260417/image_compare/showers_0009/triposr_structure.json,/home/tdc/img2build_pipeline/comparison_output/qualitative_pack_100cases_20260417/image_compare/showers_0009/triposr_diagnostics.json,,,False,39,0.8974358974358975,0.1794871794871795,0.5128205128205128,,,0.10256410256410256,7,20,39,,True,False,True
image_compare,softtoys_0003,ours_full,/home/tdc/img2build_pipeline/comparison_output/qualitative_pack_100cases_20260417/image_compare/softtoys_0003/summary.json,/home/tdc/img2build_pipeline/comparison_output/qualitative_pack_100cases_20260417/image_compare/softtoys_0003/ours_full_mesh.glb,/home/tdc/img2build_pipeline/comparison_output/qualitative_pack_100cases_20260417/image_compare/softtoys_0003/ours_full_structure.json,/home/tdc/img2build_pipeline/comparison_output/qualitative_pack_100cases_20260417/image_compare/softtoys_0003/ours_full_diagnostics.json,,,False,140,1.0,0.014285714285714285,0.14285714285714285,,,0.0,2,20,140,,True,False,True
image_compare,softtoys_0003,instantmesh,/home/tdc/img2build_pipeline/comparison_output/qualitative_pack_100cases_20260417/image_compare/softtoys_0003/summary.json,/home/tdc/img2build_pipeline/comparison_output/qualitative_pack_100cases_20260417/image_compare/softtoys_0003/instantmesh_mesh.obj,/home/tdc/img2build_pipeline/comparison_output/qualitative_pack_100cases_20260417/image_compare/softtoys_0003/instantmesh_structure.json,/home/tdc/img2build_pipeline/comparison_output/qualitative_pack_100cases_20260417/image_compare/softtoys_0003/instantmesh_diagnostics.json,,,False,298,1.0,0.010067114093959731,0.1342281879194631,,,0.0,3,40,298,,True,False,True
image_compare,softtoys_0003,triposr,/home/tdc/img2build_pipeline/comparison_output/qualitative_pack_100cases_20260417/image_compare/softtoys_0003/summary.json,/home/tdc/img2build_pipeline/comparison_output/qualitative_pack_100cases_20260417/image_compare/softtoys_0003/triposr_mesh.glb,/home/tdc/img2build_pipeline/comparison_output/qualitative_pack_100cases_20260417/image_compare/softtoys_0003/triposr_structure.json,/home/tdc/img2build_pipeline/comparison_output/qualitative_pack_100cases_20260417/image_compare/softtoys_0003/triposr_diagnostics.json,,,False,409,1.0,0.029339853300733496,0.1466992665036675,,,0.0,12,60,409,,True,False,True
image_compare,softtoys_0011,ours_full,/home/tdc/img2build_pipeline/comparison_output/qualitative_pack_100cases_20260417/image_compare/softtoys_0011/summary.json,/home/tdc/img2build_pipeline/comparison_output/qualitative_pack_100cases_20260417/image_compare/softtoys_0011/ours_full_mesh.glb,/home/tdc/img2build_pipeline/comparison_output/qualitative_pack_100cases_20260417/image_compare/softtoys_0011/ours_full_structure.json,/home/tdc/img2build_pipeline/comparison_output/qualitative_pack_100cases_20260417/image_compare/softtoys_0011/ours_full_diagnostics.json,,,False,345,1.0,0.008695652173913044,0.10144927536231885,,,0.0,3,35,345,,True,False,True
image_compare,softtoys_0011,instantmesh,/home/tdc/img2build_pipeline/comparison_output/qualitative_pack_100cases_20260417/image_compare/softtoys_0011/summary.json,/home/tdc/img2build_pipeline/comparison_output/qualitative_pack_100cases_20260417/image_compare/softtoys_0011/instantmesh_mesh.obj,/home/tdc/img2build_pipeline/comparison_output/qualitative_pack_100cases_20260417/image_compare/softtoys_0011/instantmesh_structure.json,/home/tdc/img2build_pipeline/comparison_output/qualitative_pack_100cases_20260417/image_compare/softtoys_0011/instantmesh_diagnostics.json,,,False,429,0.986013986013986,0.027972027972027972,0.1888111888111888,,,0.004662004662004662,12,81,429,,True,False,True
image_compare,softtoys_0011,triposr,/home/tdc/img2build_pipeline/comparison_output/qualitative_pack_100cases_20260417/image_compare/softtoys_0011/summary.json,/home/tdc/img2build_pipeline/comparison_output/qualitative_pack_100cases_20260417/image_compare/softtoys_0011/triposr_mesh.glb,/home/tdc/img2build_pipeline/comparison_output/qualitative_pack_100cases_20260417/image_compare/softtoys_0011/triposr_structure.json,/home/tdc/img2build_pipeline/comparison_output/qualitative_pack_100cases_20260417/image_compare/softtoys_0011/triposr_diagnostics.json,,,False,547,1.0,0.009140767824497258,0.08775137111517367,,,0.0,5,48,547,,True,False,True
image_compare,softtoys_0019,ours_full,/home/tdc/img2build_pipeline/comparison_output/qualitative_pack_100cases_20260417/image_compare/softtoys_0019/summary.json,/home/tdc/img2build_pipeline/comparison_output/qualitative_pack_100cases_20260417/image_compare/softtoys_0019/ours_full_mesh.glb,/home/tdc/img2build_pipeline/comparison_output/qualitative_pack_100cases_20260417/image_compare/softtoys_0019/ours_full_structure.json,/home/tdc/img2build_pipeline/comparison_output/qualitative_pack_100cases_20260417/image_compare/softtoys_0019/ours_full_diagnostics.json,,,False,300,1.0,0.0033333333333333335,0.09,,,0.0,1,27,300,,True,False,True
image_compare,softtoys_0019,instantmesh,/home/tdc/img2build_pipeline/comparison_output/qualitative_pack_100cases_20260417/image_compare/softtoys_0019/summary.json,/home/tdc/img2build_pipeline/comparison_output/qualitative_pack_100cases_20260417/image_compare/softtoys_0019/instantmesh_mesh.obj,/home/tdc/img2build_pipeline/comparison_output/qualitative_pack_100cases_20260417/image_compare/softtoys_0019/instantmesh_structure.json,/home/tdc/img2build_pipeline/comparison_output/qualitative_pack_100cases_20260417/image_compare/softtoys_0019/instantmesh_diagnostics.json,,,False,279,1.0,0.010752688172043012,0.14695340501792115,,,0.0,3,41,279,,True,False,True
image_compare,softtoys_0019,triposr,/home/tdc/img2build_pipeline/comparison_output/qualitative_pack_100cases_20260417/image_compare/softtoys_0019/summary.json,/home/tdc/img2build_pipeline/comparison_output/qualitative_pack_100cases_20260417/image_compare/softtoys_0019/triposr_mesh.glb,/home/tdc/img2build_pipeline/comparison_output/qualitative_pack_100cases_20260417/image_compare/softtoys_0019/triposr_structure.json,/home/tdc/img2build_pipeline/comparison_output/qualitative_pack_100cases_20260417/image_compare/softtoys_0019/triposr_diagnostics.json,,,False,296,1.0,0.02702702702702703,0.14527027027027026,,,0.0,8,43,296,,True,False,True
image_compare,softtoys_0023,ours_full,/home/tdc/img2build_pipeline/comparison_output/qualitative_pack_100cases_20260417/image_compare/softtoys_0023/summary.json,/home/tdc/img2build_pipeline/comparison_output/qualitative_pack_100cases_20260417/image_compare/softtoys_0023/ours_full_mesh.glb,/home/tdc/img2build_pipeline/comparison_output/qualitative_pack_100cases_20260417/image_compare/softtoys_0023/ours_full_structure.json,/home/tdc/img2build_pipeline/comparison_output/qualitative_pack_100cases_20260417/image_compare/softtoys_0023/ours_full_diagnostics.json,,,False,78,1.0,0.0,0.10256410256410256,,,0.0,0,8,78,,True,False,True
image_compare,softtoys_0023,instantmesh,/home/tdc/img2build_pipeline/comparison_output/qualitative_pack_100cases_20260417/image_compare/softtoys_0023/summary.json,/home/tdc/img2build_pipeline/comparison_output/qualitative_pack_100cases_20260417/image_compare/softtoys_0023/instantmesh_mesh.obj,/home/tdc/img2build_pipeline/comparison_output/qualitative_pack_100cases_20260417/image_compare/softtoys_0023/instantmesh_structure.json,/home/tdc/img2build_pipeline/comparison_output/qualitative_pack_100cases_20260417/image_compare/softtoys_0023/instantmesh_diagnostics.json,,,False,78,1.0,0.07692307692307693,0.3717948717948718,,,0.0,6,29,78,,True,False,True
image_compare,softtoys_0023,triposr,/home/tdc/img2build_pipeline/comparison_output/qualitative_pack_100cases_20260417/image_compare/softtoys_0023/summary.json,/home/tdc/img2build_pipeline/comparison_output/qualitative_pack_100cases_20260417/image_compare/softtoys_0023/triposr_mesh.glb,/home/tdc/img2build_pipeline/comparison_output/qualitative_pack_100cases_20260417/image_compare/softtoys_0023/triposr_structure.json,/home/tdc/img2build_pipeline/comparison_output/qualitative_pack_100cases_20260417/image_compare/softtoys_0023/triposr_diagnostics.json,,,False,106,0.9811320754716981,0.04716981132075472,0.25471698113207547,,,0.018867924528301886,5,27,106,,True,False,True
image_compare,softtoys_0030,ours_full,/home/tdc/img2build_pipeline/comparison_output/qualitative_pack_100cases_20260417/image_compare/softtoys_0030/summary.json,/home/tdc/img2build_pipeline/comparison_output/qualitative_pack_100cases_20260417/image_compare/softtoys_0030/ours_full_mesh.glb,/home/tdc/img2build_pipeline/comparison_output/qualitative_pack_100cases_20260417/image_compare/softtoys_0030/ours_full_structure.json,/home/tdc/img2build_pipeline/comparison_output/qualitative_pack_100cases_20260417/image_compare/softtoys_0030/ours_full_diagnostics.json,,,False,217,1.0,0.013824884792626729,0.1152073732718894,,,0.0,3,25,217,,True,False,True
image_compare,softtoys_0030,instantmesh,/home/tdc/img2build_pipeline/comparison_output/qualitative_pack_100cases_20260417/image_compare/softtoys_0030/summary.json,/home/tdc/img2build_pipeline/comparison_output/qualitative_pack_100cases_20260417/image_compare/softtoys_0030/instantmesh_mesh.obj,/home/tdc/img2build_pipeline/comparison_output/qualitative_pack_100cases_20260417/image_compare/softtoys_0030/instantmesh_structure.json,/home/tdc/img2build_pipeline/comparison_output/qualitative_pack_100cases_20260417/image_compare/softtoys_0030/instantmesh_diagnostics.json,,,False,536,1.0,0.007462686567164179,0.06716417910447761,,,0.0,4,36,536,,True,False,True
image_compare,softtoys_0030,triposr,/home/tdc/img2build_pipeline/comparison_output/qualitative_pack_100cases_20260417/image_compare/softtoys_0030/summary.json,/home/tdc/img2build_pipeline/comparison_output/qualitative_pack_100cases_20260417/image_compare/softtoys_0030/triposr_mesh.glb,/home/tdc/img2build_pipeline/comparison_output/qualitative_pack_100cases_20260417/image_compare/softtoys_0030/triposr_structure.json,/home/tdc/img2build_pipeline/comparison_output/qualitative_pack_100cases_20260417/image_compare/softtoys_0030/triposr_diagnostics.json,,,False,550,1.0,0.012727272727272728,0.08545454545454545,,,0.0,7,47,550,,True,False,True
image_compare,taps_0008,ours_full,/home/tdc/img2build_pipeline/comparison_output/qualitative_pack_100cases_20260417/image_compare/taps_0008/summary.json,/home/tdc/img2build_pipeline/comparison_output/qualitative_pack_100cases_20260417/image_compare/taps_0008/ours_full_mesh.glb,/home/tdc/img2build_pipeline/comparison_output/qualitative_pack_100cases_20260417/image_compare/taps_0008/ours_full_structure.json,/home/tdc/img2build_pipeline/comparison_output/qualitative_pack_100cases_20260417/image_compare/taps_0008/ours_full_diagnostics.json,,,False,71,0.971830985915493,0.04225352112676056,0.22535211267605634,,,0.028169014084507043,3,16,71,,True,False,True
image_compare,taps_0008,instantmesh,/home/tdc/img2build_pipeline/comparison_output/qualitative_pack_100cases_20260417/image_compare/taps_0008/summary.json,/home/tdc/img2build_pipeline/comparison_output/qualitative_pack_100cases_20260417/image_compare/taps_0008/instantmesh_mesh.obj,/home/tdc/img2build_pipeline/comparison_output/qualitative_pack_100cases_20260417/image_compare/taps_0008/instantmesh_structure.json,/home/tdc/img2build_pipeline/comparison_output/qualitative_pack_100cases_20260417/image_compare/taps_0008/instantmesh_diagnostics.json,,,False,152,1.0,0.03289473684210526,0.17105263157894737,,,0.0,5,26,152,,True,False,True
image_compare,taps_0008,triposr,/home/tdc/img2build_pipeline/comparison_output/qualitative_pack_100cases_20260417/image_compare/taps_0008/summary.json,/home/tdc/img2build_pipeline/comparison_output/qualitative_pack_100cases_20260417/image_compare/taps_0008/triposr_mesh.glb,/home/tdc/img2build_pipeline/comparison_output/qualitative_pack_100cases_20260417/image_compare/taps_0008/triposr_structure.json,/home/tdc/img2build_pipeline/comparison_output/qualitative_pack_100cases_20260417/image_compare/taps_0008/triposr_diagnostics.json,,,False,213,1.0,0.04225352112676056,0.18779342723004694,,,0.0,9,40,213,,True,False,True
image_compare,taps_0011,ours_full,/home/tdc/img2build_pipeline/comparison_output/qualitative_pack_100cases_20260417/image_compare/taps_0011/summary.json,/home/tdc/img2build_pipeline/comparison_output/qualitative_pack_100cases_20260417/image_compare/taps_0011/ours_full_mesh.glb,/home/tdc/img2build_pipeline/comparison_output/qualitative_pack_100cases_20260417/image_compare/taps_0011/ours_full_structure.json,/home/tdc/img2build_pipeline/comparison_output/qualitative_pack_100cases_20260417/image_compare/taps_0011/ours_full_diagnostics.json,,,False,131,1.0,0.0,0.22137404580152673,,,0.0,0,29,131,,True,False,True
image_compare,taps_0011,instantmesh,/home/tdc/img2build_pipeline/comparison_output/qualitative_pack_100cases_20260417/image_compare/taps_0011/summary.json,/home/tdc/img2build_pipeline/comparison_output/qualitative_pack_100cases_20260417/image_compare/taps_0011/instantmesh_mesh.obj,/home/tdc/img2build_pipeline/comparison_output/qualitative_pack_100cases_20260417/image_compare/taps_0011/instantmesh_structure.json,/home/tdc/img2build_pipeline/comparison_output/qualitative_pack_100cases_20260417/image_compare/taps_0011/instantmesh_diagnostics.json,,,False,203,1.0,0.019704433497536946,0.15270935960591134,,,0.0,4,31,203,,True,False,True
image_compare,taps_0011,triposr,/home/tdc/img2build_pipeline/comparison_output/qualitative_pack_100cases_20260417/image_compare/taps_0011/summary.json,/home/tdc/img2build_pipeline/comparison_output/qualitative_pack_100cases_20260417/image_compare/taps_0011/triposr_mesh.glb,/home/tdc/img2build_pipeline/comparison_output/qualitative_pack_100cases_20260417/image_compare/taps_0011/triposr_structure.json,/home/tdc/img2build_pipeline/comparison_output/qualitative_pack_100cases_20260417/image_compare/taps_0011/triposr_diagnostics.json,,,False,262,1.0,0.011450381679389313,0.1183206106870229,,,0.0,3,31,262,,True,False,True
image_compare,taps_0016,ours_full,/home/tdc/img2build_pipeline/comparison_output/qualitative_pack_100cases_20260417/image_compare/taps_0016/summary.json,/home/tdc/img2build_pipeline/comparison_output/qualitative_pack_100cases_20260417/image_compare/taps_0016/ours_full_mesh.glb,/home/tdc/img2build_pipeline/comparison_output/qualitative_pack_100cases_20260417/image_compare/taps_0016/ours_full_structure.json,/home/tdc/img2build_pipeline/comparison_output/qualitative_pack_100cases_20260417/image_compare/taps_0016/ours_full_diagnostics.json,,,False,167,1.0,0.05389221556886228,0.2155688622754491,,,0.0,9,36,167,,True,False,True
image_compare,taps_0016,instantmesh,/home/tdc/img2build_pipeline/comparison_output/qualitative_pack_100cases_20260417/image_compare/taps_0016/summary.json,/home/tdc/img2build_pipeline/comparison_output/qualitative_pack_100cases_20260417/image_compare/taps_0016/instantmesh_mesh.obj,/home/tdc/img2build_pipeline/comparison_output/qualitative_pack_100cases_20260417/image_compare/taps_0016/instantmesh_structure.json,/home/tdc/img2build_pipeline/comparison_output/qualitative_pack_100cases_20260417/image_compare/taps_0016/instantmesh_diagnostics.json,,,False,237,1.0,0.04219409282700422,0.1729957805907173,,,0.0,10,41,237,,True,False,True
image_compare,taps_0016,triposr,/home/tdc/img2build_pipeline/comparison_output/qualitative_pack_100cases_20260417/image_compare/taps_0016/summary.json,/home/tdc/img2build_pipeline/comparison_output/qualitative_pack_100cases_20260417/image_compare/taps_0016/triposr_mesh.glb,/home/tdc/img2build_pipeline/comparison_output/qualitative_pack_100cases_20260417/image_compare/taps_0016/triposr_structure.json,/home/tdc/img2build_pipeline/comparison_output/qualitative_pack_100cases_20260417/image_compare/taps_0016/triposr_diagnostics.json,,,False,279,1.0,0.025089605734767026,0.13978494623655913,,,0.0,7,39,279,,True,False,True
