category,category_slug,filename,relpath,src_path,width,height,sha256
Adult Beds,adult_beds,adult_beds_0001.jpg,adult_beds/adult_beds_0001.jpg,external_source/adult_beds/00349849.jpg,512,512,2843c216eed234ff4019f646db6f1995ae38fb0466023c191355c44572c7f4c5
Adult Beds,adult_beds,adult_beds_0002.jpg,adult_beds/adult_beds_0002.jpg,external_source/adult_beds/09068222.jpg,512,512,1d9854d152f7af27c57eec717fe4b86cdbde7dbb08dae2492c1be194192f2c92
Adult Beds,adult_beds,adult_beds_0003.jpg,adult_beds/adult_beds_0003.jpg,external_source/adult_beds/09094947.jpg,512,512,fd1340595f58ab875451297dd51290bbc4e30247356adcb997cd97d6d866a0e8
Adult Beds,adult_beds,adult_beds_0004.jpg,adult_beds/adult_beds_0004.jpg,external_source/adult_beds/09130479.jpg,512,512,6dec91ebcdf5e8d88acf33ad9d2ed330c90f34c664e3212b5e380699dce9721a
Adult Beds,adult_beds,adult_beds_0005.jpg,adult_beds/adult_beds_0005.jpg,external_source/adult_beds/09157157.jpg,512,512,5f920d3a77346c9a27b27f366c16f25317352fbf1ae2301f95f7749802161cdd
Adult Beds,adult_beds,adult_beds_0006.jpg,adult_beds/adult_beds_0006.jpg,external_source/adult_beds/19010645.jpg,512,512,de9d0773d5635bc3e7d6fdacb89601d4f280a426b57282f7ef197c50f93757a8
Adult Beds,adult_beds,adult_beds_0010.jpg,adult_beds/adult_beds_0010.jpg,external_source/adult_beds/20404806.jpg,512,512,3df897812d533167b8b3c66281dce91dcc4b767a116538a3adb144559193074b
Adult Beds,adult_beds,adult_beds_0011.jpg,adult_beds/adult_beds_0011.jpg,external_source/adult_beds/30280481.jpg,512,512,e251b190e596e88c3df558c4660ddc3a5bbb3fbfd2f99ad44714050e02c04b1f
Adult Beds,adult_beds,adult_beds_0012.jpg,adult_beds/adult_beds_0012.jpg,external_source/adult_beds/30404797.jpg,512,512,f80a8280a069db6f09d4cb65c2b801da0ce227481b88c9d031ec6b094fc49110
Adult Beds,adult_beds,adult_beds_0013.jpg,adult_beds/adult_beds_0013.jpg,external_source/adult_beds/30443317.jpg,512,512,421a113a2bf1227eb6ecf988d3611e4bf87213173ef361d64ebdab788684967d
Adult Beds,adult_beds,adult_beds_0014.jpg,adult_beds/adult_beds_0014.jpg,external_source/adult_beds/39047921.jpg,512,512,b6523f367fcb219fba053d785b426c5176945d311ac829ef62a2d235f06014e8
Adult Beds,adult_beds,adult_beds_0015.jpg,adult_beds/adult_beds_0015.jpg,external_source/adult_beds/39139789.jpg,512,512,21ad07004babfd638bdffce397b46b05043c72bf4003a2a21c87d6a32b1146c1
Adult Beds,adult_beds,adult_beds_0016.jpg,adult_beds/adult_beds_0016.jpg,external_source/adult_beds/39157165.jpg,512,512,74b608965d47e37e56c2e0971469adb2082f771f267e279a9511d02d89aa3328
Adult Beds,adult_beds,adult_beds_0018.jpg,adult_beds/adult_beds_0018.jpg,external_source/adult_beds/39241112.jpg,512,512,e20cee5839723bcea67ac2bf41378e6bcac38c8ba5a18c2fe426bf24ee306e36
Adult Beds,adult_beds,adult_beds_0019.jpg,adult_beds/adult_beds_0019.jpg,external_source/adult_beds/39902937.jpg,512,512,8611256c88d8610f43db8ba4d887df32deb9463cbaf738a88de09d24dc3c4a08
Adult Beds,adult_beds,adult_beds_0022.jpg,adult_beds/adult_beds_0022.jpg,external_source/adult_beds/49130477.jpg,512,512,3c3af71ebf18e52d015ce1872956e4e41c06da3e304a96e260bcf2895645b92e
Adult Beds,adult_beds,adult_beds_0023.jpg,adult_beds/adult_beds_0023.jpg,external_source/adult_beds/49139798.jpg,512,512,dc62c25ed22fb6cd7698fcf5172f7958b2d16cefcfbad8a356d77e660d5b4db3
Adult Beds,adult_beds,adult_beds_0025.jpg,adult_beds/adult_beds_0025.jpg,external_source/adult_beds/59099155.jpg,512,512,2f60ad61f5fde64b2254afe2bd0738b02d8ba8099aa809e512392122846cb10f
Adult Beds,adult_beds,adult_beds_0026.jpg,adult_beds/adult_beds_0026.jpg,external_source/adult_beds/59175955.jpg,512,512,1d2ed36203c7ef007160ae0807934b64e825b53ef2fb71e5417b35331e45fcae
Adult Beds,adult_beds,adult_beds_0027.jpg,adult_beds/adult_beds_0027.jpg,external_source/adult_beds/59176484.jpg,512,512,a1869260987f2e0cce75a3100e736a921eb6d03d05fe0a1d5ea802766f79f153
Adult Beds,adult_beds,adult_beds_0029.jpg,adult_beds/adult_beds_0029.jpg,external_source/adult_beds/69068224.jpg,512,512,f3b5fe831d44b855fdd75b3cf37c02c330bd57edf5c62aac1d8e91fdf1e4fbb0
Adult Beds,adult_beds,adult_beds_0036.jpg,adult_beds/adult_beds_0036.jpg,external_source/adult_beds/90280483.jpg,512,512,96ca93e8299de5c510be3e5a6c1da9a1c6ee573a38693ae2229dd6723a4fc087
Adult Beds,adult_beds,adult_beds_0041.jpg,adult_beds/adult_beds_0041.jpg,external_source/adult_beds/99302975.jpg,512,512,094731e035d47ecd07eaf5d14ce629aaa45e7923cace2cb5fc85936ff1f1a190
BathroomSinks,bathroomsinks,bathroomsinks_0001.jpg,bathroomsinks/bathroomsinks_0001.jpg,external_source/bathroomsinks/00135419.jpg,512,512,ff63e4872414face1dd5ca77dd658b6a649daf78697593ba31d4d9bba8ccf669
BathroomSinks,bathroomsinks,bathroomsinks_0002.jpg,bathroomsinks/bathroomsinks_0002.jpg,external_source/bathroomsinks/00135612.jpg,512,512,a81cc3290e079614ee7d569ac30bf25c851ffc220ab6cd68e9a2b90d541f8c6d
BathroomSinks,bathroomsinks,bathroomsinks_0003.jpg,bathroomsinks/bathroomsinks_0003.jpg,external_source/bathroomsinks/00193937.jpg,512,512,532db9491b81a96ce72f33712cd50cc10cf96f57a61f36a6995f16b96937c56f
BathroomSinks,bathroomsinks,bathroomsinks_0004.jpg,bathroomsinks/bathroomsinks_0004.jpg,external_source/bathroomsinks/00262105.jpg,512,512,f7532591789da7366acd4857063a4043d734fbfdd552d90d8ccddec18a95be2b
BathroomSinks,bathroomsinks,bathroomsinks_0005.jpg,bathroomsinks/bathroomsinks_0005.jpg,external_source/bathroomsinks/00366532.jpg,512,512,a77119055f82247b6810d749e4a6ff8bdd443961974b0682088d5b74581e49ea
BathroomSinks,bathroomsinks,bathroomsinks_0006.jpg,bathroomsinks/bathroomsinks_0006.jpg,external_source/bathroomsinks/10135447.jpg,512,512,9405d5013ee10e448da27f193540ea97d2bf92aba579474edb74442298461d80
BathroomSinks,bathroomsinks,bathroomsinks_0007.jpg,bathroomsinks/bathroomsinks_0007.jpg,external_source/bathroomsinks/10216575.jpg,512,512,4035a682cf4b8a2bf8e0ecda2ce30d949604266fd00e947d6bd74038ec729864
BathroomSinks,bathroomsinks,bathroomsinks_0008.jpg,bathroomsinks/bathroomsinks_0008.jpg,external_source/bathroomsinks/20193941.jpg,512,512,9f0e5419de39a0a247432717e79170f2464b74c71e48477bb9253a60e935f94a
BathroomSinks,bathroomsinks,bathroomsinks_0009.jpg,bathroomsinks/bathroomsinks_0009.jpg,external_source/bathroomsinks/20196440.jpg,512,512,a99383e49e78898cb313db7d0819e1b6496aec43dddb991821283ede3183b82b
BathroomSinks,bathroomsinks,bathroomsinks_0010.jpg,bathroomsinks/bathroomsinks_0010.jpg,external_source/bathroomsinks/20297627.jpg,512,512,d3d9ae689fb91f8f7b24b70602b55f4f759350e4cf7bdd4a984e312fb4a6bb4f
BathroomSinks,bathroomsinks,bathroomsinks_0011.jpg,bathroomsinks/bathroomsinks_0011.jpg,external_source/bathroomsinks/30135432.jpg,512,512,0b9b94427ea1048438e41332a521056cb540988ad2ec6d33b94b08d162ed2ace
BathroomSinks,bathroomsinks,bathroomsinks_0012.jpg,bathroomsinks/bathroomsinks_0012.jpg,external_source/bathroomsinks/30135446.jpg,512,512,05ea7d76e3eb4c35530023df4d7500e54d4809800784f5bf1913958aef0fce8f
BathroomSinks,bathroomsinks,bathroomsinks_0013.jpg,bathroomsinks/bathroomsinks_0013.jpg,external_source/bathroomsinks/30195548.jpg,512,512,b01b53dc440e1b174945b5a3511f106dd7189cb5c1642d0e922917a7cab8b3ac
BathroomSinks,bathroomsinks,bathroomsinks_0014.jpg,bathroomsinks/bathroomsinks_0014.jpg,external_source/bathroomsinks/30358936.jpg,512,512,9589f55c4694513d09b05c00e8650569518a232bd4ca1b1244039f832b350cea
BathroomSinks,bathroomsinks,bathroomsinks_0015.jpg,bathroomsinks/bathroomsinks_0015.jpg,external_source/bathroomsinks/30358941.jpg,512,512,4ba7747434d72a44d7bc5cbf96babe474daf3520a6e17cb87d3ccba0e079d775
BathroomSinks,bathroomsinks,bathroomsinks_0016.jpg,bathroomsinks/bathroomsinks_0016.jpg,external_source/bathroomsinks/40180805.jpg,512,512,8ba6557f1fc116af1f68efa04753b89afe3a25ec9baf0cc6e314516ef4f947df
BathroomSinks,bathroomsinks,bathroomsinks_0017.jpg,bathroomsinks/bathroomsinks_0017.jpg,external_source/bathroomsinks/50195552.jpg,512,512,a08fa2f2a06b3160654d4e866cf7c53c6b896110b88dc9c61666404f55fac3d8
BathroomSinks,bathroomsinks,bathroomsinks_0018.jpg,bathroomsinks/bathroomsinks_0018.jpg,external_source/bathroomsinks/70216577.jpg,512,512,d336f0518c60fc9aeb0c805ef185f6d5fcedf0d8a5aadfcff298945b54723983
BathroomSinks,bathroomsinks,bathroomsinks_0019.jpg,bathroomsinks/bathroomsinks_0019.jpg,external_source/bathroomsinks/80135613.jpg,512,512,968d98a412f6fcee3b5f1fc66002f491cdcf12e7d85db79ce108986730e6af42
BathroomSinks,bathroomsinks,bathroomsinks_0020.jpg,bathroomsinks/bathroomsinks_0020.jpg,external_source/bathroomsinks/80206653.jpg,512,512,3c417d7824ea3fc5e10cdea3f9f62738c8671ed4964778a74014aaba607c604c
BathroomSinks,bathroomsinks,bathroomsinks_0021.jpg,bathroomsinks/bathroomsinks_0021.jpg,external_source/bathroomsinks/80262106.jpg,512,512,e7f8fca130e952e0ceaab7641aaa329bc6397fd3da3a7ef776ebe96a88639835
BathroomSinks,bathroomsinks,bathroomsinks_0022.jpg,bathroomsinks/bathroomsinks_0022.jpg,external_source/bathroomsinks/80324500.jpg,512,512,2925a729ceaab00a421540141bc7cdd0cee84286c7d7379282a76bbe0bccc0e6
BathroomSinks,bathroomsinks,bathroomsinks_0023.jpg,bathroomsinks/bathroomsinks_0023.jpg,external_source/bathroomsinks/90180799.jpg,512,512,cbdc736a019acd0837b246e5a431821d0de6b19304c1f190abbaa190f9c5f26b
BathroomSinks,bathroomsinks,bathroomsinks_0024.jpg,bathroomsinks/bathroomsinks_0024.jpg,external_source/bathroomsinks/90291518.jpg,512,512,d7973c5b06ca00b9f27db6e135dc2020e1429291c10b62eae208cdf25e7d882b
BathroomSinks,bathroomsinks,bathroomsinks_0025.jpg,bathroomsinks/bathroomsinks_0025.jpg,external_source/bathroomsinks/90354959.jpg,512,512,4769d0fe1392011bcf838d16d6a7fab17acce6e35ca217951ed23e9382e4adfb
Chair,chair,chair_0001.jpg,chair/chair_0001.jpg,external_source/chair/00141689.jpg,512,512,caf0dc44d68e184025efb42bca65bdc84e0f95fb4fb50fa2d4eea2f60cb48983
Chair,chair,chair_0002.jpg,chair/chair_0002.jpg,external_source/chair/00211088.jpg,512,512,69915b2fdb9937a155fd80202d7e5703d7b90bae25c705858e1e67d7e4d1079d
Chair,chair,chair_0003.jpg,chair/chair_0003.jpg,external_source/chair/00217797.jpg,512,512,c3f28e3681d62de0ab4ae62dd4229b5e49d2c12a2b9af061e1aeb21e488d85c6
Chair,chair,chair_0004.jpg,chair/chair_0004.jpg,external_source/chair/00217820.jpg,512,512,50fb2804c04c37b68f260a3a70b27e140d2c14c4a7a7a036f3c6567e59c2e39f
Chair,chair,chair_0005.jpg,chair/chair_0005.jpg,external_source/chair/00222440.jpg,512,512,db8e2912a77cdd22f7153f862a504c963bd2347c2a7e23dbc5e5abd9330556cd
Chair,chair,chair_0006.jpg,chair/chair_0006.jpg,external_source/chair/00246078.jpg,512,512,7c3c9e44f1d7b0c491e2da69be5cb3fb44c269fb3e248cba3d475f9ffcf7bd3d
Chair,chair,chair_0007.jpg,chair/chair_0007.jpg,external_source/chair/00287974.jpg,512,512,eb2223a9ef06708f9197fe155d946c0d8c27438705d0df781a8832020a2c7778
Chair,chair,chair_0008.jpg,chair/chair_0008.jpg,external_source/chair/00288638.jpg,512,512,a54e506f82d43342563e78bd013c1ba8fd8a149e7e2ea2198cbac7586b88d8e9
Chair,chair,chair_0009.jpg,chair/chair_0009.jpg,external_source/chair/00336601.jpg,512,512,15b6caec7a4eb47468c1bd21f01194082c7f6efe34ff1991a801df0d9523e437
Chair,chair,chair_0010.jpg,chair/chair_0010.jpg,external_source/chair/00358023.jpg,512,512,e428e83c4a91dc5e735c4c86ea040a947f7730fb9d49fd2e24189df85fb1f1c6
Chair,chair,chair_0011.jpg,chair/chair_0011.jpg,external_source/chair/00360002.jpg,512,512,26b7ed9d05e18364b6cecc60e4b30b13d781389e3770e3c3ee62a8e51c0c34df
Chair,chair,chair_0012.jpg,chair/chair_0012.jpg,external_source/chair/00369111.jpg,512,512,6f23aa8fec971a40ecfdbc400fb1bf8e3b480e231fb9dad5864f3666f61a7270
Chair,chair,chair_0013.jpg,chair/chair_0013.jpg,external_source/chair/00380948.jpg,512,512,5e56f04bbfc952a8a51be2b0c5c5593a0e0be450ead56c9ead54d8efea76faba
Chair,chair,chair_0014.jpg,chair/chair_0014.jpg,external_source/chair/09190048.jpg,512,512,673cccbfea993c24818dd9d8d07c0ca2ad85d79db9242a926f98d93426f0b4f2
Chair,chair,chair_0015.jpg,chair/chair_0015.jpg,external_source/chair/09197709.jpg,512,512,b6a49a4368dba675e5685bc309f460c64df38c01907ce555b7dfd8c1022e59f9
Chair,chair,chair_0016.jpg,chair/chair_0016.jpg,external_source/chair/09219527.jpg,512,512,42ac6919233a4767ea77c000275b00b6cee58f4c4accc3dfbe39aec4ebaa6fe3
Chair,chair,chair_0017.jpg,chair/chair_0017.jpg,external_source/chair/09220818.jpg,512,512,48645d2903630e3ede30831a0ac6cfda9b0d9c2301b5562a761fb381405c698e
Chair,chair,chair_0018.jpg,chair/chair_0018.jpg,external_source/chair/09220842.jpg,512,512,4bb76af5aa631b23ec5be9d96a601f3a70fcf57b2f7889c329ff48f66e68eac6
Chair,chair,chair_0019.jpg,chair/chair_0019.jpg,external_source/chair/09265265.jpg,512,512,6c6adb7bf9bad2b2a807c23e5e26b71a5a275b3e3ba71524925dc9aadc8eb91c
Chair,chair,chair_0020.jpg,chair/chair_0020.jpg,external_source/chair/09265270.jpg,512,512,c18ed3b0ea69c624d83e7bcb183ff887782e1457eac25b2d23c9c043d0a63e8b
Chair,chair,chair_0021.jpg,chair/chair_0021.jpg,external_source/chair/09304182.jpg,512,512,669a5a3dc311bc8ebf275352a60c7bb3ff161432b2a6909afe8f3f0fd1802e41
Chair,chair,chair_0022.jpg,chair/chair_0022.jpg,external_source/chair/09304196.jpg,512,512,49da06d2dc4a4d318d2e860dfc84f5a281c5b0d1ad82b0d5b94beb0ab3d865ac
Chair,chair,chair_0023.jpg,chair/chair_0023.jpg,external_source/chair/10115067.jpg,512,512,e5dbe9d19c02f9d8971e80a960cf05eccaa3b2680dcbe59d00c534eb56e6e503
Chair,chair,chair_0024.jpg,chair/chair_0024.jpg,external_source/chair/10141170.jpg,512,512,9f6faf4b46fbef568c12ddd4c572b370513cb5571b15f6174e51082bd4324f7c
Chair,chair,chair_0025.jpg,chair/chair_0025.jpg,external_source/chair/10219178.jpg,512,512,b14993666b0ee24a22e92bae8db3a6e542b29c2e0968f687dd10235a52c43b00
Chair,chair,chair_0026.jpg,chair/chair_0026.jpg,external_source/chair/10288628.jpg,512,512,75a4696d1e71d24ef83256c21166ed1a42e8ec5b087a6a02d155cc1dc2eb70f0
Chair,chair,chair_0027.jpg,chair/chair_0027.jpg,external_source/chair/10291918.jpg,512,512,072d63aa0422913cf7f7a1fa64a3fae95f53df25cf0140bbe4aa034bb150833c
Chair,chair,chair_0028.jpg,chair/chair_0028.jpg,external_source/chair/10370977.jpg,512,512,1dfc746da4bb4f66ae53943d087b8477a77449d8d6c3e6a6a05a5a100277ac57
Chair,chair,chair_0029.jpg,chair/chair_0029.jpg,external_source/chair/10384328.jpg,512,512,40de142df5a8f302ca3195bbf6ecbd5c8f3ce92c79e019fb672f832aaa2c3fbd
Chair,chair,chair_0030.jpg,chair/chair_0030.jpg,external_source/chair/10413137.jpg,512,512,932dba8b8cfd267a13f6f2798a1d84eb195d02871da34eab778b88d3d173a3c4
Chair,chair,chair_0031.jpg,chair/chair_0031.jpg,external_source/chair/10422504.jpg,512,512,c2c2569e8edec830d9b402f37df732ccf0469ab51052bb8037bc6dcc604629ca
Chair,chair,chair_0032.jpg,chair/chair_0032.jpg,external_source/chair/19127805.jpg,512,512,99ba670c53e6b0cc4a3ce2906e9248325e01486ac17f49b37533da25e7f207a3
Chair,chair,chair_0033.jpg,chair/chair_0033.jpg,external_source/chair/19190340.jpg,512,512,f3cbdcff9fe8d74ce39d8ae53d5c2941719ce39794faf971e04f1a941a2128f2
Chair,chair,chair_0034.jpg,chair/chair_0034.jpg,external_source/chair/19197695.jpg,512,512,e8b8e4d213ff5a95d4f414855fa717fc5bcd1dda9086cd64e90de759553a10e1
Chair,chair,chair_0035.jpg,chair/chair_0035.jpg,external_source/chair/19197704.jpg,512,512,03e3ed6aecce830309f24c0d652d2cd19228b9149538800e7d03ce1283a2ef75
Chair,chair,chair_0036.jpg,chair/chair_0036.jpg,external_source/chair/19203007.jpg,512,512,ee23f6b023f5c0d09c19ed4a25517c794fcc0eb3ee38f8c0f80ce19b39b8ae39
Chair,chair,chair_0037.jpg,chair/chair_0037.jpg,external_source/chair/19265236.jpg,512,512,b7c7105a614387010d089ad56c0395cbfd2aa0a32fda93c5df07be237a3bcc98
Chair,chair,chair_0038.jpg,chair/chair_0038.jpg,external_source/chair/19265241.jpg,512,512,fcf8796db56ff11fd0eddf7cf092f71a7eaecb13be45570b7fd23370bf137a50
Chair,chair,chair_0039.jpg,chair/chair_0039.jpg,external_source/chair/19265279.jpg,512,512,43291165d60310b4c863461888bb3438f9a0ecabccb4c7ffb4128477fdfc2603
Chair,chair,chair_0040.jpg,chair/chair_0040.jpg,external_source/chair/19304167.jpg,512,512,38f981a6b3cf188cbf34ae7f8afe6f3648c440bd1aa2e39697e94f9e6a8073bd
Chair,chair,chair_0041.jpg,chair/chair_0041.jpg,external_source/chair/19304209.jpg,512,512,95cb0a335f9e76c936a663a8a633ab77a38325c481ddafdf9a1a8281b4cf6820
Chair,chair,chair_0042.jpg,chair/chair_0042.jpg,external_source/chair/20030925.jpg,512,512,8b3c0297fb7f274bf2f9d48df03d43a40f6d77ca073ad2307ea707c5560baf8b
Chair,chair,chair_0043.jpg,chair/chair_0043.jpg,external_source/chair/20153068.jpg,512,512,645a0ea5d592ee17066fe6861390e6be95824f44a45bac4c29909cb444bd4fed
Chair,chair,chair_0044.jpg,chair/chair_0044.jpg,external_source/chair/20163802.jpg,512,512,9b49a35f1595eef222c616b6f53b24c0a928cfd9055dc01fc50bda595daea97f
Chair,chair,chair_0045.jpg,chair/chair_0045.jpg,external_source/chair/20259423.jpg,512,512,9641e13898dad9a00dad8eb2743bc492bf048e002f59e6b5c5e73d6f1b26958f
Chair,chair,chair_0046.jpg,chair/chair_0046.jpg,external_source/chair/20349674.jpg,512,512,a594312659695b4377e01b6f1dbfcc15cf3f09e4e8d788d39f97ed200b7f4d9d
Chair,chair,chair_0047.jpg,chair/chair_0047.jpg,external_source/chair/20370873.jpg,512,512,af65f795684139da2fb01f63956101bc6bcdc1ddbabb1c852bafce247a064d69
Chair,chair,chair_0048.jpg,chair/chair_0048.jpg,external_source/chair/20377049.jpg,512,512,633ad9533d4fffe911edd52e954f8875522740975c2a581c76e7804b55618015
Chair,chair,chair_0049.jpg,chair/chair_0049.jpg,external_source/chair/20451647.jpg,512,512,074ea78e1f53da33455df07c43f3138f702d96de1ce7a52951bd2cb6f5016c6d
Chair,chair,chair_0050.jpg,chair/chair_0050.jpg,external_source/chair/29184268.jpg,512,512,4f62cf9248c645bbb4f1a61f7b8e2e0d7ac2c32a6d658fd49dedcd2d82f3c71c
Chair,chair,chair_0051.jpg,chair/chair_0051.jpg,external_source/chair/29184273.jpg,512,512,4836e08a46c459ad180ed054585cc42729bb757c1c2537c63bdef1ffa6fb3fb7
Chair,chair,chair_0052.jpg,chair/chair_0052.jpg,external_source/chair/29197708.jpg,512,512,3bc1b9c966e3fa52ef7a470a0c3f3abbe6310b22f7e5eceed73850c7f3b6f86e
Chair,chair,chair_0053.jpg,chair/chair_0053.jpg,external_source/chair/29265212.jpg,512,512,3d2efd17981491ff9784bdb8590e72dca4fa6b4ce964bf87e08b9c397e3fc70a
Chair,chair,chair_0054.jpg,chair/chair_0054.jpg,external_source/chair/29265274.jpg,512,512,53e71b3e23af386e3aeb9911d7059a84f643cc87ab83db2dd04c9586b2bdab9c
Chair,chair,chair_0055.jpg,chair/chair_0055.jpg,external_source/chair/29301700.jpg,512,512,0933e7c0212fc1339ebf98e609b9c4e6abed7444a3ca63aa153865d6529461b2
Chair,chair,chair_0056.jpg,chair/chair_0056.jpg,external_source/chair/29304162.jpg,512,512,fffe0dfa0622cc18fc97b5a02c4a08ca3060d304704a34e2389f624f42bdc913
Chair,chair,chair_0057.jpg,chair/chair_0057.jpg,external_source/chair/29304176.jpg,512,512,4f16eb3dbc714f6cef1ac01267ca6c4422c34d97423c6f93e15851b1c877c2f7
Chair,chair,chair_0058.jpg,chair/chair_0058.jpg,external_source/chair/29304195.jpg,512,512,f69af7b6708ed1cf6b4d3c2ec8c6eb323b2c090f2356effb9ccdb294b6519d2b
Chair,chair,chair_0059.jpg,chair/chair_0059.jpg,external_source/chair/29304204.jpg,512,512,32385003bbdfeec53dbfcc408c411551a57707161642657aed598b5180172562
Chair,chair,chair_0060.jpg,chair/chair_0060.jpg,external_source/chair/29317980.jpg,512,512,716fd98b1b5e837ca9e23f8c48e66f7a0bb166d8ddde51f1444bc33e6f6f1c70
Chair,chair,chair_0061.jpg,chair/chair_0061.jpg,external_source/chair/30115066.jpg,512,512,aa29338a3da647512a855c386b2a54e3a1f5e901c0738fd8b2d8f45e68370206
Chair,chair,chair_0062.jpg,chair/chair_0062.jpg,external_source/chair/30246289.jpg,512,512,4a9b104e4c088458b034811ec25fc72e8368e2f5d31b6099dc9ecfd16fe0f202
Chair,chair,chair_0063.jpg,chair/chair_0063.jpg,external_source/chair/30288632.jpg,512,512,744d066773d15922dc71151d7e644d5294d86c07ac8bcbbfdcb0fa91fdf16da6
Chair,chair,chair_0064.jpg,chair/chair_0064.jpg,external_source/chair/30339896.jpg,512,512,c03d72c60736310f6085dee6b1a3c756e45803557b0d7067efe4e7d0176796ed
Chair,chair,chair_0065.jpg,chair/chair_0065.jpg,external_source/chair/30339900.jpg,512,512,65dd03520d0df85e0b4a4b9bcb1ab7a8aff34fadfca5db7ec897d41b4972a2ad
Chair,chair,chair_0066.jpg,chair/chair_0066.jpg,external_source/chair/30361038.jpg,512,512,db3b0cee9a173bbc6438f924be8e0d7d2e4d43e699fffc8e7c68b4ed5e38f914
Chair,chair,chair_0067.jpg,chair/chair_0067.jpg,external_source/chair/39127809.jpg,512,512,22a5a04aef435f7d7f5859fa7361eedd6c16d2d91aebc8f23e5bebe870fa4e0c
Chair,chair,chair_0068.jpg,chair/chair_0068.jpg,external_source/chair/39197699.jpg,512,512,ce9cc10546bad89560ad3fe3180150793ceec46410f33aba8c1c275ddde2b053
Chair,chair,chair_0069.jpg,chair/chair_0069.jpg,external_source/chair/39318026.jpg,512,512,25adf3b8ee38eca0ecc5ac7299ae62f5ebc31c7a67bab77ac10f0c4da638f354
Chair,chair,chair_0070.jpg,chair/chair_0070.jpg,external_source/chair/40217795.jpg,512,512,5cfe7444821b356dedde9590471bb8cf08009351a3ab6eea7e2f0487214abe7c
Chair,chair,chair_0071.jpg,chair/chair_0071.jpg,external_source/chair/40225677.jpg,512,512,e5d16c5a36d1aa5f60dae360477df2611ab4fec3ea2f799664afd413d0bd6020
Chair,chair,chair_0072.jpg,chair/chair_0072.jpg,external_source/chair/40228812.jpg,512,512,71a5faaee03edcf46bafb76082019fe49b28bcf9e1450dc605e06cde379f58f6
Chair,chair,chair_0073.jpg,chair/chair_0073.jpg,external_source/chair/40280843.jpg,512,512,dd9d316ade3628b29a237852e7c572b46609db27a677a4d74c45409afa903784
Chair,chair,chair_0074.jpg,chair/chair_0074.jpg,external_source/chair/40301633.jpg,512,512,6b77329df88afc2f51396c0f2dd1889bc50c1ca363a19f4effdce241501a37aa
Chair,chair,chair_0075.jpg,chair/chair_0075.jpg,external_source/chair/40336595.jpg,512,512,8531bf292b4cb24b2e1716b0d7d62cc6002fc68c1eb1a8bdd1332d4966ae4d01
Chair,chair,chair_0076.jpg,chair/chair_0076.jpg,external_source/chair/40341021.jpg,512,512,f71dd584908187e6f38c44ded4f9ed451f33206a97b9726fc331db60a29f51b8
Chair,chair,chair_0077.jpg,chair/chair_0077.jpg,external_source/chair/40369109.jpg,512,512,d65c45707907f8ec02346ec07e73a870ff01ab854bf39d7b274a7939b5aaa2b8
Chair,chair,chair_0078.jpg,chair/chair_0078.jpg,external_source/chair/40377048.jpg,512,512,e77019bdc2221ffa725e1d393b4445ac6e9e28c0e616598cda9e104a3a987382
Chair,chair,chair_0079.jpg,chair/chair_0079.jpg,external_source/chair/49197694.jpg,512,512,937e9557749ce5c6225b3d0ce9c269279f613c8e3095676b9f5cb3657bc3c3a2
Chair,chair,chair_0080.jpg,chair/chair_0080.jpg,external_source/chair/49220374.jpg,512,512,5c8650ba3c0c71e945b5372003bb730fe21a2c27712e066a390e7a840c811ddb
Chair,chair,chair_0081.jpg,chair/chair_0081.jpg,external_source/chair/49265225.jpg,512,512,1c0b7dd1f461371e1c6ae54db809f3e23b37e235c0c110dc0f8f30033d72d0ca
Chair,chair,chair_0082.jpg,chair/chair_0082.jpg,external_source/chair/49304180.jpg,512,512,36018923bbf83c9fa804118d9bc38312ec1bb9273d3d739b20eece6c1edef622
Chair,chair,chair_0083.jpg,chair/chair_0083.jpg,external_source/chair/49304199.jpg,512,512,13cdbe6370ecbc86e2a736f634912ad20c78a68a71339792a3dcfbb7cf2abd81
Chair,chair,chair_0084.jpg,chair/chair_0084.jpg,external_source/chair/49304972.jpg,512,512,264416906c6bc2622a7741b07f561db705e3ddb498b99556f030d7911ce03db5
Chair,chair,chair_0085.jpg,chair/chair_0085.jpg,external_source/chair/50301637.jpg,512,512,f5d5958fc9804183e4e11ddba809c8a98ddfb3253b86dab94b44d9b06bed0e60
Chair,chair,chair_0086.jpg,chair/chair_0086.jpg,external_source/chair/50341025.jpg,512,512,6bf93825f086fd705222dbd806728ddb1f64da5b1b992e1796bec05a462f725a
Chair,chair,chair_0087.jpg,chair/chair_0087.jpg,external_source/chair/50364149.jpg,512,512,e6565caf936310b839194d8730ae9ce3a5c8612d61c55f560290d73f36a5ec7e
Chair,chair,chair_0088.jpg,chair/chair_0088.jpg,external_source/chair/50404824.jpg,512,512,9c63f389e548c8cf32919a27af33ae5a243d26a7a74279e39fff8220fd8bd791
Chair,chair,chair_0089.jpg,chair/chair_0089.jpg,external_source/chair/50412895.jpg,512,512,541cf67d69d4541fc8a4e85cf5bcafc1daa29994459c9629710497226d482807
Chair,chair,chair_0090.jpg,chair/chair_0090.jpg,external_source/chair/50434312.jpg,512,512,8ff2db9591957e8acf4eb5a474005f32998e4eb3f742440289588dfb53fb185e
Chair,chair,chair_0091.jpg,chair/chair_0091.jpg,external_source/chair/50457313.jpg,512,512,fd28f33c3636de3ede0c4f032bf80a0810b591f284b21df562cb66841899aab8
Chair,chair,chair_0092.jpg,chair/chair_0092.jpg,external_source/chair/59127808.jpg,512,512,0be7e52f517ecabeccce3f626080728d6aa579685966f9aba8a6f0d624e436f3
Chair,chair,chair_0093.jpg,chair/chair_0093.jpg,external_source/chair/59197702.jpg,512,512,28e1faf5e5a3b6512e218ebb37a95bd5d0571710ff5c396337a6770b8aff067f
Chair,chair,chair_0095.jpg,chair/chair_0095.jpg,external_source/chair/59304170.jpg,512,512,c3975d7e8f6039e867d2401c739b4796af426ed842103e401f5f38a3438d4553
Chair,chair,chair_0096.jpg,chair/chair_0096.jpg,external_source/chair/60105829.jpg,512,512,afd4f9c825b007796a727f85f6a970f5b60dc0fe754e2e11cdff92a78982e867
Chair,chair,chair_0097.jpg,chair/chair_0097.jpg,external_source/chair/60217799.jpg,512,512,9788028072f99d5d3847a6e7cd74c4468537b83c02ccd28086f5a81e087869ec
Chair,chair,chair_0098.jpg,chair/chair_0098.jpg,external_source/chair/60217822.jpg,512,512,23c58d9db09251576caf3a23f9ab6dea8c945b83e3bbf15e6cb72d8c5e43c806
Chair,chair,chair_0099.jpg,chair/chair_0099.jpg,external_source/chair/60246080.jpg,512,512,db5e2dbaa4d7cc44d9029eca61006a6aa81259eb994aca392134dc236fbc1ef1
Chair,chair,chair_0100.jpg,chair/chair_0100.jpg,external_source/chair/60247051.jpg,512,512,472f5bf8d2b175e4a758c1b8917ca1b6511ed50b2e78e9b020169bf13648f428
Chair,chair,chair_0101.jpg,chair/chair_0101.jpg,external_source/chair/60334722.jpg,512,512,f98743809b7915023077ec08460ff01e0cdfc4815d74f752c17efe2dad03c3d9
Chair,chair,chair_0102.jpg,chair/chair_0102.jpg,external_source/chair/60341015.jpg,512,512,06a1e14017d7198004f86f062334235e3243551119660773ed7d4c6abd9b93f5
Chair,chair,chair_0103.jpg,chair/chair_0103.jpg,external_source/chair/60359996.jpg,512,512,fca06f6d27f177ffb3e3682459f16255bc21249b610c949ae538c5e0de4d25a1
Chair,chair,chair_0104.jpg,chair/chair_0104.jpg,external_source/chair/60361032.jpg,512,512,46659699bffc079dff683b2c905d589de8672ddf3b848ce0701360e398c99020
Chair,chair,chair_0105.jpg,chair/chair_0105.jpg,external_source/chair/60377047.jpg,512,512,e6e0e1e5c074905ca706474e4ab8640e1cec4dee4e71304c7b0402d78cb92dfd
Chair,chair,chair_0106.jpg,chair/chair_0106.jpg,external_source/chair/60384335.jpg,512,512,b82e06ef42052b8e0d3d1e3cdab7fc6173e4b2a972089c13cc8e5ec670507b96
Chair,chair,chair_0107.jpg,chair/chair_0107.jpg,external_source/chair/60452150.jpg,512,512,6e170468d6d3a81114ded56085f397b01ba3a130655dc8dfebc06bc5c5cbc73d
Chair,chair,chair_0108.jpg,chair/chair_0108.jpg,external_source/chair/60452169.jpg,512,512,f6e4c521cf84c4bcfc768e24c3d6b063c56eacd3e97748a76550a90683528a90
Chair,chair,chair_0109.jpg,chair/chair_0109.jpg,external_source/chair/69197693.jpg,512,512,663ed218d2d646e04ca58a703cfc4c409e3804668b5ae7f55d9d512f0d8f24f2
Chair,chair,chair_0110.jpg,chair/chair_0110.jpg,external_source/chair/69197711.jpg,512,512,e0deb24c67c4c7d8130b2e3d605fcfb4f02d127b94b33adae52ec6c810bf5716
Chair,chair,chair_0111.jpg,chair/chair_0111.jpg,external_source/chair/69265286.jpg,512,512,8b7d13a6f7f9dd850b9cb91cf8dcab674028bfb24d1d68dadbc0cff8bcab6085
Chair,chair,chair_0112.jpg,chair/chair_0112.jpg,external_source/chair/69279028.jpg,512,512,ee145d30a33a53fc4f2324cf97378c4e8b6ea207d3245debdc18da2e146482fc
Chair,chair,chair_0113.jpg,chair/chair_0113.jpg,external_source/chair/69304216.jpg,512,512,a1e1cb42aefdbbb2bcbe931c5fd52dadeb68b36ea3716f0117000786a72df1a0
Chair,chair,chair_0114.jpg,chair/chair_0114.jpg,external_source/chair/69304966.jpg,512,512,996fb9f61573a45e17ab468633b266d21aef4a54f505770b4c700b9726ea5fc4
Chair,chair,chair_0115.jpg,chair/chair_0115.jpg,external_source/chair/70103250.jpg,512,512,7a93fb996df32249d1dc4426c5692aa9e910e9ac9cd4b5d5c94f6e691abfb68e
Chair,chair,chair_0116.jpg,chair/chair_0116.jpg,external_source/chair/70206804.jpg,512,512,3757772f02d1b67cbe458bee46a05999dd62f17ea2e6fc8e5323e6f579fabacb
Chair,chair,chair_0117.jpg,chair/chair_0117.jpg,external_source/chair/70264281.jpg,512,512,19fe47caf62681ebbd63206e61ca9d551d3faaa33ca0087ea473a2d1cbcc4b12
Chair,chair,chair_0118.jpg,chair/chair_0118.jpg,external_source/chair/70273092.jpg,512,512,6600ad5671df9e2529ad30fafb3986d748786c5566e8f24755c873b4964efc6b
Chair,chair,chair_0119.jpg,chair/chair_0119.jpg,external_source/chair/70288630.jpg,512,512,30cfff5fed020d98abfc6ef9f37a1493d1d43af8791a3780b3d022e7216fc7b6
Chair,chair,chair_0120.jpg,chair/chair_0120.jpg,external_source/chair/70336674.jpg,512,512,62132407882b32b8e77ef3c3e8806c5841cdbdb7407d51f59d8aa27e2349e4a9
Chair,chair,chair_0121.jpg,chair/chair_0121.jpg,external_source/chair/70451640.jpg,512,512,999fbe5bf917ee96df10ee6b19b3b31191a4fe3f16312bdddfaaa57b04674326
Chair,chair,chair_0122.jpg,chair/chair_0122.jpg,external_source/chair/79127807.jpg,512,512,77e98d69df7426c0d5b29edfca3f0614975547d9addcf6a1d3ed0781d933456c
Chair,chair,chair_0123.jpg,chair/chair_0123.jpg,external_source/chair/79197697.jpg,512,512,aa51dfa862474bfc2a83f9d5759619c3c3f06abbf3e90e405ac587ef957ab475
Chair,chair,chair_0124.jpg,chair/chair_0124.jpg,external_source/chair/79197701.jpg,512,512,6afc17b73854b5de491d9f9e24e52ed0a03bf3e2c34d4de67b7d72ac457d6deb
Chair,chair,chair_0125.jpg,chair/chair_0125.jpg,external_source/chair/79220810.jpg,512,512,acb7fb8fc3bae78fb9e53c236d1915c1fca61bc189ca4fbcdedf17442a1f4b29
Chair,chair,chair_0126.jpg,chair/chair_0126.jpg,external_source/chair/79265257.jpg,512,512,5a54dbbf5b84e8829bcce589910f7b5f800bff612f9ddf917fd8b466da7f0167
Chair,chair,chair_0127.jpg,chair/chair_0127.jpg,external_source/chair/79304169.jpg,512,512,9ae89b1abcff3652de545be255017597269c8924d8ad9d9ca5997ded2eb1a70b
Chair,chair,chair_0128.jpg,chair/chair_0128.jpg,external_source/chair/80187683.jpg,512,512,bc2ba5121adf9188fe384b1bca3c0d912ce8182c5297e1b2b52ad7fc67bb3200
Chair,chair,chair_0129.jpg,chair/chair_0129.jpg,external_source/chair/80222441.jpg,512,512,fc0a5e91969cb71a85652035fd8c965d7def6b94eddd41cfe96140996a6a5dfa
Chair,chair,chair_0130.jpg,chair/chair_0130.jpg,external_source/chair/80225166.jpg,512,512,41c93148ecf1d41a12694c801219bff5071f96efc85b19de4da4f4f0e0ae2026
Chair,chair,chair_0131.jpg,chair/chair_0131.jpg,external_source/chair/80340760.jpg,512,512,023c0336f5ba6f752aa70fa52084af1381500f00ffb682fb9906ac7f985c2cdd
Chair,chair,chair_0132.jpg,chair/chair_0132.jpg,external_source/chair/80341019.jpg,512,512,8c42366ecb6a381a340150d46a56b64bf37bdbbd8801e1ef4361054777541008
Chair,chair,chair_0133.jpg,chair/chair_0133.jpg,external_source/chair/80349671.jpg,512,512,bf933cc83e1a98a8db41122de729c757893690c48c5d76d967dfb860920656e7
Chair,chair,chair_0134.jpg,chair/chair_0134.jpg,external_source/chair/80377046.jpg,512,512,c3453bda5830773ea12b540d2a49381cf98e47fac9b16c4c2a683318f8b54015
Chair,chair,chair_0135.jpg,chair/chair_0135.jpg,external_source/chair/80404672.jpg,512,512,f7ca2613b4446b31c981efa99b2901b34cf847ea4d5381a2343fad4fa6f13adc
Chair,chair,chair_0136.jpg,chair/chair_0136.jpg,external_source/chair/80417636.jpg,512,512,a4738bda4c40a65e2f1d97fa4142dd51db373584e0729ee5df7da1059555a548
Chair,chair,chair_0137.jpg,chair/chair_0137.jpg,external_source/chair/80443904.jpg,512,512,cb00a1c5ef695437021aad0824921919161dfdf77fa6bd364fbd17b796731cbf
Chair,chair,chair_0138.jpg,chair/chair_0138.jpg,external_source/chair/89127802.jpg,512,512,408423cffbef4de050096da52c39cfa3a304b1a57373941fe3fa3b242bb2a77e
Chair,chair,chair_0139.jpg,chair/chair_0139.jpg,external_source/chair/89197710.jpg,512,512,7de28dccf351314cc13ea72a19e8bf077815265ead0317f39d9c8b8ca2861174
Chair,chair,chair_0140.jpg,chair/chair_0140.jpg,external_source/chair/89203004.jpg,512,512,c76df2ed076e67ab551274c4507b626eeb05bf8f7ccb24106e84884acbb29aac
Chair,chair,chair_0141.jpg,chair/chair_0141.jpg,external_source/chair/89213183.jpg,512,512,b0f7153715e1b22eaf02ee5fdccd6d64f5c4801a1bbe114beeb31e6c2c2d7d76
Chair,chair,chair_0142.jpg,chair/chair_0142.jpg,external_source/chair/89265247.jpg,512,512,9453c8c67f2324b808af5f64221cfa1757e730a953ce79068b8e1c66b4cfc8c1
Chair,chair,chair_0143.jpg,chair/chair_0143.jpg,external_source/chair/89265252.jpg,512,512,60cc83346b74df580349d37a94dd50d819a745629d82b0a3e29c414b6c78eb5e
Chair,chair,chair_0144.jpg,chair/chair_0144.jpg,external_source/chair/89304164.jpg,512,512,c19d19db389de184bd6213fea9a8f3390655d1c33deb9abf8928de9f3b76f6e4
Chair,chair,chair_0145.jpg,chair/chair_0145.jpg,external_source/chair/89318217.jpg,512,512,2c9090109689da67c728633b144cd7e0beead538fa26d29b2281976390facd27
Chair,chair,chair_0146.jpg,chair/chair_0146.jpg,external_source/chair/90214285.jpg,512,512,b92f831e439455d26f43c2d26c8acf102877558a079042d78abf78d8ce471694
Chair,chair,chair_0147.jpg,chair/chair_0147.jpg,external_source/chair/90219184.jpg,512,512,8351a8dd3b381ae7132ab1b903fd83c88a5853b7afa7c6809366fc00e37c1336
Chair,chair,chair_0148.jpg,chair/chair_0148.jpg,external_source/chair/90246291.jpg,512,512,9b99fc2452a1b032006c2b7e07aa7ccd24cef113fce8604e7df313564ffad26e
Chair,chair,chair_0149.jpg,chair/chair_0149.jpg,external_source/chair/90263902.jpg,512,512,51307735d05c76f8948dfef60eec0806811b52b0d978a3b08eac31e5fec1bb4f
Chair,chair,chair_0150.jpg,chair/chair_0150.jpg,external_source/chair/90339902.jpg,512,512,0024d8bb449529f3ebfc4d4b0d60f9e30aca55eb0c75733f868d8aa2f7e72a26
Chair,chair,chair_0151.jpg,chair/chair_0151.jpg,external_source/chair/90342688.jpg,512,512,6f2f12e7ec11215cd54461d0cbb79e4ab0e06602328506f0f2b4fc560293f5f1
Chair,chair,chair_0152.jpg,chair/chair_0152.jpg,external_source/chair/90350937.jpg,512,512,1c7482e19e363428796f95f708510684ca21c08b75467e4c219ee658ce7e0d6c
Chair,chair,chair_0153.jpg,chair/chair_0153.jpg,external_source/chair/90402352.jpg,512,512,945ea06d0922f1cdbedf943eba1d85f2ecaecbbdeeedffe2d25ab035315419ec
Chair,chair,chair_0154.jpg,chair/chair_0154.jpg,external_source/chair/90435324.jpg,512,512,7b513430c364789d2a3fc0c9ed2aa145b74eb703959da6ca16048a2c87aeaa47
Chair,chair,chair_0155.jpg,chair/chair_0155.jpg,external_source/chair/90451644.jpg,512,512,37b8dabb098a6802192b28c0690a24f88105de6fee579acc0a085b811c1a0808
Chair,chair,chair_0156.jpg,chair/chair_0156.jpg,external_source/chair/99127806.jpg,512,512,1b886c35b606244397e386afef981f10d24c1d4544852f67eede4679f2f76b84
Chair,chair,chair_0157.jpg,chair/chair_0157.jpg,external_source/chair/99197696.jpg,512,512,d8513759022de363a7f52d2a49586a020c1c3f383646a4b08642ebecd922f2b3
Chair,chair,chair_0158.jpg,chair/chair_0158.jpg,external_source/chair/99197700.jpg,512,512,1f3be4adab137fb4726dc247fce0004c78c86757a6ef99dd9a94073876147f76
Chair,chair,chair_0159.jpg,chair/chair_0159.jpg,external_source/chair/99304187.jpg,512,512,04911d12f8f815f6b367c7209e882adefa2941f93b43cd9eee52469adc9128a6
Chair,chair,chair_0160.jpg,chair/chair_0160.jpg,external_source/chair/99318245.jpg,512,512,05573a9912616e3fc943b61f9cdecf5de1b4dabafe42fe98fb8bb946c4e4d4d2
Chest of Drawers,chest_of_drawers,chest_of_drawers_0001.jpg,chest_of_drawers/chest_of_drawers_0001.jpg,external_source/chest_of_drawers/00214553.jpg,512,512,2c732f35613d6f657061dc78cea9f137808c1ccf472a2a61c91ecc4a1346fea5
Chest of Drawers,chest_of_drawers,chest_of_drawers_0002.jpg,chest_of_drawers/chest_of_drawers_0002.jpg,external_source/chest_of_drawers/00347162.jpg,512,512,52652e55a1feced1ef09637eab7567a78f0c7784c901eba28803ed692e29b4f5
Chest of Drawers,chest_of_drawers,chest_of_drawers_0003.jpg,chest_of_drawers/chest_of_drawers_0003.jpg,external_source/chest_of_drawers/00392041.jpg,512,512,4e901deb4b32f07b1643cb71ace0304f55878a82d34743f8e481afbe167ae41a
Chest of Drawers,chest_of_drawers,chest_of_drawers_0004.jpg,chest_of_drawers/chest_of_drawers_0004.jpg,external_source/chest_of_drawers/00421656.jpg,512,512,41e31ad75cd485e2bacc38ed4a2e90969ebf3402f0c8ecfe938bd3b7cab53b2a
Chest of Drawers,chest_of_drawers,chest_of_drawers_0005.jpg,chest_of_drawers/chest_of_drawers_0005.jpg,external_source/chest_of_drawers/00421661.jpg,512,512,4f2efd3e6f5cada755f0eeea3381f9e233aa1a04e9aa9306d9835a5dd4f03fe5
Chest of Drawers,chest_of_drawers,chest_of_drawers_0006.jpg,chest_of_drawers/chest_of_drawers_0006.jpg,external_source/chest_of_drawers/00429997.jpg,512,512,e4b08ec4e51ea48c51c23355d6be84e78404488f79c3ef8dac47a993269d7569
Chest of Drawers,chest_of_drawers,chest_of_drawers_0007.jpg,chest_of_drawers/chest_of_drawers_0007.jpg,external_source/chest_of_drawers/00430019.jpg,512,512,9e106e715769112aca7aa41138ce7ddfe77c4cbe68775b45e47f2cea2b659b72
Chest of Drawers,chest_of_drawers,chest_of_drawers_0008.jpg,chest_of_drawers/chest_of_drawers_0008.jpg,external_source/chest_of_drawers/00451498.jpg,512,512,06712636fb2dcbd7aed3aa781c71f128717fcb79ae41f9de47bb405a306e804a
Chest of Drawers,chest_of_drawers,chest_of_drawers_0009.jpg,chest_of_drawers/chest_of_drawers_0009.jpg,external_source/chest_of_drawers/09239498.jpg,512,512,265e4baacc02cac067ab0e69a5624cb4248f95819739cb9352e7588954ac8c6d
Chest of Drawers,chest_of_drawers,chest_of_drawers_0010.jpg,chest_of_drawers/chest_of_drawers_0010.jpg,external_source/chest_of_drawers/09239827.jpg,512,512,27a055d510e1bd8b9556f34a5540f3a06b4f40aac31088bece50f00c5ceb6057
Chest of Drawers,chest_of_drawers,chest_of_drawers_0011.jpg,chest_of_drawers/chest_of_drawers_0011.jpg,external_source/chest_of_drawers/10214557.jpg,512,512,cd3fc9a21d0d4b26410d22551a6e6584b54b029c0668bb04105abb134b5df986
Chest of Drawers,chest_of_drawers,chest_of_drawers_0012.jpg,chest_of_drawers/chest_of_drawers_0012.jpg,external_source/chest_of_drawers/10239280.jpg,512,512,56e8d5f80f91eced13767000076dd3a7daebd38f75b9f87de60bfc85f556dad3
Chest of Drawers,chest_of_drawers,chest_of_drawers_0013.jpg,chest_of_drawers/chest_of_drawers_0013.jpg,external_source/chest_of_drawers/10366777.jpg,512,512,d34766ca1e761e3d5a0bf510dc02e23a4d2e39c383e18dafca277320f92307cb
Chest of Drawers,chest_of_drawers,chest_of_drawers_0014.jpg,chest_of_drawers/chest_of_drawers_0014.jpg,external_source/chest_of_drawers/10366796.jpg,512,512,27d75441b94289ed5b035a4b0e37b1d22afc9fd98dfc4983b97e792f6b3bb35e
Chest of Drawers,chest_of_drawers,chest_of_drawers_0015.jpg,chest_of_drawers/chest_of_drawers_0015.jpg,external_source/chest_of_drawers/10383461.jpg,512,512,bc20281c514aea4e874451a58c4063d7112bc27f241320ce8097d00b87f8f5ea
Chest of Drawers,chest_of_drawers,chest_of_drawers_0016.jpg,chest_of_drawers/chest_of_drawers_0016.jpg,external_source/chest_of_drawers/10385950.jpg,512,512,3d68d98b4524c8b3ff7168f02fa2731a2e66f07d526c70392336816e719beb7b
Chest of Drawers,chest_of_drawers,chest_of_drawers_0017.jpg,chest_of_drawers/chest_of_drawers_0017.jpg,external_source/chest_of_drawers/10391324.jpg,512,512,cbb5ba9c26e6759c49b576f028815546505124d579e7bf4745eded43d005b22e
Chest of Drawers,chest_of_drawers,chest_of_drawers_0018.jpg,chest_of_drawers/chest_of_drawers_0018.jpg,external_source/chest_of_drawers/10421665.jpg,512,512,ed324612d89dfda58285cb52b13985326bbe90c992e60d847b1cd40a15e31f6d
Chest of Drawers,chest_of_drawers,chest_of_drawers_0019.jpg,chest_of_drawers/chest_of_drawers_0019.jpg,external_source/chest_of_drawers/19248015.jpg,512,512,14baf3e0571efc3259893594cd221b3c997f8006d9f5ac53e5b567b4c9b4088f
Chest of Drawers,chest_of_drawers,chest_of_drawers_0020.jpg,chest_of_drawers/chest_of_drawers_0020.jpg,external_source/chest_of_drawers/19276522.jpg,512,512,2a5d6f96cc963ca7c80c06ea0aeb66bdf3ed1454f739949b13657b0559d076d7
Chest of Drawers,chest_of_drawers,chest_of_drawers_0021.jpg,chest_of_drawers/chest_of_drawers_0021.jpg,external_source/chest_of_drawers/19276621.jpg,512,512,7d95e3ad5cbd36b78ecfd90a32ad10ee383e320ab782184626cdc62ea4d7917c
Chest of Drawers,chest_of_drawers,chest_of_drawers_0022.jpg,chest_of_drawers/chest_of_drawers_0022.jpg,external_source/chest_of_drawers/20270802.jpg,512,512,4520d35e4d4f33e74a7842d7f4179d8f24884392d395fd9c5d43b432ced8e4cd
Chest of Drawers,chest_of_drawers,chest_of_drawers_0023.jpg,chest_of_drawers/chest_of_drawers_0023.jpg,external_source/chest_of_drawers/20311303.jpg,512,512,3add2a5f9cb85f12c01ed296feb5b91220dfff82a153972e422e9b347bfff0ec
Chest of Drawers,chest_of_drawers,chest_of_drawers_0024.jpg,chest_of_drawers/chest_of_drawers_0024.jpg,external_source/chest_of_drawers/20383465.jpg,512,512,3a01b914119ccf236afc90d0aa82fffaeac23ada01c7ecaa1798a81cbaccee6a
Chest of Drawers,chest_of_drawers,chest_of_drawers_0025.jpg,chest_of_drawers/chest_of_drawers_0025.jpg,external_source/chest_of_drawers/20403557.jpg,512,512,d6cc6a6c78615008528b638ab5379edb9a125c307ba946181880b069a6bd5592
Chest of Drawers,chest_of_drawers,chest_of_drawers_0026.jpg,chest_of_drawers/chest_of_drawers_0026.jpg,external_source/chest_of_drawers/20403562.jpg,512,512,d5b063e51322f8b4dbd9c833b255195e248856e810bf3b95024699bd643028a0
Chest of Drawers,chest_of_drawers,chest_of_drawers_0027.jpg,chest_of_drawers/chest_of_drawers_0027.jpg,external_source/chest_of_drawers/29239497.jpg,512,512,70f2541230060228674c4bb2ea51341c8cb019dd77ea7eaaebd7b856c5b98003
Chest of Drawers,chest_of_drawers,chest_of_drawers_0028.jpg,chest_of_drawers/chest_of_drawers_0028.jpg,external_source/chest_of_drawers/29239505.jpg,512,512,12b6b3c616a7f6822b242fd15613fb442641dcf50ae5ab6c2cfd3bf43275735d
Chest of Drawers,chest_of_drawers,chest_of_drawers_0029.jpg,chest_of_drawers/chest_of_drawers_0029.jpg,external_source/chest_of_drawers/29276550.jpg,512,512,fbfb72fe8ff7e87f54fa8157dded23d416ab2b0b0d26a7de505b977089e87a67
Chest of Drawers,chest_of_drawers,chest_of_drawers_0030.jpg,chest_of_drawers/chest_of_drawers_0030.jpg,external_source/chest_of_drawers/30309234.jpg,512,512,0dbc6721f1683c4ccc13af25da11b16d53bdab4320063d131925e7687e17dcc5
Chest of Drawers,chest_of_drawers,chest_of_drawers_0031.jpg,chest_of_drawers/chest_of_drawers_0031.jpg,external_source/chest_of_drawers/30383479.jpg,512,512,6cadc210ed8b0c7108fc4f9944db9589b00ca261895edc11f5ea4e9db201a641
Chest of Drawers,chest_of_drawers,chest_of_drawers_0032.jpg,chest_of_drawers/chest_of_drawers_0032.jpg,external_source/chest_of_drawers/30383484.jpg,512,512,552b67788146e04c72d327f2b3ce8aa72565c5f8f590decff70aa0392b75e5cb
Chest of Drawers,chest_of_drawers,chest_of_drawers_0033.jpg,chest_of_drawers/chest_of_drawers_0033.jpg,external_source/chest_of_drawers/30401893.jpg,512,512,b6d17c637b726e10c88a1effad8e9ea1f3194c9986e10708161d3706b58152b6
Chest of Drawers,chest_of_drawers,chest_of_drawers_0034.jpg,chest_of_drawers/chest_of_drawers_0034.jpg,external_source/chest_of_drawers/30403566.jpg,512,512,a5bb52deb961d561fc2011cd3eea55204c942f84490823ea37807b8f9c8e7a82
Chest of Drawers,chest_of_drawers,chest_of_drawers_0035.jpg,chest_of_drawers/chest_of_drawers_0035.jpg,external_source/chest_of_drawers/30403571.jpg,512,512,05469babecc863c320436739a1987f938d4c9ef3a019d12c0642ada2679724df
Chest of Drawers,chest_of_drawers,chest_of_drawers_0036.jpg,chest_of_drawers/chest_of_drawers_0036.jpg,external_source/chest_of_drawers/39239835.jpg,512,512,5801144b4e15106d4a4f9cd0f1fc54498ac973b0cd3a72828ab0b96ef9fd1e50
Chest of Drawers,chest_of_drawers,chest_of_drawers_0037.jpg,chest_of_drawers/chest_of_drawers_0037.jpg,external_source/chest_of_drawers/40239274.jpg,512,512,2bef13de409e3a96064ccacb5d57fdeab48455cd874e019ff9976d0c9cb6df5e
Chest of Drawers,chest_of_drawers,chest_of_drawers_0038.jpg,chest_of_drawers/chest_of_drawers_0038.jpg,external_source/chest_of_drawers/40270820.jpg,512,512,6ee047ae32478539015f2c506097f80c9c55743d6a2524296cc5f900a28790ff
Chest of Drawers,chest_of_drawers,chest_of_drawers_0039.jpg,chest_of_drawers/chest_of_drawers_0039.jpg,external_source/chest_of_drawers/40383469.jpg,512,512,478f3f4ff7f01c1a6a32399170af6054efd931d63218c299a9b0d5adace37c0f
Chest of Drawers,chest_of_drawers,chest_of_drawers_0040.jpg,chest_of_drawers/chest_of_drawers_0040.jpg,external_source/chest_of_drawers/40383474.jpg,512,512,4e60501c14fa50792473d3a6905b6169fd089c2f44afc73069ccdfa3b1f9c103
Chest of Drawers,chest_of_drawers,chest_of_drawers_0041.jpg,chest_of_drawers/chest_of_drawers_0041.jpg,external_source/chest_of_drawers/40393661.jpg,512,512,d59a7941e7d5c550dfdf0997c6a73a28c4823255539ce991f27a70cd581c1c0c
Chest of Drawers,chest_of_drawers,chest_of_drawers_0042.jpg,chest_of_drawers/chest_of_drawers_0042.jpg,external_source/chest_of_drawers/40401901.jpg,512,512,4cdc44380924617d127704c57e62040fd4cae880ecfbb1766facfca9572df081
Chest of Drawers,chest_of_drawers,chest_of_drawers_0043.jpg,chest_of_drawers/chest_of_drawers_0043.jpg,external_source/chest_of_drawers/40403599.jpg,512,512,a2d58d14629ec0a66023e87cd99447b4d81701bd56dc1460446cb208eafdf234
Chest of Drawers,chest_of_drawers,chest_of_drawers_0044.jpg,chest_of_drawers/chest_of_drawers_0044.jpg,external_source/chest_of_drawers/40429976.jpg,512,512,d30de5663f5b04b98209c311eb748b02931a3d7ab73f2de1d2eb13f02bf959b7
Chest of Drawers,chest_of_drawers,chest_of_drawers_0045.jpg,chest_of_drawers/chest_of_drawers_0045.jpg,external_source/chest_of_drawers/40450270.jpg,512,512,3c19653b8588cb5c4eea5de36366fe3318212bd5cda9025b11bba076c8ea7c95
Chest of Drawers,chest_of_drawers,chest_of_drawers_0046.jpg,chest_of_drawers/chest_of_drawers_0046.jpg,external_source/chest_of_drawers/49239496.jpg,512,512,e7ce512d91d0eea278f191d4848503cbad9961b4526c0ce8532fc207ff2faf11
Chest of Drawers,chest_of_drawers,chest_of_drawers_0047.jpg,chest_of_drawers/chest_of_drawers_0047.jpg,external_source/chest_of_drawers/49248033.jpg,512,512,39d17928d9bb00cb5461f95c3254b4283695fb9d589aff23935c430fb9bd90c3
Chest of Drawers,chest_of_drawers,chest_of_drawers_0048.jpg,chest_of_drawers/chest_of_drawers_0048.jpg,external_source/chest_of_drawers/49276549.jpg,512,512,f9ead78ad508aea3ce9336dae84a81d48a56b733b239a8dc5ffc235d1e9caaa5
Chest of Drawers,chest_of_drawers,chest_of_drawers_0049.jpg,chest_of_drawers/chest_of_drawers_0049.jpg,external_source/chest_of_drawers/49276629.jpg,512,512,1d6759f044fb216ff481f930b9a6b19a5a4441e0a347af1c78baa1747c9a0a27
Chest of Drawers,chest_of_drawers,chest_of_drawers_0050.jpg,chest_of_drawers/chest_of_drawers_0050.jpg,external_source/chest_of_drawers/50214555.jpg,512,512,99d99329a54cdf0de51eb4649f2656057adae8827eeb7a6f970c0cbb352d407d
Chest of Drawers,chest_of_drawers,chest_of_drawers_0051.jpg,chest_of_drawers/chest_of_drawers_0051.jpg,external_source/chest_of_drawers/50218025.jpg,512,512,5514ca38d91e0195d3a09211d1d455db119d97d8195227897b100e031c68efb4
Chest of Drawers,chest_of_drawers,chest_of_drawers_0052.jpg,chest_of_drawers/chest_of_drawers_0052.jpg,external_source/chest_of_drawers/50293722.jpg,512,512,a23f5f362204f7a13d781dc650281c6c36ce2576253c813e9addc41534973a1c
Chest of Drawers,chest_of_drawers,chest_of_drawers_0053.jpg,chest_of_drawers/chest_of_drawers_0053.jpg,external_source/chest_of_drawers/50383483.jpg,512,512,ff8cf46b9eed747497d1e2ea138d7c14e46373625c14e5b449ce329d5fb92e0f
Chest of Drawers,chest_of_drawers,chest_of_drawers_0055.jpg,chest_of_drawers/chest_of_drawers_0055.jpg,external_source/chest_of_drawers/50430012.jpg,512,512,3dc16f26baaf8d6e02564ae87d25562b6ecea60236ca17ffb28f0b05241ab44c
Chest of Drawers,chest_of_drawers,chest_of_drawers_0056.jpg,chest_of_drawers/chest_of_drawers_0056.jpg,external_source/chest_of_drawers/50449097.jpg,512,512,5f6f55e3f7e51ad6e3fcd86445073f896060397d00cdeea764c096c5add410af
Chest of Drawers,chest_of_drawers,chest_of_drawers_0057.jpg,chest_of_drawers/chest_of_drawers_0057.jpg,external_source/chest_of_drawers/59239504.jpg,512,512,e162504d68f0454cffd04076b0fa3493ee8c4c9b60af915e8ed4d0e759912dc4
Chest of Drawers,chest_of_drawers,chest_of_drawers_0058.jpg,chest_of_drawers/chest_of_drawers_0058.jpg,external_source/chest_of_drawers/60239268.jpg,512,512,54ea9e277b115e568fc7ad253db27c25409fb2292d05e7554affc5d3154ad9c2
Chest of Drawers,chest_of_drawers,chest_of_drawers_0059.jpg,chest_of_drawers/chest_of_drawers_0059.jpg,external_source/chest_of_drawers/60239273.jpg,512,512,8205eea4fe3fdc1b7c01522bb637da3fc250711a2ef16e059fe978834ae3bc63
Chest of Drawers,chest_of_drawers,chest_of_drawers_0060.jpg,chest_of_drawers/chest_of_drawers_0060.jpg,external_source/chest_of_drawers/60366789.jpg,512,512,4a2e7a0c3bfe8a90aa4b67a297737a29a68204c607d92e918349cc810ecb0b5f
Chest of Drawers,chest_of_drawers,chest_of_drawers_0061.jpg,chest_of_drawers/chest_of_drawers_0061.jpg,external_source/chest_of_drawers/60403579.jpg,512,512,f675fedc0713498139aed3c69b7104157b16d02c7bd91da5bed26baa59aab77b
Chest of Drawers,chest_of_drawers,chest_of_drawers_0062.jpg,chest_of_drawers/chest_of_drawers_0062.jpg,external_source/chest_of_drawers/60403584.jpg,512,512,b275b7b14afac7ffb9b5f4bcbada8360c4cc0701e844a67beda690ebf66d8eb6
Chest of Drawers,chest_of_drawers,chest_of_drawers_0063.jpg,chest_of_drawers/chest_of_drawers_0063.jpg,external_source/chest_of_drawers/60403602.jpg,512,512,703db394fc54c3d71105cbef0ea1a058ed163209283702be75a15e874ed7f74d
Chest of Drawers,chest_of_drawers,chest_of_drawers_0064.jpg,chest_of_drawers/chest_of_drawers_0064.jpg,external_source/chest_of_drawers/60426571.jpg,512,512,af90db79526d68d346e21c3718e1c3f9c1510470b079a18d05e168b18cea66de
Chest of Drawers,chest_of_drawers,chest_of_drawers_0065.jpg,chest_of_drawers/chest_of_drawers_0065.jpg,external_source/chest_of_drawers/60430021.jpg,512,512,03d953745de11ac7bc7738a89f68d81dae50571316516647f846642d7b963df5
Chest of Drawers,chest_of_drawers,chest_of_drawers_0066.jpg,chest_of_drawers/chest_of_drawers_0066.jpg,external_source/chest_of_drawers/69239495.jpg,512,512,3a72f63418fd7f9f76984e252a15240e7b7638737a92cea68d278bcbc75a6599
Chest of Drawers,chest_of_drawers,chest_of_drawers_0067.jpg,chest_of_drawers/chest_of_drawers_0067.jpg,external_source/chest_of_drawers/69276567.jpg,512,512,d6f16b13cd5e0dd38abb885c30d9fc347e3907e41c6e7423841580c98192c92d
Chest of Drawers,chest_of_drawers,chest_of_drawers_0068.jpg,chest_of_drawers/chest_of_drawers_0068.jpg,external_source/chest_of_drawers/69276633.jpg,512,512,c81d51069727f4991684423a13cf4708002a4b28f0fb1abbca8ddcfe7685f28c
Chest of Drawers,chest_of_drawers,chest_of_drawers_0069.jpg,chest_of_drawers/chest_of_drawers_0069.jpg,external_source/chest_of_drawers/70311305.jpg,512,512,dcc02b8c5b945edf308b2d914b9ffb84001d9a37a52bf559a86967d2badf3e47
Chest of Drawers,chest_of_drawers,chest_of_drawers_0070.jpg,chest_of_drawers/chest_of_drawers_0070.jpg,external_source/chest_of_drawers/70366784.jpg,512,512,6c4754340b0d2482804077dab2f934805666d14f75864bb87d055deb9a79764f
Chest of Drawers,chest_of_drawers,chest_of_drawers_0071.jpg,chest_of_drawers/chest_of_drawers_0071.jpg,external_source/chest_of_drawers/70366798.jpg,512,512,d790b7e7451f3ea88d3e7390419ea32b15b4a6f1bf641414806245d2e104aacf
Chest of Drawers,chest_of_drawers,chest_of_drawers_0072.jpg,chest_of_drawers/chest_of_drawers_0072.jpg,external_source/chest_of_drawers/70403569.jpg,512,512,4e04bc3214e1ab6f23d02d9767cc93fc3832f6c9b4994632f47ce212d23fc17c
Chest of Drawers,chest_of_drawers,chest_of_drawers_0073.jpg,chest_of_drawers/chest_of_drawers_0073.jpg,external_source/chest_of_drawers/70403574.jpg,512,512,322936b3fa36865d3dcd7bb38494b6e311da6e7b338d24472f9611102b8443e4
Chest of Drawers,chest_of_drawers,chest_of_drawers_0074.jpg,chest_of_drawers/chest_of_drawers_0074.jpg,external_source/chest_of_drawers/70403593.jpg,512,512,26ffa3c8fe9c8bd0854b10ce3c854d2bb611080dd92d167b0c15222ae0d190e4
Chest of Drawers,chest_of_drawers,chest_of_drawers_0075.jpg,chest_of_drawers/chest_of_drawers_0075.jpg,external_source/chest_of_drawers/70403606.jpg,512,512,b694f4edbe1340393f2ba8af3f03ac296740560eb1a5b63d7ceb6bb6bd285c3f
Chest of Drawers,chest_of_drawers,chest_of_drawers_0076.jpg,chest_of_drawers/chest_of_drawers_0076.jpg,external_source/chest_of_drawers/70407299.jpg,512,512,9492028ce04fcf1c7190fa787b68ca3d5b84a63790039446b3d39ffab2b65c2c
Chest of Drawers,chest_of_drawers,chest_of_drawers_0077.jpg,chest_of_drawers/chest_of_drawers_0077.jpg,external_source/chest_of_drawers/70429970.jpg,512,512,7cc2c38f7d34d1efc2a003f0e269b343f2335d9bae7bfe2fd2036c4179835f3a
Chest of Drawers,chest_of_drawers,chest_of_drawers_0078.jpg,chest_of_drawers/chest_of_drawers_0078.jpg,external_source/chest_of_drawers/75305709.jpg,512,512,6186ba65646fbe3c64ec44ca858c088bc3d3cb5e51fa97a8bc240fd284b7c446
Chest of Drawers,chest_of_drawers,chest_of_drawers_0079.jpg,chest_of_drawers/chest_of_drawers_0079.jpg,external_source/chest_of_drawers/79239503.jpg,512,512,cedf3191b3b09eb6ab8d86b6f5a12ddc57c30fa10b2636c059356d0d70a874b6
Chest of Drawers,chest_of_drawers,chest_of_drawers_0080.jpg,chest_of_drawers/chest_of_drawers_0080.jpg,external_source/chest_of_drawers/79239843.jpg,512,512,57c48a41802e0a36b9f1438ac303186c67341c7ef494d9b62bbd232d0f4b0ae4
Chest of Drawers,chest_of_drawers,chest_of_drawers_0081.jpg,chest_of_drawers/chest_of_drawers_0081.jpg,external_source/chest_of_drawers/80218024.jpg,512,512,d61b6a56752d921825116c0bb7d2411c232009926aae4ef79da1b80c1782b8a0
Chest of Drawers,chest_of_drawers,chest_of_drawers_0082.jpg,chest_of_drawers/chest_of_drawers_0082.jpg,external_source/chest_of_drawers/80391325.jpg,512,512,3140a9d0f6d1ad1c371a832d779753ef866790cb23182b2618742584c8de5dc6
Chest of Drawers,chest_of_drawers,chest_of_drawers_0083.jpg,chest_of_drawers/chest_of_drawers_0083.jpg,external_source/chest_of_drawers/80403559.jpg,512,512,51f6c5bb8d42047a13c218ea34fda30395c92d3456201a22f2f9c1e7a3338570
Chest of Drawers,chest_of_drawers,chest_of_drawers_0084.jpg,chest_of_drawers/chest_of_drawers_0084.jpg,external_source/chest_of_drawers/80403564.jpg,512,512,b775bfec057cd2736a2171b67dd0854b7b585ed9ebda5d0c7153df067d179157
Chest of Drawers,chest_of_drawers,chest_of_drawers_0085.jpg,chest_of_drawers/chest_of_drawers_0085.jpg,external_source/chest_of_drawers/80424745.jpg,512,512,639d7e9fb2bd51208892f591d1992caffb141c8e22bf7977b556a1217c634ac3
Chest of Drawers,chest_of_drawers,chest_of_drawers_0086.jpg,chest_of_drawers/chest_of_drawers_0086.jpg,external_source/chest_of_drawers/80424750.jpg,512,512,5f1327950687037f63b046d8ecaa05cceaedb68eb2b6e474bb1e79f0ba788628
Chest of Drawers,chest_of_drawers,chest_of_drawers_0087.jpg,chest_of_drawers/chest_of_drawers_0087.jpg,external_source/chest_of_drawers/89239499.jpg,512,512,94172c37f82b4787c478162f97d718e092852a736d7c515ebea6944de61ee739
Chest of Drawers,chest_of_drawers,chest_of_drawers_0088.jpg,chest_of_drawers/chest_of_drawers_0088.jpg,external_source/chest_of_drawers/89239507.jpg,512,512,fa85775890cd2a54c2d2221c4d9a08273611a37930d7d71399ccc7d94df4f328
Chest of Drawers,chest_of_drawers,chest_of_drawers_0089.jpg,chest_of_drawers/chest_of_drawers_0089.jpg,external_source/chest_of_drawers/90347167.jpg,512,512,f09cecca6c0278fbbc6fdda96da287b4f029ff6499e67433e52a53ec3386783e
Chest of Drawers,chest_of_drawers,chest_of_drawers_0090.jpg,chest_of_drawers/chest_of_drawers_0090.jpg,external_source/chest_of_drawers/90366764.jpg,512,512,fb61f3de9de15dc0854efc6ffde571c6f0c65c4c592c0494f2cbeb17d83b9d91
Chest of Drawers,chest_of_drawers,chest_of_drawers_0091.jpg,chest_of_drawers/chest_of_drawers_0091.jpg,external_source/chest_of_drawers/90366839.jpg,512,512,a4e20f8783d95e22fb76521cee0756f916811cd9f1e1b6277ad05596bd817ce1
Chest of Drawers,chest_of_drawers,chest_of_drawers_0092.jpg,chest_of_drawers/chest_of_drawers_0092.jpg,external_source/chest_of_drawers/90383457.jpg,512,512,ee065cce56b0f36d0ce8a8a86af3236ca5c684487976a720428feb859fc4aca1
Chest of Drawers,chest_of_drawers,chest_of_drawers_0093.jpg,chest_of_drawers/chest_of_drawers_0093.jpg,external_source/chest_of_drawers/90392046.jpg,512,512,bc01c5deb3f8591d37ddec06c163e854f60a2b1d7598df804cbe9c999a8355cf
Chest of Drawers,chest_of_drawers,chest_of_drawers_0094.jpg,chest_of_drawers/chest_of_drawers_0094.jpg,external_source/chest_of_drawers/90400414.jpg,512,512,6c91130718b2a4bbee8b69d05d717a17fc3d722b6df45983018cfeb0c0c6fd56
Chest of Drawers,chest_of_drawers,chest_of_drawers_0095.jpg,chest_of_drawers/chest_of_drawers_0095.jpg,external_source/chest_of_drawers/90403587.jpg,512,512,26a5408286979078b1f5f66225c47cdd2e7703acabb7883ea4b4e2412e0945cc
Chest of Drawers,chest_of_drawers,chest_of_drawers_0096.jpg,chest_of_drawers/chest_of_drawers_0096.jpg,external_source/chest_of_drawers/90403605.jpg,512,512,dd966c523f51df3eb18133347a33f293afa8d8f76b02776b67141d93de9de68d
Chest of Drawers,chest_of_drawers,chest_of_drawers_0097.jpg,chest_of_drawers/chest_of_drawers_0097.jpg,external_source/chest_of_drawers/99239494.jpg,512,512,88546f26e12a52ab9125e250685970be2192343a066ea24bf0a529bbbf532090
Coffee and Tea Makers,coffee_and_tea_makers,coffee_and_tea_makers_0001.jpg,coffee_and_tea_makers/coffee_and_tea_makers_0001.jpg,external_source/coffee_and_tea_makers/00250254.jpg,512,512,1376bce231a4d1372f8f48ade44095f083cfdfa75e30c395394f504c0bcd9d94
Coffee and Tea Makers,coffee_and_tea_makers,coffee_and_tea_makers_0002.jpg,coffee_and_tea_makers/coffee_and_tea_makers_0002.jpg,external_source/coffee_and_tea_makers/00297850.jpg,512,512,2dfa4bc2b2d00bf23a061c00a56a816f254477a4d6f1a9780208d3f76229ef81
Coffee and Tea Makers,coffee_and_tea_makers,coffee_and_tea_makers_0003.jpg,coffee_and_tea_makers/coffee_and_tea_makers_0003.jpg,external_source/coffee_and_tea_makers/00373207.jpg,512,512,7e7f7e2a30bfebacc8a784c44da68fbbc18cea9e50acd9ab13f50520b500bc7e
Coffee and Tea Makers,coffee_and_tea_makers,coffee_and_tea_makers_0004.jpg,coffee_and_tea_makers/coffee_and_tea_makers_0004.jpg,external_source/coffee_and_tea_makers/00450639.jpg,512,512,ebe9e342ebe2e89ac96ba240aa6bf82aefd98548665bd9f8b1598d8124b83809
Coffee and Tea Makers,coffee_and_tea_makers,coffee_and_tea_makers_0005.jpg,coffee_and_tea_makers/coffee_and_tea_makers_0005.jpg,external_source/coffee_and_tea_makers/10360228.jpg,512,512,8bd4d4e15135f7474e5873955309ecdfac43c3e879b1834d79202c325dd3bc54
Coffee and Tea Makers,coffee_and_tea_makers,coffee_and_tea_makers_0006.jpg,coffee_and_tea_makers/coffee_and_tea_makers_0006.jpg,external_source/coffee_and_tea_makers/20239595.jpg,512,512,d7e6cdd2cc3ff4682773c4a8bb429d08add8aafd691f50ccb3dfe08abc2988cf
Coffee and Tea Makers,coffee_and_tea_makers,coffee_and_tea_makers_0007.jpg,coffee_and_tea_makers/coffee_and_tea_makers_0007.jpg,external_source/coffee_and_tea_makers/20287685.jpg,512,512,9aa77b2504233c4cfbb8812ea8575118b4d3ce38a7d3c7853f0830738888ebf6
Coffee and Tea Makers,coffee_and_tea_makers,coffee_and_tea_makers_0008.jpg,coffee_and_tea_makers/coffee_and_tea_makers_0008.jpg,external_source/coffee_and_tea_makers/20360237.jpg,512,512,72df49bff52ea83440cb63ba149aadbd9adf8131fcf99a5112f6f58077280294
Coffee and Tea Makers,coffee_and_tea_makers,coffee_and_tea_makers_0009.jpg,coffee_and_tea_makers/coffee_and_tea_makers_0009.jpg,external_source/coffee_and_tea_makers/20373206.jpg,512,512,01a53f5c2d087ced9874ebdbd1104f28c7148014a201164f76e35737dc655441
Coffee and Tea Makers,coffee_and_tea_makers,coffee_and_tea_makers_0010.jpg,coffee_and_tea_makers/coffee_and_tea_makers_0010.jpg,external_source/coffee_and_tea_makers/30278510.jpg,512,512,f57eb17ea3b69b213a861c6a337b703e2899d8001a60dac3dd67caf689de2db7
Coffee and Tea Makers,coffee_and_tea_makers,coffee_and_tea_makers_0011.jpg,coffee_and_tea_makers/coffee_and_tea_makers_0011.jpg,external_source/coffee_and_tea_makers/30360232.jpg,512,512,ac28d2d229c4101925a217d5abbf1ee19204cb31959dfcad2e271ac11ad4c9e9
Coffee and Tea Makers,coffee_and_tea_makers,coffee_and_tea_makers_0012.jpg,coffee_and_tea_makers/coffee_and_tea_makers_0012.jpg,external_source/coffee_and_tea_makers/30419261.jpg,512,512,f2a542624ea7510b7aa0b1663462f849ff0f8890f8a7a5b4ffdfeb6671d7a393
Coffee and Tea Makers,coffee_and_tea_makers,coffee_and_tea_makers_0013.jpg,coffee_and_tea_makers/coffee_and_tea_makers_0013.jpg,external_source/coffee_and_tea_makers/30458304.jpg,512,512,f53b00a7c0d7351017d81707624a203b469c251560a14eadc1da2645f19da478
Coffee and Tea Makers,coffee_and_tea_makers,coffee_and_tea_makers_0014.jpg,coffee_and_tea_makers/coffee_and_tea_makers_0014.jpg,external_source/coffee_and_tea_makers/40103826.jpg,512,512,74a88f102ca18a6867be2a92259b2346a2214de4efcfe74a76e19f3444c28982
Coffee and Tea Makers,coffee_and_tea_makers,coffee_and_tea_makers_0015.jpg,coffee_and_tea_makers/coffee_and_tea_makers_0015.jpg,external_source/coffee_and_tea_makers/40149848.jpg,512,512,e7961ec1198b26e6d301744e6505f19f109228153135765f11830f46c4b88ec0
Coffee and Tea Makers,coffee_and_tea_makers,coffee_and_tea_makers_0016.jpg,coffee_and_tea_makers/coffee_and_tea_makers_0016.jpg,external_source/coffee_and_tea_makers/40202138.jpg,512,512,7a8914c01601be0bb139f00e278946ce07778de58a25b463d2695fa1ef1b987a
Coffee and Tea Makers,coffee_and_tea_makers,coffee_and_tea_makers_0017.jpg,coffee_and_tea_makers/coffee_and_tea_makers_0017.jpg,external_source/coffee_and_tea_makers/40288354.jpg,512,512,a41b143a9f0913ae7499c28302531f860def3b02195e11136d1a5ea67723ed21
Coffee and Tea Makers,coffee_and_tea_makers,coffee_and_tea_makers_0018.jpg,coffee_and_tea_makers/coffee_and_tea_makers_0018.jpg,external_source/coffee_and_tea_makers/40289344.jpg,512,512,c387ec6243f844890c4da979f5b111901d7a94ffb5182b0ca27add1d3bd5db14
Coffee and Tea Makers,coffee_and_tea_makers,coffee_and_tea_makers_0019.jpg,coffee_and_tea_makers/coffee_and_tea_makers_0019.jpg,external_source/coffee_and_tea_makers/40360222.jpg,512,512,c52c6ba991f6a83ed3233fbc455392dc1c055230e843cc7009c9b95242317a86
Coffee and Tea Makers,coffee_and_tea_makers,coffee_and_tea_makers_0020.jpg,coffee_and_tea_makers/coffee_and_tea_makers_0020.jpg,external_source/coffee_and_tea_makers/40415309.jpg,512,512,8df6d20f7e5600a8dcc6e35486a2f2c466f98091891fb695de0ee543ab71d171
Coffee and Tea Makers,coffee_and_tea_makers,coffee_and_tea_makers_0021.jpg,coffee_and_tea_makers/coffee_and_tea_makers_0021.jpg,external_source/coffee_and_tea_makers/40429542.jpg,512,512,1feb102da9355f175063d0ca2063a507d271bc54679fb0b93a9adfa3bd34c246
Coffee and Tea Makers,coffee_and_tea_makers,coffee_and_tea_makers_0022.jpg,coffee_and_tea_makers/coffee_and_tea_makers_0022.jpg,external_source/coffee_and_tea_makers/46956800.jpg,512,512,6f5bef7a58ce36e8cd4b8eba5a81483605cf3c348f778129435d5fa009e25368
Coffee and Tea Makers,coffee_and_tea_makers,coffee_and_tea_makers_0023.jpg,coffee_and_tea_makers/coffee_and_tea_makers_0023.jpg,external_source/coffee_and_tea_makers/50149843.jpg,512,512,71ece3c6865746dac1dc0903ebf58e8a8c7a69de50d8243cd6298774422efa11
Coffee and Tea Makers,coffee_and_tea_makers,coffee_and_tea_makers_0024.jpg,coffee_and_tea_makers/coffee_and_tea_makers_0024.jpg,external_source/coffee_and_tea_makers/50251915.jpg,512,512,718280a372ad41ad7ed3fad2bc07ed43ffbbd499fb83cfa0b167e3ee3366844c
Coffee and Tea Makers,coffee_and_tea_makers,coffee_and_tea_makers_0025.jpg,coffee_and_tea_makers/coffee_and_tea_makers_0025.jpg,external_source/coffee_and_tea_makers/50301166.jpg,512,512,47067ea8ac2af40356379a6a5f8017956cdd065b5348bdae9e06d8bffea77b72
Coffee and Tea Makers,coffee_and_tea_makers,coffee_and_tea_makers_0026.jpg,coffee_and_tea_makers/coffee_and_tea_makers_0026.jpg,external_source/coffee_and_tea_makers/50360245.jpg,512,512,adf94264c184c69096a46ac25546ae51ef6d5904370157054a252859980e8500
Coffee and Tea Makers,coffee_and_tea_makers,coffee_and_tea_makers_0027.jpg,coffee_and_tea_makers/coffee_and_tea_makers_0027.jpg,external_source/coffee_and_tea_makers/50412447.jpg,512,512,c392b8c1a7d13b1672ca7426dea94cccd9c76576c63684e4a452661e0b17feb2
Coffee and Tea Makers,coffee_and_tea_makers,coffee_and_tea_makers_0028.jpg,coffee_and_tea_makers/coffee_and_tea_makers_0028.jpg,external_source/coffee_and_tea_makers/50419255.jpg,512,512,b238c7e1149df57dbad99da239af87931c2f4f43ecaa9fcfdd340ed9ea2bd693
Coffee and Tea Makers,coffee_and_tea_makers,coffee_and_tea_makers_0029.jpg,coffee_and_tea_makers/coffee_and_tea_makers_0029.jpg,external_source/coffee_and_tea_makers/60241389.jpg,512,512,7fa86c8abde461344abaf00fbb492109ac7db820fd8dd5e54716d6b25c6e2875
Coffee and Tea Makers,coffee_and_tea_makers,coffee_and_tea_makers_0030.jpg,coffee_and_tea_makers/coffee_and_tea_makers_0030.jpg,external_source/coffee_and_tea_makers/60415346.jpg,512,512,1c5556f72ff6b908c9ecdd10edb6b26cec2eaf5f96c69f55afeae2803e6d8138
Coffee and Tea Makers,coffee_and_tea_makers,coffee_and_tea_makers_0031.jpg,coffee_and_tea_makers/coffee_and_tea_makers_0031.jpg,external_source/coffee_and_tea_makers/60415351.jpg,512,512,e136ea50bb9f073fe2cc21d9bbb8a8b76c3cb114ab6467d6744326197a32c18d
Coffee and Tea Makers,coffee_and_tea_makers,coffee_and_tea_makers_0032.jpg,coffee_and_tea_makers/coffee_and_tea_makers_0032.jpg,external_source/coffee_and_tea_makers/70353890.jpg,512,512,9e8e03d6991bbd60fca470a280fbf8d19b945ece46a1aa9364133d3ba839b173
Coffee and Tea Makers,coffee_and_tea_makers,coffee_and_tea_makers_0033.jpg,coffee_and_tea_makers/coffee_and_tea_makers_0033.jpg,external_source/coffee_and_tea_makers/70360225.jpg,512,512,7a63e3617d20f191ed42840ea4937c1ec8a86b086cd2b5083fe7cc064b51a527
Coffee and Tea Makers,coffee_and_tea_makers,coffee_and_tea_makers_0034.jpg,coffee_and_tea_makers/coffee_and_tea_makers_0034.jpg,external_source/coffee_and_tea_makers/80415307.jpg,512,512,ba74692e4bc56c3a001423d6f948db45f2cb66b1ef220ee3ba66a25d0065d380
Coffee and Tea Makers,coffee_and_tea_makers,coffee_and_tea_makers_0035.jpg,coffee_and_tea_makers/coffee_and_tea_makers_0035.jpg,external_source/coffee_and_tea_makers/80458306.jpg,512,512,96a959331268fd36ab5faaffe7b366b63c46ccd1f3e04c5d174eab8bc04d16d7
Coffee and Tea Makers,coffee_and_tea_makers,coffee_and_tea_makers_0036.jpg,coffee_and_tea_makers/coffee_and_tea_makers_0036.jpg,external_source/coffee_and_tea_makers/90150071.jpg,512,512,a5ed25723915259b76bf401a4a564fd9bb2519c79b0bf52ffe0bec794e99f695
Coffee and Tea Makers,coffee_and_tea_makers,coffee_and_tea_makers_0037.jpg,coffee_and_tea_makers/coffee_and_tea_makers_0037.jpg,external_source/coffee_and_tea_makers/90358962.jpg,512,512,6fb3f323f6e9fa3b3103f8ea08f4cbb87ed3f4b0e0261ec9b8cd45776a843c14
Coffee and Tea Makers,coffee_and_tea_makers,coffee_and_tea_makers_0038.jpg,coffee_and_tea_makers/coffee_and_tea_makers_0038.jpg,external_source/coffee_and_tea_makers/90358976.jpg,512,512,7af89243848e4352717d2f32d50fc65f020331dea180ff7c4b849bedebe008a8
Coffee and Tea Makers,coffee_and_tea_makers,coffee_and_tea_makers_0039.jpg,coffee_and_tea_makers/coffee_and_tea_makers_0039.jpg,external_source/coffee_and_tea_makers/90360234.jpg,512,512,82fffc1e1c1d67199c1ea263cac711615a82a4b87b78e2bb95e18da8c400f626
Desks,desks,desks_0001.jpg,desks/desks_0001.jpg,external_source/desks/00214157.jpg,512,512,e2967eef23899ecc80518b7302b60c8b9ef6a4358ee85469bfcf90be9b207eaa
Desks,desks,desks_0002.jpg,desks/desks_0002.jpg,external_source/desks/00250249.jpg,512,512,588b08d1e9db8b88f39a296a50c87aaafec68cd74909fd4f7e033617254e8293
Desks,desks,desks_0003.jpg,desks/desks_0003.jpg,external_source/desks/00361940.jpg,512,512,892588e1fd5130af8986d84354b3a572bed5b4a193c87eabd13e093cafebe03d
Desks,desks,desks_0004.jpg,desks/desks_0004.jpg,external_source/desks/09903014.jpg,512,512,480bc8acfab06ccc2ed5a37b996bc53ffe5e85326642b7a81c9f3c45c8c58210
Desks,desks,desks_0005.jpg,desks/desks_0005.jpg,external_source/desks/10244743.jpg,512,512,8722da43539ed9809475ec6419e5d7a38e597a30caf5f34ba0572136dc4198e0
Desks,desks,desks_0006.jpg,desks/desks_0006.jpg,external_source/desks/10245709.jpg,512,512,d771234fe268ba3e12510e0a3a579bfdd29cf1ada548720a3993c93be499d4b5
Desks,desks,desks_0007.jpg,desks/desks_0007.jpg,external_source/desks/10363217.jpg,512,512,35a6fec85a4092fc38d9340da2534916d46841c6e45578d6c867da364fc3124d
Desks,desks,desks_0008.jpg,desks/desks_0008.jpg,external_source/desks/19046550.jpg,512,512,02725536817c1236e2870385f4195af74be7abcea80ced8a6b6f06e997083ba5
Desks,desks,desks_0009.jpg,desks/desks_0009.jpg,external_source/desks/19123063.jpg,512,512,06fb15934c92d14e7901ffd4c9718b15f5b99ba68065cc56094d850f49d3811f
Desks,desks,desks_0010.jpg,desks/desks_0010.jpg,external_source/desks/19222299.jpg,512,512,094ab63cc69a1cb0d25a7373db2be0eecde29e1d6654e4804bcf7118c966da73
Desks,desks,desks_0011.jpg,desks/desks_0011.jpg,external_source/desks/20244747.jpg,512,512,f4895857b5c91fd312eee62630b8c05131627032735616e25937371287528f3b
Desks,desks,desks_0012.jpg,desks/desks_0012.jpg,external_source/desks/20327506.jpg,512,512,4bca81d8a36eaf5e87c6dcd4f69cfa7ee11dcb9bd8838bb0c55cf12a21373945
Desks,desks,desks_0013.jpg,desks/desks_0013.jpg,external_source/desks/20351742.jpg,512,512,e55c8a0f71b8ccbb3e1d60c4fd93451c535dfafbe268852d19641a21ca3c7f1c
Desks,desks,desks_0014.jpg,desks/desks_0014.jpg,external_source/desks/20359823.jpg,512,512,3e8b4124892779eb16bb6c5bfa8ee89099acd9d32f592af87287b8d29d6a64c0
Desks,desks,desks_0015.jpg,desks/desks_0015.jpg,external_source/desks/20442827.jpg,512,512,39bfa7026af432b5618bf7a0a3dda4630c1d6554c694f4ef7b1031671b9777ca
Desks,desks,desks_0016.jpg,desks/desks_0016.jpg,external_source/desks/29084966.jpg,512,512,ca89c20343a1f80ae2b62dcfe91c203e8ea3d6379d6b9484fe92e8e95ee06b61
Desks,desks,desks_0017.jpg,desks/desks_0017.jpg,external_source/desks/29123072.jpg,512,512,eac7747b17551aa4c51e6fd26fda908298d2c72fcdc5d31ab5659878e54b65ea
Desks,desks,desks_0018.jpg,desks/desks_0018.jpg,external_source/desks/30213076.jpg,512,512,644cf4b0428984d9beccc1e9c3886181734b5ee624d2c713aca427b140ec951f
Desks,desks,desks_0019.jpg,desks/desks_0019.jpg,external_source/desks/30245713.jpg,512,512,6fc8325380565127add030a30a43e5686556e0ee40ff07bade1522b692b04e51
Desks,desks,desks_0020.jpg,desks/desks_0020.jpg,external_source/desks/30299070.jpg,512,512,6f7714770ef608dae150b77a2424d5ef499dada5b6565c815891eb4aea5b0664
Desks,desks,desks_0021.jpg,desks/desks_0021.jpg,external_source/desks/30299485.jpg,512,512,04b9def5b7804ae302119c9f63e9af94e60b4a3320918ddd37c0a234cd317a67
Desks,desks,desks_0022.jpg,desks/desks_0022.jpg,external_source/desks/30302299.jpg,512,512,e22deffb377bd8fefe13d4ccd59de11577d3066b76e9ceca364a8e26e0d453ec
Desks,desks,desks_0023.jpg,desks/desks_0023.jpg,external_source/desks/30339735.jpg,512,512,2b17925ae55ca5636f40a09133dba95d17e3372d4269cc1fa0b95a4f999b413a
Desks,desks,desks_0024.jpg,desks/desks_0024.jpg,external_source/desks/30361934.jpg,512,512,62d4d32e1527375c7d6900515b17e64ad5c33d45844e815abd536fd479fc8893
Desks,desks,desks_0025.jpg,desks/desks_0025.jpg,external_source/desks/39046549.jpg,512,512,72c9cf3e996290037e7033deb5406483640dfcc7761c702e24c0beba87532ac4
Desks,desks,desks_0026.jpg,desks/desks_0026.jpg,external_source/desks/39046554.jpg,512,512,993ffd175d77ed881917dd4bbc64f376eb2cc59fd2b93c23196820e114b56fa6
Desks,desks,desks_0027.jpg,desks/desks_0027.jpg,external_source/desks/40260717.jpg,512,512,7e3eafc266129dad1c6fe526d9b818a1140ad8ff71d927d959f25fcfbc5f71f8
Desks,desks,desks_0028.jpg,desks/desks_0028.jpg,external_source/desks/49084965.jpg,512,512,5df21aa71cfc2a028852f67a78b49215a69ad2117138474354f5e6de9f1649d4
Desks,desks,desks_0029.jpg,desks/desks_0029.jpg,external_source/desks/49133616.jpg,512,512,75c40775e27a77c10788eeec65c8f9df33c123f8f91f0fda917d59e27641f3af
Desks,desks,desks_0030.jpg,desks/desks_0030.jpg,external_source/desks/50244741.jpg,512,512,f9e6830fc3d840a6c1b92004cb5103e02487019c58171b10099450730d8e2d0d
Desks,desks,desks_0031.jpg,desks/desks_0031.jpg,external_source/desks/50250713.jpg,512,512,048fd8a30ffbf003af324893c52b25bd907aab958f865e88e597d4d2588997bc
Desks,desks,desks_0032.jpg,desks/desks_0032.jpg,external_source/desks/50304990.jpg,512,512,f9dac09a422206f48dfa435390f4cab734038858d7bf7efbd5cea017e05abd01
Desks,desks,desks_0033.jpg,desks/desks_0033.jpg,external_source/desks/50359826.jpg,512,512,f7f20def692088929dea3427adf63e2590aafbcb45d2b3b65129feb689486ac5
Desks,desks,desks_0034.jpg,desks/desks_0034.jpg,external_source/desks/50363220.jpg,512,512,782bf0771a112aff242f0e71b8742711d409825d40055cbb4bea158382aa3496
Desks,desks,desks_0035.jpg,desks/desks_0035.jpg,external_source/desks/59046553.jpg,512,512,2dde6430726c147ce57527f3e1d5af633c190d8229474a74139e2f930b6f27ad
Desks,desks,desks_0036.jpg,desks/desks_0036.jpg,external_source/desks/59123061.jpg,512,512,509cecaddda76bedc95a40a3e78d2e52188a99a21959869220ffede5ce294ffd
Desks,desks,desks_0037.jpg,desks/desks_0037.jpg,external_source/desks/60214159.jpg,512,512,9da4529bb814e04e274df665e25f49fbdde201823b6c4b1e7714b579f336509d
Desks,desks,desks_0038.jpg,desks/desks_0038.jpg,external_source/desks/60214183.jpg,512,512,659a65454ffa3a9e86ecdc00d23b3b37664682c96f7bea07edc6d70fb8a9dfc9
Desks,desks,desks_0039.jpg,desks/desks_0039.jpg,external_source/desks/60244745.jpg,512,512,9945547cabcb85734cd906c602514bf2bff96236459cae805b33426f9c599780
Desks,desks,desks_0040.jpg,desks/desks_0040.jpg,external_source/desks/60245721.jpg,512,512,a6c23460c251edaacfca018e25bdda4af133054925e7ca2095dcde2b7659a4ab
Desks,desks,desks_0041.jpg,desks/desks_0041.jpg,external_source/desks/60261037.jpg,512,512,0cce4e800b6e851ed44af27219927e7ba43142fcfbf020a6e881c3e6e786791c
Desks,desks,desks_0042.jpg,desks/desks_0042.jpg,external_source/desks/69123070.jpg,512,512,1846fd8708db1d4f3a3144f24d2a69296e24d09cade0f6bce3d2551843cb871b
Desks,desks,desks_0043.jpg,desks/desks_0043.jpg,external_source/desks/69162599.jpg,512,512,b61a373c653a25aea45698971434fdb014580abec6eb7959a6e4f7e8886e75ae
Desks,desks,desks_0044.jpg,desks/desks_0044.jpg,external_source/desks/70214192.jpg,512,512,55b699092ba7355449b498f43c2ae83aadae9888df139eb730524b3f5a0fd6a2
Desks,desks,desks_0045.jpg,desks/desks_0045.jpg,external_source/desks/70245339.jpg,512,512,ebb724f25d746c5d604b0f5b8853b6f5acb553665a15c24caafe5883cab44232
Desks,desks,desks_0046.jpg,desks/desks_0046.jpg,external_source/desks/70245725.jpg,512,512,80f4b9bf82f7d91f3ec5026ddbdbd69499070563df17836887599adb9b1fe531
Desks,desks,desks_0047.jpg,desks/desks_0047.jpg,external_source/desks/80213074.jpg,512,512,e26c391562935660e76803b50df4f89c138fff9cac6206d0e29e934b0c1f396a
Desks,desks,desks_0048.jpg,desks/desks_0048.jpg,external_source/desks/80221352.jpg,512,512,52936679b4ccd152e1780617de8d10116d9d2cd9c6ed9505195bf93b2fd7b9f5
Desks,desks,desks_0049.jpg,desks/desks_0049.jpg,external_source/desks/89133681.jpg,512,512,fef688a9f412d73401cc2dab288e02423942a4ac549a83cf0b48eb198e7df644
Desks,desks,desks_0050.jpg,desks/desks_0050.jpg,external_source/desks/90214308.jpg,512,512,095be1f4f9cac3e60342c39ebe6941d6aa48c3aea6db3114b51a397e27f17059
Desks,desks,desks_0051.jpg,desks/desks_0051.jpg,external_source/desks/90278277.jpg,512,512,a8a56e920b23af9d4ad3acbe715bd1b2bb519404b811583267ab7c483baf39a9
Desks,desks,desks_0052.jpg,desks/desks_0052.jpg,external_source/desks/90363223.jpg,512,512,72cdcd7e49fcfbdcc00ee5a9b694214be5e8e7e47a66107c68fec9cc66353999
Desks,desks,desks_0053.jpg,desks/desks_0053.jpg,external_source/desks/90409607.jpg,512,512,5bc628890cadad07f79e3094c94a7cf8d7e339b2712c26f214f056869f1331aa
Desks,desks,desks_0054.jpg,desks/desks_0054.jpg,external_source/desks/90442824.jpg,512,512,72c925de050b8f708a0e7f20247a271912bdfb3ff11b75467fe66db01eb1e7ac
Kitchen Taps and Sinks,kitchen_taps_and_sinks,kitchen_taps_and_sinks_0001.jpg,kitchen_taps_and_sinks/kitchen_taps_and_sinks_0001.jpg,external_source/kitchen_taps_and_sinks/00031841.jpg,512,512,544af2777e1f3c78174327439fe49709706d83bc1ce164f5002300f7896c0e8b
Kitchen Taps and Sinks,kitchen_taps_and_sinks,kitchen_taps_and_sinks_0002.jpg,kitchen_taps_and_sinks/kitchen_taps_and_sinks_0002.jpg,external_source/kitchen_taps_and_sinks/00244084.jpg,512,512,4b26e787dc2b702a80eeb51e8dbdb6aa732090bb30eee3f1605c8cec02527f3e
Kitchen Taps and Sinks,kitchen_taps_and_sinks,kitchen_taps_and_sinks_0003.jpg,kitchen_taps_and_sinks/kitchen_taps_and_sinks_0003.jpg,external_source/kitchen_taps_and_sinks/00315175.jpg,512,512,dd8e7c4cac2e24b2cc3b3b52bccb69e3018902c44b1965839ea8572f1667af1e
Kitchen Taps and Sinks,kitchen_taps_and_sinks,kitchen_taps_and_sinks_0004.jpg,kitchen_taps_and_sinks/kitchen_taps_and_sinks_0004.jpg,external_source/kitchen_taps_and_sinks/00339713.jpg,512,512,4c52f7efd50ccfadef000ea89c29a7bc28354d923bd85d92828f49ad8176bf17
Kitchen Taps and Sinks,kitchen_taps_and_sinks,kitchen_taps_and_sinks_0005.jpg,kitchen_taps_and_sinks/kitchen_taps_and_sinks_0005.jpg,external_source/kitchen_taps_and_sinks/00388256.jpg,512,512,3f5bffa76146b9e31778e88ee382dc3730f0ec08aa5b23fe28b54237883ad32d
Kitchen Taps and Sinks,kitchen_taps_and_sinks,kitchen_taps_and_sinks_0006.jpg,kitchen_taps_and_sinks/kitchen_taps_and_sinks_0006.jpg,external_source/kitchen_taps_and_sinks/00455161.jpg,512,512,dd6a999b88897cbcef54816b1cacd883fb6e1f98bef0c24bc884a6ad99ca5866
Kitchen Taps and Sinks,kitchen_taps_and_sinks,kitchen_taps_and_sinks_0007.jpg,kitchen_taps_and_sinks/kitchen_taps_and_sinks_0007.jpg,external_source/kitchen_taps_and_sinks/10085027.jpg,512,512,82f37688a1b0883c3be8d82654bfda5e33333bc65f75962fce02822f610160da
Kitchen Taps and Sinks,kitchen_taps_and_sinks,kitchen_taps_and_sinks_0008.jpg,kitchen_taps_and_sinks/kitchen_taps_and_sinks_0008.jpg,external_source/kitchen_taps_and_sinks/10311539.jpg,512,512,4c8b9fa6be2112a0592e1b6a17f424e80431867c6a3d44adf646330786f263f1
Kitchen Taps and Sinks,kitchen_taps_and_sinks,kitchen_taps_and_sinks_0009.jpg,kitchen_taps_and_sinks/kitchen_taps_and_sinks_0009.jpg,external_source/kitchen_taps_and_sinks/10314284.jpg,512,512,603ff1a8539e907143f4954fec1c50324eef3582cf3146d2656b942660ec4287
Kitchen Taps and Sinks,kitchen_taps_and_sinks,kitchen_taps_and_sinks_0010.jpg,kitchen_taps_and_sinks/kitchen_taps_and_sinks_0010.jpg,external_source/kitchen_taps_and_sinks/10314298.jpg,512,512,99fab47728c440c38e18f514ee0f8e8f0d3acdf4e49f5eedb95bab581d084d5a
Kitchen Taps and Sinks,kitchen_taps_and_sinks,kitchen_taps_and_sinks_0011.jpg,kitchen_taps_and_sinks/kitchen_taps_and_sinks_0011.jpg,external_source/kitchen_taps_and_sinks/10315165.jpg,512,512,6568440b7be47be4f2a94a76f3cb0a803cf051c846bef49b3115a7dadde958e9
Kitchen Taps and Sinks,kitchen_taps_and_sinks,kitchen_taps_and_sinks_0012.jpg,kitchen_taps_and_sinks/kitchen_taps_and_sinks_0012.jpg,external_source/kitchen_taps_and_sinks/20317852.jpg,512,512,7c393ed8a31f46c3485c9e0a0872452f097674d61204b4acdd6da092f4d3b75b
Kitchen Taps and Sinks,kitchen_taps_and_sinks,kitchen_taps_and_sinks_0013.jpg,kitchen_taps_and_sinks/kitchen_taps_and_sinks_0013.jpg,external_source/kitchen_taps_and_sinks/20341654.jpg,512,512,da3ba4a771247c73875c69371b8eab7e57dbc430cf8148edb69c67869e386f34
Kitchen Taps and Sinks,kitchen_taps_and_sinks,kitchen_taps_and_sinks_0014.jpg,kitchen_taps_and_sinks/kitchen_taps_and_sinks_0014.jpg,external_source/kitchen_taps_and_sinks/20341692.jpg,512,512,8e042bf7d5948c1a2a36cc9b2dc1b2385023e743bd2ffd592b4ff5978af7c903
Kitchen Taps and Sinks,kitchen_taps_and_sinks,kitchen_taps_and_sinks_0015.jpg,kitchen_taps_and_sinks/kitchen_taps_and_sinks_0015.jpg,external_source/kitchen_taps_and_sinks/20341871.jpg,512,512,462905d664092cd99a1c9fb958da9ad3f8828d438bd071dc356a935d82fe331b
Kitchen Taps and Sinks,kitchen_taps_and_sinks,kitchen_taps_and_sinks_0016.jpg,kitchen_taps_and_sinks/kitchen_taps_and_sinks_0016.jpg,external_source/kitchen_taps_and_sinks/20359229.jpg,512,512,8a9b3c28034b956e7ab2f031fb7640f184c507d8581100fe3754efab8a6277d3
Kitchen Taps and Sinks,kitchen_taps_and_sinks,kitchen_taps_and_sinks_0017.jpg,kitchen_taps_and_sinks/kitchen_taps_and_sinks_0017.jpg,external_source/kitchen_taps_and_sinks/20457381.jpg,512,512,893159cce531a080ead8fd55c50f34df9de17c0d7b7c2c4509c0309f3c0cd797
Kitchen Taps and Sinks,kitchen_taps_and_sinks,kitchen_taps_and_sinks_0018.jpg,kitchen_taps_and_sinks/kitchen_taps_and_sinks_0018.jpg,external_source/kitchen_taps_and_sinks/28512100.jpg,512,512,5add752ebab5ad2f664a1920e98cf40f61c6fc60ec0e69190ad8b17e65aefaea
Kitchen Taps and Sinks,kitchen_taps_and_sinks,kitchen_taps_and_sinks_0019.jpg,kitchen_taps_and_sinks/kitchen_taps_and_sinks_0019.jpg,external_source/kitchen_taps_and_sinks/30247180.jpg,512,512,85de1b4662eeb14f1ff71f668b1403d802eb5a2f8110cba8671defb4f45e5fa4
Kitchen Taps and Sinks,kitchen_taps_and_sinks,kitchen_taps_and_sinks_0020.jpg,kitchen_taps_and_sinks/kitchen_taps_and_sinks_0020.jpg,external_source/kitchen_taps_and_sinks/30315169.jpg,512,512,2f63c7cabffc8607c7a28aa4b466a8b037889be2a16f67cbbaa513747de27e4a
Kitchen Taps and Sinks,kitchen_taps_and_sinks,kitchen_taps_and_sinks_0021.jpg,kitchen_taps_and_sinks/kitchen_taps_and_sinks_0021.jpg,external_source/kitchen_taps_and_sinks/30315174.jpg,512,512,9560a63369219f6cd02cdf7eb56eee0e8d478a13eb46144408b8ac8b29e88cbf
Kitchen Taps and Sinks,kitchen_taps_and_sinks,kitchen_taps_and_sinks_0022.jpg,kitchen_taps_and_sinks/kitchen_taps_and_sinks_0022.jpg,external_source/kitchen_taps_and_sinks/40305947.jpg,512,512,01d6dcf6d1f084456f0b485a9ac12a8f072c74269f5f2db80010c18d6cd321d1
Kitchen Taps and Sinks,kitchen_taps_and_sinks,kitchen_taps_and_sinks_0023.jpg,kitchen_taps_and_sinks/kitchen_taps_and_sinks_0023.jpg,external_source/kitchen_taps_and_sinks/40315164.jpg,512,512,d682f4d4d7016fb1e00cb84c8341de405f4ef330e675820193144bf0d745bb66
Kitchen Taps and Sinks,kitchen_taps_and_sinks,kitchen_taps_and_sinks_0024.jpg,kitchen_taps_and_sinks/kitchen_taps_and_sinks_0024.jpg,external_source/kitchen_taps_and_sinks/40315178.jpg,512,512,7be95b841109542d1c3017f32182aca7de71fa99ada75318461b593eac6b07b3
Kitchen Taps and Sinks,kitchen_taps_and_sinks,kitchen_taps_and_sinks_0025.jpg,kitchen_taps_and_sinks/kitchen_taps_and_sinks_0025.jpg,external_source/kitchen_taps_and_sinks/40455159.jpg,512,512,d5f5500102d23efc4c52835877795c0afb448ea4593478786802ce192a184d64
Kitchen Taps and Sinks,kitchen_taps_and_sinks,kitchen_taps_and_sinks_0026.jpg,kitchen_taps_and_sinks/kitchen_taps_and_sinks_0026.jpg,external_source/kitchen_taps_and_sinks/50202133.jpg,512,512,cba17592952534da78aec38466b3f3c77507407046faa9f7265c9a9b19711fb4
Kitchen Taps and Sinks,kitchen_taps_and_sinks,kitchen_taps_and_sinks_0027.jpg,kitchen_taps_and_sinks/kitchen_taps_and_sinks_0027.jpg,external_source/kitchen_taps_and_sinks/50305292.jpg,512,512,1cdaa4c9b985320da2437e6d5ba49083efb271c01a5c46c8eadbf3954d8fb529
Kitchen Taps and Sinks,kitchen_taps_and_sinks,kitchen_taps_and_sinks_0028.jpg,kitchen_taps_and_sinks/kitchen_taps_and_sinks_0028.jpg,external_source/kitchen_taps_and_sinks/50315168.jpg,512,512,28e1719ed387267bcc2506dfdac4155084ff9c5c6971ee70ba6e67410e26668b
Kitchen Taps and Sinks,kitchen_taps_and_sinks,kitchen_taps_and_sinks_0029.jpg,kitchen_taps_and_sinks/kitchen_taps_and_sinks_0029.jpg,external_source/kitchen_taps_and_sinks/50315173.jpg,512,512,28e6844d05ef42902e65b040e549d7ec1378faec347cc922e42b3bb2773d9fb8
Kitchen Taps and Sinks,kitchen_taps_and_sinks,kitchen_taps_and_sinks_0030.jpg,kitchen_taps_and_sinks/kitchen_taps_and_sinks_0030.jpg,external_source/kitchen_taps_and_sinks/50370126.jpg,512,512,405475e293b0eadf72725e02229e9ea40abe3e2b8a7f7ab9678bba4ac8f91ed8
Kitchen Taps and Sinks,kitchen_taps_and_sinks,kitchen_taps_and_sinks_0031.jpg,kitchen_taps_and_sinks/kitchen_taps_and_sinks_0031.jpg,external_source/kitchen_taps_and_sinks/60303551.jpg,512,512,02bc92a99692c2eb5cb9f3e02e9f6e5c7dec4802bf29e9c0823a7f5953edf32d
Kitchen Taps and Sinks,kitchen_taps_and_sinks,kitchen_taps_and_sinks_0032.jpg,kitchen_taps_and_sinks/kitchen_taps_and_sinks_0032.jpg,external_source/kitchen_taps_and_sinks/60315163.jpg,512,512,0e3582ae938c129165dcda11240036c8598ea574b1e08fa861e9f49b61c430d8
Kitchen Taps and Sinks,kitchen_taps_and_sinks,kitchen_taps_and_sinks_0033.jpg,kitchen_taps_and_sinks/kitchen_taps_and_sinks_0033.jpg,external_source/kitchen_taps_and_sinks/60315177.jpg,512,512,03747d954552640520819c5318f63f2f9c5c9a769bc9f6bdfc0645acfc294be1
Kitchen Taps and Sinks,kitchen_taps_and_sinks,kitchen_taps_and_sinks_0034.jpg,kitchen_taps_and_sinks/kitchen_taps_and_sinks_0034.jpg,external_source/kitchen_taps_and_sinks/60374360.jpg,512,512,bdd1ee9117796f932d674fdf51001631fac32cfed690835129fa7b5eff487ac9
Kitchen Taps and Sinks,kitchen_taps_and_sinks,kitchen_taps_and_sinks_0035.jpg,kitchen_taps_and_sinks/kitchen_taps_and_sinks_0035.jpg,external_source/kitchen_taps_and_sinks/70213480.jpg,512,512,71267003f151c26d2dcdab6bbca33cb1be630d450d289ce45e844338eab259ba
Kitchen Taps and Sinks,kitchen_taps_and_sinks,kitchen_taps_and_sinks_0036.jpg,kitchen_taps_and_sinks/kitchen_taps_and_sinks_0036.jpg,external_source/kitchen_taps_and_sinks/70305941.jpg,512,512,a93dd8b11c37079e7b64a855af9179556f11b35de857deec8fcc5ee28a76391e
Kitchen Taps and Sinks,kitchen_taps_and_sinks,kitchen_taps_and_sinks_0037.jpg,kitchen_taps_and_sinks/kitchen_taps_and_sinks_0037.jpg,external_source/kitchen_taps_and_sinks/70311541.jpg,512,512,fdcf5380f89e2214ae200baddfd2322c15d557b896021ccaea998fb8a92e2d85
Kitchen Taps and Sinks,kitchen_taps_and_sinks,kitchen_taps_and_sinks_0038.jpg,kitchen_taps_and_sinks/kitchen_taps_and_sinks_0038.jpg,external_source/kitchen_taps_and_sinks/70315167.jpg,512,512,0f8e52f7f9db792c844481afde686e2eaaecb93602ede715a17b02758ddc0fa4
Kitchen Taps and Sinks,kitchen_taps_and_sinks,kitchen_taps_and_sinks_0039.jpg,kitchen_taps_and_sinks/kitchen_taps_and_sinks_0039.jpg,external_source/kitchen_taps_and_sinks/70315172.jpg,512,512,c255df414c407190d1ef895b2866c0d403e076ebc755121b11ed16f416f44d00
Kitchen Taps and Sinks,kitchen_taps_and_sinks,kitchen_taps_and_sinks_0040.jpg,kitchen_taps_and_sinks/kitchen_taps_and_sinks_0040.jpg,external_source/kitchen_taps_and_sinks/70341680.jpg,512,512,50e680a8b4ef9c983cf1d018ae02914276572c1a2253f04563c9eff9f2a7be68
Kitchen Taps and Sinks,kitchen_taps_and_sinks,kitchen_taps_and_sinks_0041.jpg,kitchen_taps_and_sinks/kitchen_taps_and_sinks_0041.jpg,external_source/kitchen_taps_and_sinks/70374374.jpg,512,512,e99fe6a9acc9f50e38a3c0a40035cbb82a611422915e59e0e0c12f0393a8e358
Kitchen Taps and Sinks,kitchen_taps_and_sinks,kitchen_taps_and_sinks_0042.jpg,kitchen_taps_and_sinks/kitchen_taps_and_sinks_0042.jpg,external_source/kitchen_taps_and_sinks/80031861.jpg,512,512,6c8b41bd56ea4525ca85dce59f5f78926bc607deaddf5c90be6c0b834a667882
Kitchen Taps and Sinks,kitchen_taps_and_sinks,kitchen_taps_and_sinks_0043.jpg,kitchen_taps_and_sinks/kitchen_taps_and_sinks_0043.jpg,external_source/kitchen_taps_and_sinks/80303550.jpg,512,512,26d41a13fc66f5b9e2adb04ac936e7ae463bfe0a7fa5e11f9502f5c1a83b7385
Kitchen Taps and Sinks,kitchen_taps_and_sinks,kitchen_taps_and_sinks_0044.jpg,kitchen_taps_and_sinks/kitchen_taps_and_sinks_0044.jpg,external_source/kitchen_taps_and_sinks/80314285.jpg,512,512,556e318140443fb5df1df87c1d53b45c4a70a030531ebf7356c2ba3706cc7d59
Kitchen Taps and Sinks,kitchen_taps_and_sinks,kitchen_taps_and_sinks_0045.jpg,kitchen_taps_and_sinks/kitchen_taps_and_sinks_0045.jpg,external_source/kitchen_taps_and_sinks/80341646.jpg,512,512,e53420f26af4274cee209bca7476034ed77b36a80591f7057b483cd3e1f664dc
Kitchen Taps and Sinks,kitchen_taps_and_sinks,kitchen_taps_and_sinks_0046.jpg,kitchen_taps_and_sinks/kitchen_taps_and_sinks_0046.jpg,external_source/kitchen_taps_and_sinks/80377843.jpg,512,512,469140bfc57e3d3c80a8bed78f5d6454a62bad25db0328d8d505f1d68a7b1ece
Kitchen Taps and Sinks,kitchen_taps_and_sinks,kitchen_taps_and_sinks_0047.jpg,kitchen_taps_and_sinks/kitchen_taps_and_sinks_0047.jpg,external_source/kitchen_taps_and_sinks/90202126.jpg,512,512,8929e039fd89bb44cabfe5197a40d0bb46d3da18132978c9dee64fe47b568a06
Kitchen Taps and Sinks,kitchen_taps_and_sinks,kitchen_taps_and_sinks_0048.jpg,kitchen_taps_and_sinks/kitchen_taps_and_sinks_0048.jpg,external_source/kitchen_taps_and_sinks/90222619.jpg,512,512,5bfbb23b569ad038bda2961c0ef211035af6a7c8a1a63a357b88573afce573da
Kitchen Taps and Sinks,kitchen_taps_and_sinks,kitchen_taps_and_sinks_0049.jpg,kitchen_taps_and_sinks/kitchen_taps_and_sinks_0049.jpg,external_source/kitchen_taps_and_sinks/90247177.jpg,512,512,efb120590fe91048b4be55c7a4baabb787a61395e5d0393b66868c0bae37fcf8
Kitchen Taps and Sinks,kitchen_taps_and_sinks,kitchen_taps_and_sinks_0050.jpg,kitchen_taps_and_sinks/kitchen_taps_and_sinks_0050.jpg,external_source/kitchen_taps_and_sinks/90305290.jpg,512,512,8d3a8be9a0eb716c8c0a0e256ca53cfa869422f01e9f82223a38b00848edf3c9
Kitchen Taps and Sinks,kitchen_taps_and_sinks,kitchen_taps_and_sinks_0051.jpg,kitchen_taps_and_sinks/kitchen_taps_and_sinks_0051.jpg,external_source/kitchen_taps_and_sinks/90311540.jpg,512,512,e8bf17536c873ac66bc6a4f4a3a217e2154aa77c132480e152200d32c18938c4
Kitchen Taps and Sinks,kitchen_taps_and_sinks,kitchen_taps_and_sinks_0052.jpg,kitchen_taps_and_sinks/kitchen_taps_and_sinks_0052.jpg,external_source/kitchen_taps_and_sinks/90314280.jpg,512,512,2513721c557246ae2dde87b5e03a8bff26a490e825c66236132bba569d20d23e
Kitchen Taps and Sinks,kitchen_taps_and_sinks,kitchen_taps_and_sinks_0053.jpg,kitchen_taps_and_sinks/kitchen_taps_and_sinks_0053.jpg,external_source/kitchen_taps_and_sinks/90315171.jpg,512,512,c0f67bc01df7bb5ae7cadecc77f34ebf39479e12528a464f20b352a826e1c8e2
Kitchen Taps and Sinks,kitchen_taps_and_sinks,kitchen_taps_and_sinks_0054.jpg,kitchen_taps_and_sinks/kitchen_taps_and_sinks_0054.jpg,external_source/kitchen_taps_and_sinks/90359216.jpg,512,512,090480ce8d637a3c6760a1f5238e9a9d28699a5001708070cf549c68e259d5f6
Showers,showers,showers_0001.jpg,showers/showers_0001.jpg,external_source/showers/00342541.jpg,512,512,894cd077831dfee4559f20afa66c1b33af6fa48d824c7d8fbb1b0135a26f1ff2
Showers,showers,showers_0002.jpg,showers/showers_0002.jpg,external_source/showers/10342545.jpg,512,512,aad53f341958456857f7ed5bc63923bb21718463031f27464041f955d12d73f5
Showers,showers,showers_0003.jpg,showers/showers_0003.jpg,external_source/showers/10349655.jpg,512,512,e1b9982baa103ec9f5f54e6e02d7e56845755a5f9feee6e11049790d27b6ffd5
Showers,showers,showers_0004.jpg,showers/showers_0004.jpg,external_source/showers/10349660.jpg,512,512,b068b81363af9a5fee4cf4030c091ebe102c172429aad20feb14afa5fd8f0627
Showers,showers,showers_0005.jpg,showers/showers_0005.jpg,external_source/showers/20342535.jpg,512,512,08e51144b3bcd86b1938c845c451fdb23d88fc49ceed139798e80894e826ca85
Showers,showers,showers_0006.jpg,showers/showers_0006.jpg,external_source/showers/20342578.jpg,512,512,88992e3a71a673dcedc42e161a475c3c9c1e4a7b950eb860cfaa9190de3855a1
Showers,showers,showers_0007.jpg,showers/showers_0007.jpg,external_source/showers/20342583.jpg,512,512,45287bf7c8b5e36a7b6c9bc3b07a5b57ed01e0d326eb9a53d39ce5df3f9bdd92
Showers,showers,showers_0008.jpg,showers/showers_0008.jpg,external_source/showers/20349650.jpg,512,512,12744dd1e61b366199ac97ca25ae37a2839f0766405380091f94f466872ed905
Showers,showers,showers_0009.jpg,showers/showers_0009.jpg,external_source/showers/30342587.jpg,512,512,b5e04cbdcab07d54f1db8cd9edf5647f3d160a681750b28fa8ae23df422c7503
Showers,showers,showers_0010.jpg,showers/showers_0010.jpg,external_source/showers/30342629.jpg,512,512,c7e7e807347fc5e42ae923ebb3fa74ed97e1f666a9fe651e852557ddb62afcc4
Showers,showers,showers_0011.jpg,showers/showers_0011.jpg,external_source/showers/40342539.jpg,512,512,8c186e706d76f1a9888a571b32e603a5fdc40169566429a8086dc6ecd96cd800
Showers,showers,showers_0012.jpg,showers/showers_0012.jpg,external_source/showers/40342544.jpg,512,512,889dc1b4d344b5a05110aaa3ea72d7dec59bfff5c65a50a2d7167c2b31b63d7f
Showers,showers,showers_0013.jpg,showers/showers_0013.jpg,external_source/showers/40342600.jpg,512,512,d7fc37b378ec2bbdc8863b72813296dc948a8680d9cac32285532b3e3ab0538c
Showers,showers,showers_0014.jpg,showers/showers_0014.jpg,external_source/showers/50342591.jpg,512,512,73d50830e7d1b8ea250915ceafb2140a3e3e4abf3ea8743ca17395a0b88f52b0
Showers,showers,showers_0015.jpg,showers/showers_0015.jpg,external_source/showers/60342543.jpg,512,512,e618ef66e7b304291be6efd8a7430e09fe3d7ef53611a290dd5aebd1da2da49d
Showers,showers,showers_0016.jpg,showers/showers_0016.jpg,external_source/showers/60342595.jpg,512,512,5e97c114fabb8cfb79ffb9bb133b6ac09d9b906aa5531c8f03b8b10badb03df9
Showers,showers,showers_0017.jpg,showers/showers_0017.jpg,external_source/showers/70342608.jpg,512,512,fb6a6235c6b2a2c2634c195a43cf55515069708dafaa6b9d6b536b5f1f4c101c
Showers,showers,showers_0018.jpg,showers/showers_0018.jpg,external_source/showers/70342613.jpg,512,512,b6b2ea55fe2350cffd79851cddab858e2f897ffade990f9a519bc98cf88d60eb
Showers,showers,showers_0019.jpg,showers/showers_0019.jpg,external_source/showers/70390562.jpg,512,512,02aaa1dd26e58b31e407185da74a8a8cada9dc9773471cd629c94f6f070230cc
Showers,showers,showers_0020.jpg,showers/showers_0020.jpg,external_source/showers/90342546.jpg,512,512,7669ac94371fa68e94a361dfd5c9a53888f7afa4de4053b649f41a8507e8c50d
SoftToys,softtoys,softtoys_0001.jpg,softtoys/softtoys_0001.jpg,external_source/softtoys/00132798.jpg,512,512,2fe8cc677fca48f64b2d882bee95a008c7d7bf51a81d3cdd3fbfeec614d5c495
SoftToys,softtoys,softtoys_0002.jpg,softtoys/softtoys_0002.jpg,external_source/softtoys/00141401.jpg,512,512,98df28e0dc16a681a1b9daf9ec00e246cd317cd4fedfc175f08f71fdfc0752c0
SoftToys,softtoys,softtoys_0003.jpg,softtoys/softtoys_0003.jpg,external_source/softtoys/00260451.jpg,512,512,0a71967ed89b2e45faad5596f42ba1bde9d1335bbecc1b921e3c9dec50d94ebb
SoftToys,softtoys,softtoys_0004.jpg,softtoys/softtoys_0004.jpg,external_source/softtoys/00402808.jpg,512,512,a07898aa0facd595bd4305b309c7e85a1103452f5f73b070750bc43a9550093b
SoftToys,softtoys,softtoys_0005.jpg,softtoys/softtoys_0005.jpg,external_source/softtoys/00402813.jpg,512,512,4aef9ad0383ee765fd644055efbe72569d4308141c766c541b61b99c55dad4d7
SoftToys,softtoys,softtoys_0006.jpg,softtoys/softtoys_0006.jpg,external_source/softtoys/00442357.jpg,512,512,81c78efa24ea0780e6cf97c3c0544d77cf327f88bd1e9c8946be2d99edc54242
SoftToys,softtoys,softtoys_0007.jpg,softtoys/softtoys_0007.jpg,external_source/softtoys/10132788.jpg,512,512,f35d183a02e0504a6b1aa7b6919697da2ffec2452732257ef3bb59f07a5485fe
SoftToys,softtoys,softtoys_0008.jpg,softtoys/softtoys_0008.jpg,external_source/softtoys/10376856.jpg,512,512,af7787ea05ad5e3c47afc5274d0553bb6ea68c48a6410a0219839dc45f49a574
SoftToys,softtoys,softtoys_0009.jpg,softtoys/softtoys_0009.jpg,external_source/softtoys/20260445.jpg,512,512,7d73c2d7dd0363660e72d1afb76fc017cf25f3a6189e6d266130c77a7077306f
SoftToys,softtoys,softtoys_0010.jpg,softtoys/softtoys_0010.jpg,external_source/softtoys/20402807.jpg,512,512,a5c29c80fb647bd25310498cdf44b73798f95d1156ae50b1927057ff9caf4c44
SoftToys,softtoys,softtoys_0011.jpg,softtoys/softtoys_0011.jpg,external_source/softtoys/20441187.jpg,512,512,9af3cb64e1e235031895ea01b4f482f42d8ca5a39f6f270bd74d3b35ef0909c0
SoftToys,softtoys,softtoys_0012.jpg,softtoys/softtoys_0012.jpg,external_source/softtoys/20442356.jpg,512,512,9e7104f5cc63ce67eced1ee376b5cdb99c9025ae8dc40ec2355d6fc4fad6db77
SoftToys,softtoys,softtoys_0013.jpg,softtoys/softtoys_0013.jpg,external_source/softtoys/30221316.jpg,512,512,e50adc6fd269c3f71a49bc78abf490a0f95780e8776d576e8d138a98006f7976
SoftToys,softtoys,softtoys_0014.jpg,softtoys/softtoys_0014.jpg,external_source/softtoys/30373588.jpg,512,512,c5511d1a453df33a4a101250ba24306aee1532cc9a9ad5220aa59fb66901a069
SoftToys,softtoys,softtoys_0015.jpg,softtoys/softtoys_0015.jpg,external_source/softtoys/40171472.jpg,512,512,f5d4ac552dd179cebc1da195aff2a856d3ad708b7a7153305a76ee90070def78
SoftToys,softtoys,softtoys_0016.jpg,softtoys/softtoys_0016.jpg,external_source/softtoys/40216084.jpg,512,512,3aa87762aa834a92e68db19a7065fbb65136d891eba5c28a573bc9b76b8af776
SoftToys,softtoys,softtoys_0017.jpg,softtoys/softtoys_0017.jpg,external_source/softtoys/40376850.jpg,512,512,ea188391dca46c3318f3b398a2f46fecd4710fde2519f84de77f06e2d6429b19
SoftToys,softtoys,softtoys_0018.jpg,softtoys/softtoys_0018.jpg,external_source/softtoys/40442341.jpg,512,512,8cc1238f97e4a17bbbbe872c05d532aea6b15d299b565aae9e30383aeb7ddb5a
SoftToys,softtoys,softtoys_0019.jpg,softtoys/softtoys_0019.jpg,external_source/softtoys/40442355.jpg,512,512,01083cf6b9015590601d7069b85c8d8c9cb2adac207431f45d2df4c9a57ce5e9
SoftToys,softtoys,softtoys_0020.jpg,softtoys/softtoys_0020.jpg,external_source/softtoys/50153694.jpg,512,512,bf910f69099f6e9c772f6e32b52eeb52dac53d11e59ade0a28ff70c93e72e814
SoftToys,softtoys,softtoys_0021.jpg,softtoys/softtoys_0021.jpg,external_source/softtoys/50216093.jpg,512,512,ba694b717fded4fd8ee7fd9d9726b4bf59474d7620415566fcdda62278c00d54
SoftToys,softtoys,softtoys_0022.jpg,softtoys/softtoys_0022.jpg,external_source/softtoys/50320056.jpg,512,512,ddb9d7f72299414131520dc7bcd89c4b4ce78cf33ffcd2caf16ab6af75bacb82
SoftToys,softtoys,softtoys_0023.jpg,softtoys/softtoys_0023.jpg,external_source/softtoys/50344335.jpg,512,512,9ec57c8c9ba789d510e5f3547277025a4b88b95c11158309cdb874810fff47e7
SoftToys,softtoys,softtoys_0024.jpg,softtoys/softtoys_0024.jpg,external_source/softtoys/50455234.jpg,512,512,da5b2b966971b7edbfb5e23614e9c180c092427531e4dd773e0171189940587a
SoftToys,softtoys,softtoys_0025.jpg,softtoys/softtoys_0025.jpg,external_source/softtoys/60260448.jpg,512,512,164083b3202aacfc7d85618f51aeb91bc80f793eebaa01ef4c376e081f911c8c
SoftToys,softtoys,softtoys_0026.jpg,softtoys/softtoys_0026.jpg,external_source/softtoys/60364988.jpg,512,512,3661d896093f0181f76a4f0896c13433452849c356c1e130fa24df07abac10f3
SoftToys,softtoys,softtoys_0027.jpg,softtoys/softtoys_0027.jpg,external_source/softtoys/60441213.jpg,512,512,2d9b231a1374e5d9a79e8609b85629ddf68f19f1b118bd296930a1c476bd6c21
SoftToys,softtoys,softtoys_0028.jpg,softtoys/softtoys_0028.jpg,external_source/softtoys/70145472.jpg,512,512,3eb009d3e7d949954ed5f913d2a2701e990ed5f65e3c3310b4502b3745c55ae6
SoftToys,softtoys,softtoys_0029.jpg,softtoys/softtoys_0029.jpg,external_source/softtoys/70298101.jpg,512,512,88e64daa0e02e48aa98f795e158b9bec6011650fa870e55b83301441cfd979a0
SoftToys,softtoys,softtoys_0030.jpg,softtoys/softtoys_0030.jpg,external_source/softtoys/70302645.jpg,512,512,e4a84167c762cb7364e56ad3e6abd3a7c08cdd0bcc539bd911ce82001b312c12
SoftToys,softtoys,softtoys_0031.jpg,softtoys/softtoys_0031.jpg,external_source/softtoys/70373591.jpg,512,512,67a9cc449acd1769d1bbad0d0b94d8d4f97315a22361aeff3fd6d5d32fce4fc4
SoftToys,softtoys,softtoys_0032.jpg,softtoys/softtoys_0032.jpg,external_source/softtoys/70408581.jpg,512,512,9505c8d70f1a794a00c1fc83b4572e2ec641c09f8b3a6f2f16e02bbdd92bcab4
SoftToys,softtoys,softtoys_0033.jpg,softtoys/softtoys_0033.jpg,external_source/softtoys/80402809.jpg,512,512,042a46d9bf0dcc222be538b13d78f7902580dbbed9575e16c2fe65b2d4c1cebc
SoftToys,softtoys,softtoys_0034.jpg,softtoys/softtoys_0034.jpg,external_source/softtoys/80442358.jpg,512,512,a94155f1bff11fd642b6df9e2ab88b0fa3bd56b135633eb9fb83b8a7e0fc11fa
SoftToys,softtoys,softtoys_0035.jpg,softtoys/softtoys_0035.jpg,external_source/softtoys/90260442.jpg,512,512,d0a4fffa48638f9e5c7ef3c97485c2061eccb8fccd43a9e7ef770cedc0fc3f82
SoftToys,softtoys,softtoys_0036.jpg,softtoys/softtoys_0036.jpg,external_source/softtoys/90344201.jpg,512,512,d546ce347a3ec5828c8d75283854f2aa1d649399051b4609a8d4d921c2d0b1be
SoftToys,softtoys,softtoys_0037.jpg,softtoys/softtoys_0037.jpg,external_source/softtoys/90441202.jpg,512,512,1a2c14aa0d8f6b18e3b4e9c39021af23c6dcd4fc87524d59811989c53bfcc4c8
Taps,taps,taps_0001.jpg,taps/taps_0001.jpg,external_source/taps/04560785.jpg,512,512,e4f8ae45b97c901d190130dcd826bcdb2b7e852f9bacccb11a7f0f302952d5fe
Taps,taps,taps_0002.jpg,taps/taps_0002.jpg,external_source/taps/10343093.jpg,512,512,a5e97ad93081990e5ba8d26f433a123d89184602710bcda7024073e27c542795
Taps,taps,taps_0003.jpg,taps/taps_0003.jpg,external_source/taps/10347213.jpg,512,512,fcee534130bf1052370e1b7254f479a820141bea30618e7b45a368980440f82e
Taps,taps,taps_0004.jpg,taps/taps_0004.jpg,external_source/taps/28476300.jpg,512,512,d173fbaa0926d04ba1fc8a2442736cb3f0842c56c63f401b3ac64acc44ff8d61
Taps,taps,taps_0005.jpg,taps/taps_0005.jpg,external_source/taps/30281292.jpg,512,512,a8751c286be597213be8837a2b681fa3d82255ab1eabc02cedcd835a722d8c79
Taps,taps,taps_0006.jpg,taps/taps_0006.jpg,external_source/taps/30343087.jpg,512,512,4d65706b795cc7d557430135a7b7f42280de45179943b193e0326cf2ab213549
Taps,taps,taps_0007.jpg,taps/taps_0007.jpg,external_source/taps/40240017.jpg,512,512,578d61b84065cba12f85af2257ec904a47a814368cb9f4ec6d4405b0b9f7e9cc
Taps,taps,taps_0008.jpg,taps/taps_0008.jpg,external_source/taps/40343063.jpg,512,512,c9a113124a6bd7e0f4e1a393b151a2fd5b1d225afc8de6edc23464817ef9fcdb
Taps,taps,taps_0009.jpg,taps/taps_0009.jpg,external_source/taps/50262122.jpg,512,512,4a8984a57f070c65099177224d618ad853723f36babff69ea659671be534cd67
Taps,taps,taps_0010.jpg,taps/taps_0010.jpg,external_source/taps/50347206.jpg,512,512,ed8ea635c258fb7c49bd59401dd9a1d043c8318b5c903f37291cc4b9c899ab1d
Taps,taps,taps_0011.jpg,taps/taps_0011.jpg,external_source/taps/50400326.jpg,512,512,1b4cdfef14b2cec2d83dd982fc1255484d266e740746996c12ce3ec033e4a03a
Taps,taps,taps_0012.jpg,taps/taps_0012.jpg,external_source/taps/60281380.jpg,512,512,241556e3018b8bb5e57e910b5b8fca1e46a3970f13b3b44078567cafb9190010
Taps,taps,taps_0013.jpg,taps/taps_0013.jpg,external_source/taps/60343057.jpg,512,512,9cbc930941f70ce9a814d4090fd0a4473a61c661e97fdf3219b1639ed5ae4d8a
Taps,taps,taps_0014.jpg,taps/taps_0014.jpg,external_source/taps/60343081.jpg,512,512,451adf95ae2bfa266786dc3b61ea35ec5750acaf2e7448325522de7bb133f525
Taps,taps,taps_0015.jpg,taps/taps_0015.jpg,external_source/taps/70217751.jpg,512,512,6a6f5f6caf52f6b210aaa86f2ae5e70f736f6971fdfca2f23386ae78c2fbc91f
Taps,taps,taps_0016.jpg,taps/taps_0016.jpg,external_source/taps/70400325.jpg,512,512,b5acd7a9c93fca2f2960ae605a2196aa9b3ef1384f34ed06060cf2589e2ee922
Taps,taps,taps_0017.jpg,taps/taps_0017.jpg,external_source/taps/80240015.jpg,512,512,9eb846dab7761d04b23cdbc857d3fee9ea8874c837f6388f07478e594e5ed08f
Taps,taps,taps_0018.jpg,taps/taps_0018.jpg,external_source/taps/80299421.jpg,512,512,6fb5bc09aaf1b063130ebae162178a02c53cce8b7bcf7867c8ccf39ec567454c
Taps,taps,taps_0019.jpg,taps/taps_0019.jpg,external_source/taps/80343075.jpg,512,512,de8adf45aa4705b8b54a5ef1444d2acae8901d163d0d9a94be4cf017597da073
